customer_id,customer_unique_id,customer_zip_code_prefix,customer_city,customer_state
CUST000001,CUNQ000001,13278,aracaju,SE
CUST000002,CUNQ000002,42098,rio branco,AC
CUST000003,CUNQ000003,23434,brasilia,DF
CUST000004,CUNQ000004,87397,porto velho,RO
CUST000005,CUNQ000005,13905,cuiaba,MT
CUST000006,CUNQ000006,40495,uberlandia,MG
CUST000007,CUNQ000007,83563,joao pessoa,PB
CUST000008,CUNQ000008,95181,vitoria da conquista,BA
CUST000009,CUNQ000009,38893,araguaina,TO
CUST000010,CUNQ000010,10851,dourados,MS
CUST000011,CUNQ000011,65392,manaus,AM
CUST000012,CUNQ000012,30379,caucaia,CE
CUST000013,CUNQ000013,23396,feira de santana,BA
CUST000014,CUNQ000014,22676,contagem,MG
CUST000015,CUNQ000015,89131,ananindeua,PA
CUST000016,CUNQ000016,70217,goiania,GO
CUST000017,CUNQ000017,59615,natal,RN
CUST000018,CUNQ000018,92397,juiz de fora,MG
CUST000019,CUNQ000019,85674,parnaiba,PI
CUST000020,CUNQ000020,19116,vitoria da conquista,BA
CUST000021,CUNQ000021,47930,niteroi,RJ
CUST000022,CUNQ000022,23238,uberlandia,MG
CUST000023,CUNQ000023,69429,vila velha,ES
CUST000024,CUNQ000024,31319,nossa senhora do socorro,SE
CUST000025,CUNQ000025,37460,ananindeua,PA
CUST000026,CUNQ000026,99593,ji-parana,RO
CUST000027,CUNQ000027,89840,aracaju,SE
CUST000028,CUNQ000028,80010,aracaju,SE
CUST000029,CUNQ000029,31417,rio branco,AC
CUST000030,CUNQ000030,45382,dourados,MS
CUST000031,CUNQ000031,99733,aracaju,SE
CUST000032,CUNQ000032,40021,fortaleza,CE
CUST000033,CUNQ000033,51347,boa vista,RR
CUST000034,CUNQ000034,18675,vila velha,ES
CUST000035,CUNQ000035,51245,vitoria da conquista,BA
CUST000036,CUNQ000036,75435,vitoria da conquista,BA
CUST000037,CUNQ000037,70142,serra,ES
CUST000038,CUNQ000038,28301,londrina,PR
CUST000039,CUNQ000039,86622,brasilia,DF
CUST000040,CUNQ000040,57447,varzea grande,MT
CUST000041,CUNQ000041,76784,brasilia,DF
CUST000042,CUNQ000042,16175,sao luis,MA
CUST000043,CUNQ000043,92240,porto alegre,RS
CUST000044,CUNQ000044,65333,blumenau,SC
CUST000045,CUNQ000045,60432,teresina,PI
CUST000046,CUNQ000046,71348,serra,ES
CUST000047,CUNQ000047,82512,campina grande,PB
CUST000048,CUNQ000048,99353,sao paulo,SP
CUST000049,CUNQ000049,94012,mossoro,RN
CUST000050,CUNQ000050,48469,fortaleza,CE
CUST000051,CUNQ000051,69470,cuiaba,MT
CUST000052,CUNQ000052,75612,santos,SP
CUST000053,CUNQ000053,76542,manaus,AM
CUST000054,CUNQ000054,49117,pelotas,RS
CUST000055,CUNQ000055,30032,boa vista,RR
CUST000056,CUNQ000056,80697,belem,PA
CUST000057,CUNQ000057,88504,manaus,AM
CUST000058,CUNQ000058,12552,caucaia,CE
CUST000059,CUNQ000059,50306,caxias do sul,RS
CUST000060,CUNQ000060,41571,brasilia,DF
CUST000061,CUNQ000061,21226,maceio,AL
CUST000062,CUNQ000062,19071,rio branco,AC
CUST000063,CUNQ000063,26828,manaus,AM
CUST000064,CUNQ000064,82063,ji-parana,RO
CUST000065,CUNQ000065,79163,joinville,SC
CUST000066,CUNQ000066,37760,parnaiba,PI
CUST000067,CUNQ000067,50857,natal,RN
CUST000068,CUNQ000068,95180,serra,ES
CUST000069,CUNQ000069,77839,ananindeua,PA
CUST000070,CUNQ000070,42493,campo grande,MS
CUST000071,CUNQ000071,54313,brasilia,DF
CUST000072,CUNQ000072,82603,osasco,SP
CUST000073,CUNQ000073,10942,brasilia,DF
CUST000074,CUNQ000074,40007,belo horizonte,MG
CUST000075,CUNQ000075,53309,belo horizonte,MG
CUST000076,CUNQ000076,46500,uberlandia,MG
CUST000077,CUNQ000077,38080,ji-parana,RO
CUST000078,CUNQ000078,84847,natal,RN
CUST000079,CUNQ000079,41850,arapiraca,AL
CUST000080,CUNQ000080,63354,macapa,AP
CUST000081,CUNQ000081,22704,salvador,BA
CUST000082,CUNQ000082,56438,ji-parana,RO
CUST000083,CUNQ000083,71213,varzea grande,MT
CUST000084,CUNQ000084,98259,rio branco,AC
CUST000085,CUNQ000085,17944,aracaju,SE
CUST000086,CUNQ000086,54473,serra,ES
CUST000087,CUNQ000087,42591,macapa,AP
CUST000088,CUNQ000088,80292,salvador,BA
CUST000089,CUNQ000089,65296,campo grande,MS
CUST000090,CUNQ000090,70637,joinville,SC
CUST000091,CUNQ000091,68082,brasilia,DF
CUST000092,CUNQ000092,16630,macapa,AP
CUST000093,CUNQ000093,22224,aracaju,SE
CUST000094,CUNQ000094,31798,manaus,AM
CUST000095,CUNQ000095,73092,varzea grande,MT
CUST000096,CUNQ000096,17685,feira de santana,BA
CUST000097,CUNQ000097,10282,joinville,SC
CUST000098,CUNQ000098,69638,vila velha,ES
CUST000099,CUNQ000099,82845,jaboatao dos guararapes,PE
CUST000100,CUNQ000100,30289,ji-parana,RO
CUST000101,CUNQ000101,38534,feira de santana,BA
CUST000102,CUNQ000102,51104,rio de janeiro,RJ
CUST000103,CUNQ000103,86569,rio de janeiro,RJ
CUST000104,CUNQ000104,17455,sao luis,MA
CUST000105,CUNQ000105,34356,joao pessoa,PB
CUST000106,CUNQ000106,98501,belo horizonte,MG
CUST000107,CUNQ000107,25713,brasilia,DF
CUST000108,CUNQ000108,85880,maceio,AL
CUST000109,CUNQ000109,91183,teresina,PI
CUST000110,CUNQ000110,96163,contagem,MG
CUST000111,CUNQ000111,44179,arapiraca,AL
CUST000112,CUNQ000112,51180,vitoria da conquista,BA
CUST000113,CUNQ000113,61876,brasilia,DF
CUST000114,CUNQ000114,94607,maringa,PR
CUST000115,CUNQ000115,51441,jaboatao dos guararapes,PE
CUST000116,CUNQ000116,11220,manaus,AM
CUST000117,CUNQ000117,19602,campo grande,MS
CUST000118,CUNQ000118,76307,natal,RN
CUST000119,CUNQ000119,55745,goiania,GO
CUST000120,CUNQ000120,58434,uberlandia,MG
CUST000121,CUNQ000121,67433,recife,PE
CUST000122,CUNQ000122,90173,boa vista,RR
CUST000123,CUNQ000123,97538,macapa,AP
CUST000124,CUNQ000124,96951,boa vista,RR
CUST000125,CUNQ000125,44664,porto alegre,RS
CUST000126,CUNQ000126,82512,porto alegre,RS
CUST000127,CUNQ000127,46930,londrina,PR
CUST000128,CUNQ000128,54942,teresina,PI
CUST000129,CUNQ000129,93130,vitoria da conquista,BA
CUST000130,CUNQ000130,42914,aparecida de goiania,GO
CUST000131,CUNQ000131,93136,rio de janeiro,RJ
CUST000132,CUNQ000132,15778,varzea grande,MT
CUST000133,CUNQ000133,27146,santos,SP
CUST000134,CUNQ000134,31178,nossa senhora do socorro,SE
CUST000135,CUNQ000135,82309,rio branco,AC
CUST000136,CUNQ000136,83519,araguaina,TO
CUST000137,CUNQ000137,19862,sao paulo,SP
CUST000138,CUNQ000138,81511,palmas,TO
CUST000139,CUNQ000139,86350,duque de caxias,RJ
CUST000140,CUNQ000140,66333,natal,RN
CUST000141,CUNQ000141,50404,curitiba,PR
CUST000142,CUNQ000142,56898,belem,PA
CUST000143,CUNQ000143,42706,vitoria da conquista,BA
CUST000144,CUNQ000144,56357,porto velho,RO
CUST000145,CUNQ000145,91351,manaus,AM
CUST000146,CUNQ000146,41029,rio branco,AC
CUST000147,CUNQ000147,64040,florianopolis,SC
CUST000148,CUNQ000148,53540,campinas,SP
CUST000149,CUNQ000149,97806,macapa,AP
CUST000150,CUNQ000150,44970,rio branco,AC
CUST000151,CUNQ000151,24168,blumenau,SC
CUST000152,CUNQ000152,71694,vitoria,ES
CUST000153,CUNQ000153,70332,brasilia,DF
CUST000154,CUNQ000154,39831,ananindeua,PA
CUST000155,CUNQ000155,96511,brasilia,DF
CUST000156,CUNQ000156,53025,feira de santana,BA
CUST000157,CUNQ000157,46585,goiania,GO
CUST000158,CUNQ000158,99065,ananindeua,PA
CUST000159,CUNQ000159,13617,boa vista,RR
CUST000160,CUNQ000160,33405,caxias do sul,RS
CUST000161,CUNQ000161,15014,arapiraca,AL
CUST000162,CUNQ000162,66959,pelotas,RS
CUST000163,CUNQ000163,67199,ananindeua,PA
CUST000164,CUNQ000164,60488,teresina,PI
CUST000165,CUNQ000165,43386,maceio,AL
CUST000166,CUNQ000166,10221,nova iguacu,RJ
CUST000167,CUNQ000167,57739,joao pessoa,PB
CUST000168,CUNQ000168,97062,cuiaba,MT
CUST000169,CUNQ000169,96951,caucaia,CE
CUST000170,CUNQ000170,49363,pelotas,RS
CUST000171,CUNQ000171,97410,campina grande,PB
CUST000172,CUNQ000172,62743,varzea grande,MT
CUST000173,CUNQ000173,82667,araguaina,TO
CUST000174,CUNQ000174,65108,curitiba,PR
CUST000175,CUNQ000175,98777,ji-parana,RO
CUST000176,CUNQ000176,90676,rio branco,AC
CUST000177,CUNQ000177,63225,arapiraca,AL
CUST000178,CUNQ000178,49829,natal,RN
CUST000179,CUNQ000179,66346,recife,PE
CUST000180,CUNQ000180,70946,macapa,AP
CUST000181,CUNQ000181,98555,dourados,MS
CUST000182,CUNQ000182,72021,vitoria da conquista,BA
CUST000183,CUNQ000183,96356,macapa,AP
CUST000184,CUNQ000184,77561,juiz de fora,MG
CUST000185,CUNQ000185,22240,ji-parana,RO
CUST000186,CUNQ000186,98184,boa vista,RR
CUST000187,CUNQ000187,36100,recife,PE
CUST000188,CUNQ000188,16057,curitiba,PR
CUST000189,CUNQ000189,90120,brasilia,DF
CUST000190,CUNQ000190,69692,manaus,AM
CUST000191,CUNQ000191,60328,cuiaba,MT
CUST000192,CUNQ000192,41979,imperatriz,MA
CUST000193,CUNQ000193,10726,maringa,PR
CUST000194,CUNQ000194,65724,manaus,AM
CUST000195,CUNQ000195,77889,brasilia,DF
CUST000196,CUNQ000196,83060,campo grande,MS
CUST000197,CUNQ000197,69829,brasilia,DF
CUST000198,CUNQ000198,97500,londrina,PR
CUST000199,CUNQ000199,68008,campina grande,PB
CUST000200,CUNQ000200,81810,parnaiba,PI
CUST000201,CUNQ000201,72216,campo grande,MS
CUST000202,CUNQ000202,42406,dourados,MS
CUST000203,CUNQ000203,78327,boa vista,RR
CUST000204,CUNQ000204,45992,sao luis,MA
CUST000205,CUNQ000205,47450,campo grande,MS
CUST000206,CUNQ000206,54020,brasilia,DF
CUST000207,CUNQ000207,28136,fortaleza,CE
CUST000208,CUNQ000208,60205,curitiba,PR
CUST000209,CUNQ000209,38043,palmas,TO
CUST000210,CUNQ000210,63424,contagem,MG
CUST000211,CUNQ000211,64496,caucaia,CE
CUST000212,CUNQ000212,65069,niteroi,RJ
CUST000213,CUNQ000213,12560,serra,ES
CUST000214,CUNQ000214,72518,manaus,AM
CUST000215,CUNQ000215,49139,santos,SP
CUST000216,CUNQ000216,64921,manaus,AM
CUST000217,CUNQ000217,73993,natal,RN
CUST000218,CUNQ000218,67125,brasilia,DF
CUST000219,CUNQ000219,60968,sao luis,MA
CUST000220,CUNQ000220,31632,caucaia,CE
CUST000221,CUNQ000221,26728,boa vista,RR
CUST000222,CUNQ000222,61645,teresina,PI
CUST000223,CUNQ000223,21003,maceio,AL
CUST000224,CUNQ000224,27786,nossa senhora do socorro,SE
CUST000225,CUNQ000225,16590,campo grande,MS
CUST000226,CUNQ000226,52906,aparecida de goiania,GO
CUST000227,CUNQ000227,52840,feira de santana,BA
CUST000228,CUNQ000228,46471,caucaia,CE
CUST000229,CUNQ000229,43065,manaus,AM
CUST000230,CUNQ000230,71644,boa vista,RR
CUST000231,CUNQ000231,16826,osasco,SP
CUST000232,CUNQ000232,95215,belem,PA
CUST000233,CUNQ000233,14067,belo horizonte,MG
CUST000234,CUNQ000234,12671,brasilia,DF
CUST000235,CUNQ000235,41266,teresina,PI
CUST000236,CUNQ000236,97747,londrina,PR
CUST000237,CUNQ000237,38569,pelotas,RS
CUST000238,CUNQ000238,58351,dourados,MS
CUST000239,CUNQ000239,89593,blumenau,SC
CUST000240,CUNQ000240,31465,rio branco,AC
CUST000241,CUNQ000241,85849,recife,PE
CUST000242,CUNQ000242,85470,santos,SP
CUST000243,CUNQ000243,61990,ji-parana,RO
CUST000244,CUNQ000244,19961,palmas,TO
CUST000245,CUNQ000245,23356,maceio,AL
CUST000246,CUNQ000246,99687,araguaina,TO
CUST000247,CUNQ000247,84177,teresina,PI
CUST000248,CUNQ000248,55508,macapa,AP
CUST000249,CUNQ000249,96706,mossoro,RN
CUST000250,CUNQ000250,76317,belem,PA
CUST000251,CUNQ000251,11658,nossa senhora do socorro,SE
CUST000252,CUNQ000252,23833,varzea grande,MT
CUST000253,CUNQ000253,93307,varzea grande,MT
CUST000254,CUNQ000254,30052,boa vista,RR
CUST000255,CUNQ000255,78386,cuiaba,MT
CUST000256,CUNQ000256,90728,nossa senhora do socorro,SE
CUST000257,CUNQ000257,70931,macapa,AP
CUST000258,CUNQ000258,52245,varzea grande,MT
CUST000259,CUNQ000259,46559,brasilia,DF
CUST000260,CUNQ000260,70910,campo grande,MS
CUST000261,CUNQ000261,54092,arapiraca,AL
CUST000262,CUNQ000262,52600,sorocaba,SP
CUST000263,CUNQ000263,37802,joinville,SC
CUST000264,CUNQ000264,54608,ananindeua,PA
CUST000265,CUNQ000265,82848,aparecida de goiania,GO
CUST000266,CUNQ000266,35042,osasco,SP
CUST000267,CUNQ000267,63271,uberlandia,MG
CUST000268,CUNQ000268,72402,sao luis,MA
CUST000269,CUNQ000269,68743,nossa senhora do socorro,SE
CUST000270,CUNQ000270,22196,macapa,AP
CUST000271,CUNQ000271,63005,recife,PE
CUST000272,CUNQ000272,50135,palmas,TO
CUST000273,CUNQ000273,72031,ji-parana,RO
CUST000274,CUNQ000274,65771,mossoro,RN
CUST000275,CUNQ000275,56112,rio branco,AC
CUST000276,CUNQ000276,45509,araguaina,TO
CUST000277,CUNQ000277,40217,jaboatao dos guararapes,PE
CUST000278,CUNQ000278,35242,pelotas,RS
CUST000279,CUNQ000279,80236,fortaleza,CE
CUST000280,CUNQ000280,35105,manaus,AM
CUST000281,CUNQ000281,73464,vitoria da conquista,BA
CUST000282,CUNQ000282,23176,aparecida de goiania,GO
CUST000283,CUNQ000283,48829,boa vista,RR
CUST000284,CUNQ000284,33519,brasilia,DF
CUST000285,CUNQ000285,80010,recife,PE
CUST000286,CUNQ000286,15965,londrina,PR
CUST000287,CUNQ000287,26551,duque de caxias,RJ
CUST000288,CUNQ000288,23446,nossa senhora do socorro,SE
CUST000289,CUNQ000289,47268,osasco,SP
CUST000290,CUNQ000290,67733,imperatriz,MA
CUST000291,CUNQ000291,16734,fortaleza,CE
CUST000292,CUNQ000292,24953,aparecida de goiania,GO
CUST000293,CUNQ000293,62521,boa vista,RR
CUST000294,CUNQ000294,85631,sao luis,MA
CUST000295,CUNQ000295,29887,aracaju,SE
CUST000296,CUNQ000296,49824,maringa,PR
CUST000297,CUNQ000297,25525,uberlandia,MG
CUST000298,CUNQ000298,89471,mossoro,RN
CUST000299,CUNQ000299,78494,teresina,PI
CUST000300,CUNQ000300,68028,vila velha,ES
CUST000301,CUNQ000301,50026,jaboatao dos guararapes,PE
CUST000302,CUNQ000302,89905,maceio,AL
CUST000303,CUNQ000303,37235,rio branco,AC
CUST000304,CUNQ000304,44687,aracaju,SE
CUST000305,CUNQ000305,30585,porto velho,RO
CUST000306,CUNQ000306,82350,brasilia,DF
CUST000307,CUNQ000307,10350,uberlandia,MG
CUST000308,CUNQ000308,87832,varzea grande,MT
CUST000309,CUNQ000309,14278,imperatriz,MA
CUST000310,CUNQ000310,47056,brasilia,DF
CUST000311,CUNQ000311,19329,araguaina,TO
CUST000312,CUNQ000312,44675,porto velho,RO
CUST000313,CUNQ000313,65723,macapa,AP
CUST000314,CUNQ000314,39466,pelotas,RS
CUST000315,CUNQ000315,44816,aracaju,SE
CUST000316,CUNQ000316,19359,boa vista,RR
CUST000317,CUNQ000317,50319,niteroi,RJ
CUST000318,CUNQ000318,67560,parnaiba,PI
CUST000319,CUNQ000319,49857,caxias do sul,RS
CUST000320,CUNQ000320,45683,araguaina,TO
CUST000321,CUNQ000321,67377,campina grande,PB
CUST000322,CUNQ000322,66626,belo horizonte,MG
CUST000323,CUNQ000323,89129,rio branco,AC
CUST000324,CUNQ000324,21970,goiania,GO
CUST000325,CUNQ000325,98117,brasilia,DF
CUST000326,CUNQ000326,85529,boa vista,RR
CUST000327,CUNQ000327,71669,niteroi,RJ
CUST000328,CUNQ000328,46458,campina grande,PB
CUST000329,CUNQ000329,67132,blumenau,SC
CUST000330,CUNQ000330,21959,nossa senhora do socorro,SE
CUST000331,CUNQ000331,63523,imperatriz,MA
CUST000332,CUNQ000332,97835,caucaia,CE
CUST000333,CUNQ000333,53228,porto alegre,RS
CUST000334,CUNQ000334,47777,varzea grande,MT
CUST000335,CUNQ000335,82102,ji-parana,RO
CUST000336,CUNQ000336,21542,nova iguacu,RJ
CUST000337,CUNQ000337,52372,caucaia,CE
CUST000338,CUNQ000338,77449,caxias do sul,RS
CUST000339,CUNQ000339,96200,boa vista,RR
CUST000340,CUNQ000340,64165,mossoro,RN
CUST000341,CUNQ000341,77952,niteroi,RJ
CUST000342,CUNQ000342,91973,ananindeua,PA
CUST000343,CUNQ000343,36680,campo grande,MS
CUST000344,CUNQ000344,47752,goiania,GO
CUST000345,CUNQ000345,25915,dourados,MS
CUST000346,CUNQ000346,41365,osasco,SP
CUST000347,CUNQ000347,50730,palmas,TO
CUST000348,CUNQ000348,82384,natal,RN
CUST000349,CUNQ000349,39451,cuiaba,MT
CUST000350,CUNQ000350,70482,boa vista,RR
CUST000351,CUNQ000351,30181,pelotas,RS
CUST000352,CUNQ000352,76698,imperatriz,MA
CUST000353,CUNQ000353,64459,araguaina,TO
CUST000354,CUNQ000354,71894,boa vista,RR
CUST000355,CUNQ000355,82255,brasilia,DF
CUST000356,CUNQ000356,34983,londrina,PR
CUST000357,CUNQ000357,19150,teresina,PI
CUST000358,CUNQ000358,54548,aparecida de goiania,GO
CUST000359,CUNQ000359,10336,macapa,AP
CUST000360,CUNQ000360,86931,jaboatao dos guararapes,PE
CUST000361,CUNQ000361,29476,arapiraca,AL
CUST000362,CUNQ000362,55236,dourados,MS
CUST000363,CUNQ000363,69682,caucaia,CE
CUST000364,CUNQ000364,41300,fortaleza,CE
CUST000365,CUNQ000365,40613,arapiraca,AL
CUST000366,CUNQ000366,15720,manaus,AM
CUST000367,CUNQ000367,59968,caucaia,CE
CUST000368,CUNQ000368,95461,serra,ES
CUST000369,CUNQ000369,14852,londrina,PR
CUST000370,CUNQ000370,87356,maringa,PR
CUST000371,CUNQ000371,67711,fortaleza,CE
CUST000372,CUNQ000372,69890,pelotas,RS
CUST000373,CUNQ000373,63736,campinas,SP
CUST000374,CUNQ000374,19807,aracaju,SE
CUST000375,CUNQ000375,54375,imperatriz,MA
CUST000376,CUNQ000376,95175,parnaiba,PI
CUST000377,CUNQ000377,98389,juiz de fora,MG
CUST000378,CUNQ000378,51505,mossoro,RN
CUST000379,CUNQ000379,80912,nossa senhora do socorro,SE
CUST000380,CUNQ000380,40771,rio de janeiro,RJ
CUST000381,CUNQ000381,39817,nossa senhora do socorro,SE
CUST000382,CUNQ000382,66881,rio branco,AC
CUST000383,CUNQ000383,23173,pelotas,RS
CUST000384,CUNQ000384,49251,campo grande,MS
CUST000385,CUNQ000385,52516,sao paulo,SP
CUST000386,CUNQ000386,48452,macapa,AP
CUST000387,CUNQ000387,66450,ananindeua,PA
CUST000388,CUNQ000388,79621,curitiba,PR
CUST000389,CUNQ000389,32280,cuiaba,MT
CUST000390,CUNQ000390,89887,florianopolis,SC
CUST000391,CUNQ000391,99539,serra,ES
CUST000392,CUNQ000392,86435,brasilia,DF
CUST000393,CUNQ000393,70443,curitiba,PR
CUST000394,CUNQ000394,70236,nossa senhora do socorro,SE
CUST000395,CUNQ000395,70981,goiania,GO
CUST000396,CUNQ000396,19681,recife,PE
CUST000397,CUNQ000397,87014,dourados,MS
CUST000398,CUNQ000398,42780,jaboatao dos guararapes,PE
CUST000399,CUNQ000399,36111,dourados,MS
CUST000400,CUNQ000400,23979,vila velha,ES
CUST000401,CUNQ000401,84963,brasilia,DF
CUST000402,CUNQ000402,48696,ananindeua,PA
CUST000403,CUNQ000403,45976,sorocaba,SP
CUST000404,CUNQ000404,99889,osasco,SP
CUST000405,CUNQ000405,89482,manaus,AM
CUST000406,CUNQ000406,47512,rio branco,AC
CUST000407,CUNQ000407,89569,manaus,AM
CUST000408,CUNQ000408,38705,macapa,AP
CUST000409,CUNQ000409,91381,aracaju,SE
CUST000410,CUNQ000410,92345,goiania,GO
CUST000411,CUNQ000411,94717,pelotas,RS
CUST000412,CUNQ000412,67779,duque de caxias,RJ
CUST000413,CUNQ000413,27224,duque de caxias,RJ
CUST000414,CUNQ000414,52823,juiz de fora,MG
CUST000415,CUNQ000415,33021,rio branco,AC
CUST000416,CUNQ000416,80701,salvador,BA
CUST000417,CUNQ000417,31567,ananindeua,PA
CUST000418,CUNQ000418,48684,aparecida de goiania,GO
CUST000419,CUNQ000419,25095,rio branco,AC
CUST000420,CUNQ000420,28449,campo grande,MS
CUST000421,CUNQ000421,98647,manaus,AM
CUST000422,CUNQ000422,83048,rio branco,AC
CUST000423,CUNQ000423,61717,belem,PA
CUST000424,CUNQ000424,80329,santos,SP
CUST000425,CUNQ000425,58311,caxias do sul,RS
CUST000426,CUNQ000426,86619,ji-parana,RO
CUST000427,CUNQ000427,58689,serra,ES
CUST000428,CUNQ000428,40647,pelotas,RS
CUST000429,CUNQ000429,91205,sao luis,MA
CUST000430,CUNQ000430,89964,mossoro,RN
CUST000431,CUNQ000431,93283,brasilia,DF
CUST000432,CUNQ000432,49608,boa vista,RR
CUST000433,CUNQ000433,25292,nossa senhora do socorro,SE
CUST000434,CUNQ000434,14877,curitiba,PR
CUST000435,CUNQ000435,25220,jaboatao dos guararapes,PE
CUST000436,CUNQ000436,80457,porto alegre,RS
CUST000437,CUNQ000437,69459,londrina,PR
CUST000438,CUNQ000438,86983,ananindeua,PA
CUST000439,CUNQ000439,64379,rio branco,AC
CUST000440,CUNQ000440,74139,aracaju,SE
CUST000441,CUNQ000441,46666,parnaiba,PI
CUST000442,CUNQ000442,38477,duque de caxias,RJ
CUST000443,CUNQ000443,40947,dourados,MS
CUST000444,CUNQ000444,99873,belem,PA
CUST000445,CUNQ000445,17936,ananindeua,PA
CUST000446,CUNQ000446,34878,vila velha,ES
CUST000447,CUNQ000447,22015,caxias do sul,RS
CUST000448,CUNQ000448,94109,porto velho,RO
CUST000449,CUNQ000449,16629,aracaju,SE
CUST000450,CUNQ000450,41925,macapa,AP
CUST000451,CUNQ000451,36896,maringa,PR
CUST000452,CUNQ000452,86858,uberlandia,MG
CUST000453,CUNQ000453,53064,salvador,BA
CUST000454,CUNQ000454,88116,manaus,AM
CUST000455,CUNQ000455,28964,santos,SP
CUST000456,CUNQ000456,42853,maringa,PR
CUST000457,CUNQ000457,24408,macapa,AP
CUST000458,CUNQ000458,27275,porto velho,RO
CUST000459,CUNQ000459,41186,santos,SP
CUST000460,CUNQ000460,12068,arapiraca,AL
CUST000461,CUNQ000461,16868,joinville,SC
CUST000462,CUNQ000462,65176,maringa,PR
CUST000463,CUNQ000463,18330,joao pessoa,PB
CUST000464,CUNQ000464,57453,imperatriz,MA
CUST000465,CUNQ000465,69245,joao pessoa,PB
CUST000466,CUNQ000466,90623,joao pessoa,PB
CUST000467,CUNQ000467,70036,duque de caxias,RJ
CUST000468,CUNQ000468,17972,aracaju,SE
CUST000469,CUNQ000469,65872,imperatriz,MA
CUST000470,CUNQ000470,74260,porto velho,RO
CUST000471,CUNQ000471,19632,araguaina,TO
CUST000472,CUNQ000472,89730,juiz de fora,MG
CUST000473,CUNQ000473,26540,curitiba,PR
CUST000474,CUNQ000474,59925,aparecida de goiania,GO
CUST000475,CUNQ000475,69469,parnaiba,PI
CUST000476,CUNQ000476,22999,campina grande,PB
CUST000477,CUNQ000477,95814,macapa,AP
CUST000478,CUNQ000478,66370,aracaju,SE
CUST000479,CUNQ000479,64239,campo grande,MS
CUST000480,CUNQ000480,62262,caucaia,CE
CUST000481,CUNQ000481,50966,cuiaba,MT
CUST000482,CUNQ000482,97177,varzea grande,MT
CUST000483,CUNQ000483,30006,aparecida de goiania,GO
CUST000484,CUNQ000484,18799,ji-parana,RO
CUST000485,CUNQ000485,22219,belo horizonte,MG
CUST000486,CUNQ000486,58843,cuiaba,MT
CUST000487,CUNQ000487,82924,macapa,AP
CUST000488,CUNQ000488,97819,duque de caxias,RJ
CUST000489,CUNQ000489,56346,caxias do sul,RS
CUST000490,CUNQ000490,16743,ji-parana,RO
CUST000491,CUNQ000491,56090,jaboatao dos guararapes,PE
CUST000492,CUNQ000492,76507,pelotas,RS
CUST000493,CUNQ000493,96079,salvador,BA
CUST000494,CUNQ000494,24184,sao luis,MA
CUST000495,CUNQ000495,25058,ananindeua,PA
CUST000496,CUNQ000496,85248,manaus,AM
CUST000497,CUNQ000497,83526,brasilia,DF
CUST000498,CUNQ000498,89822,manaus,AM
CUST000499,CUNQ000499,13794,ji-parana,RO
CUST000500,CUNQ000500,50499,joinville,SC
CUST000501,CUNQ000501,10800,caucaia,CE
CUST000502,CUNQ000502,84228,florianopolis,SC
CUST000503,CUNQ000503,19120,ji-parana,RO
CUST000504,CUNQ000504,92991,maringa,PR
CUST000505,CUNQ000505,79531,sao paulo,SP
CUST000506,CUNQ000506,65028,feira de santana,BA
CUST000507,CUNQ000507,30631,dourados,MS
CUST000508,CUNQ000508,52517,ananindeua,PA
CUST000509,CUNQ000509,16895,manaus,AM
CUST000510,CUNQ000510,90981,curitiba,PR
CUST000511,CUNQ000511,45665,rio de janeiro,RJ
CUST000512,CUNQ000512,73656,dourados,MS
CUST000513,CUNQ000513,64287,parnaiba,PI
CUST000514,CUNQ000514,77154,goiania,GO
CUST000515,CUNQ000515,66349,caxias do sul,RS
CUST000516,CUNQ000516,98895,caxias do sul,RS
CUST000517,CUNQ000517,79066,ji-parana,RO
CUST000518,CUNQ000518,15952,ji-parana,RO
CUST000519,CUNQ000519,88554,brasilia,DF
CUST000520,CUNQ000520,36794,rio de janeiro,RJ
CUST000521,CUNQ000521,27987,recife,PE
CUST000522,CUNQ000522,47938,manaus,AM
CUST000523,CUNQ000523,11013,fortaleza,CE
CUST000524,CUNQ000524,33028,imperatriz,MA
CUST000525,CUNQ000525,79806,londrina,PR
CUST000526,CUNQ000526,75570,palmas,TO
CUST000527,CUNQ000527,19447,mossoro,RN
CUST000528,CUNQ000528,15544,serra,ES
CUST000529,CUNQ000529,70260,cuiaba,MT
CUST000530,CUNQ000530,85465,juiz de fora,MG
CUST000531,CUNQ000531,93904,varzea grande,MT
CUST000532,CUNQ000532,25096,varzea grande,MT
CUST000533,CUNQ000533,52568,vitoria,ES
CUST000534,CUNQ000534,70305,blumenau,SC
CUST000535,CUNQ000535,21551,boa vista,RR
CUST000536,CUNQ000536,41891,cuiaba,MT
CUST000537,CUNQ000537,78676,varzea grande,MT
CUST000538,CUNQ000538,50668,contagem,MG
CUST000539,CUNQ000539,39041,rio branco,AC
CUST000540,CUNQ000540,20011,fortaleza,CE
CUST000541,CUNQ000541,79547,joao pessoa,PB
CUST000542,CUNQ000542,55793,joao pessoa,PB
CUST000543,CUNQ000543,40968,belem,PA
CUST000544,CUNQ000544,43550,porto alegre,RS
CUST000545,CUNQ000545,88957,salvador,BA
CUST000546,CUNQ000546,19876,maringa,PR
CUST000547,CUNQ000547,74764,blumenau,SC
CUST000548,CUNQ000548,99277,dourados,MS
CUST000549,CUNQ000549,92210,arapiraca,AL
CUST000550,CUNQ000550,67640,fortaleza,CE
CUST000551,CUNQ000551,67961,contagem,MG
CUST000552,CUNQ000552,46002,nossa senhora do socorro,SE
CUST000553,CUNQ000553,56129,maceio,AL
CUST000554,CUNQ000554,50685,joao pessoa,PB
CUST000555,CUNQ000555,14929,dourados,MS
CUST000556,CUNQ000556,47627,duque de caxias,RJ
CUST000557,CUNQ000557,90610,belo horizonte,MG
CUST000558,CUNQ000558,70648,parnaiba,PI
CUST000559,CUNQ000559,68947,maceio,AL
CUST000560,CUNQ000560,52143,macapa,AP
CUST000561,CUNQ000561,75715,parnaiba,PI
CUST000562,CUNQ000562,69050,curitiba,PR
CUST000563,CUNQ000563,21053,caxias do sul,RS
CUST000564,CUNQ000564,15130,joao pessoa,PB
CUST000565,CUNQ000565,67595,brasilia,DF
CUST000566,CUNQ000566,57696,joao pessoa,PB
CUST000567,CUNQ000567,60779,ananindeua,PA
CUST000568,CUNQ000568,98984,varzea grande,MT
CUST000569,CUNQ000569,92691,teresina,PI
CUST000570,CUNQ000570,18639,nossa senhora do socorro,SE
CUST000571,CUNQ000571,83133,fortaleza,CE
CUST000572,CUNQ000572,47243,ji-parana,RO
CUST000573,CUNQ000573,53694,goiania,GO
CUST000574,CUNQ000574,55851,uberlandia,MG
CUST000575,CUNQ000575,26901,jaboatao dos guararapes,PE
CUST000576,CUNQ000576,50577,teresina,PI
CUST000577,CUNQ000577,94343,mossoro,RN
CUST000578,CUNQ000578,26750,macapa,AP
CUST000579,CUNQ000579,94675,porto velho,RO
CUST000580,CUNQ000580,76648,ji-parana,RO
CUST000581,CUNQ000581,57526,belem,PA
CUST000582,CUNQ000582,38074,recife,PE
CUST000583,CUNQ000583,35166,caucaia,CE
CUST000584,CUNQ000584,30308,brasilia,DF
CUST000585,CUNQ000585,23256,juiz de fora,MG
CUST000586,CUNQ000586,96760,joao pessoa,PB
CUST000587,CUNQ000587,88282,fortaleza,CE
CUST000588,CUNQ000588,31266,vitoria,ES
CUST000589,CUNQ000589,91885,blumenau,SC
CUST000590,CUNQ000590,67366,macapa,AP
CUST000591,CUNQ000591,57749,nova iguacu,RJ
CUST000592,CUNQ000592,68222,porto velho,RO
CUST000593,CUNQ000593,68841,parnaiba,PI
CUST000594,CUNQ000594,50562,brasilia,DF
CUST000595,CUNQ000595,35430,macapa,AP
CUST000596,CUNQ000596,70513,ananindeua,PA
CUST000597,CUNQ000597,60052,manaus,AM
CUST000598,CUNQ000598,31241,campina grande,PB
CUST000599,CUNQ000599,89254,boa vista,RR
CUST000600,CUNQ000600,16839,londrina,PR
CUST000601,CUNQ000601,58655,nossa senhora do socorro,SE
CUST000602,CUNQ000602,77621,natal,RN
CUST000603,CUNQ000603,20993,caxias do sul,RS
CUST000604,CUNQ000604,45755,manaus,AM
CUST000605,CUNQ000605,67340,campo grande,MS
CUST000606,CUNQ000606,69130,uberlandia,MG
CUST000607,CUNQ000607,64381,belem,PA
CUST000608,CUNQ000608,75799,nova iguacu,RJ
CUST000609,CUNQ000609,60615,belem,PA
CUST000610,CUNQ000610,39430,juiz de fora,MG
CUST000611,CUNQ000611,22987,santos,SP
CUST000612,CUNQ000612,29142,boa vista,RR
CUST000613,CUNQ000613,47601,curitiba,PR
CUST000614,CUNQ000614,28191,boa vista,RR
CUST000615,CUNQ000615,68799,manaus,AM
CUST000616,CUNQ000616,20384,teresina,PI
CUST000617,CUNQ000617,38266,santos,SP
CUST000618,CUNQ000618,81932,boa vista,RR
CUST000619,CUNQ000619,24573,rio branco,AC
CUST000620,CUNQ000620,41147,manaus,AM
CUST000621,CUNQ000621,16258,recife,PE
CUST000622,CUNQ000622,93748,brasilia,DF
CUST000623,CUNQ000623,18232,macapa,AP
CUST000624,CUNQ000624,88215,caxias do sul,RS
CUST000625,CUNQ000625,92831,natal,RN
CUST000626,CUNQ000626,28818,joao pessoa,PB
CUST000627,CUNQ000627,10205,jaboatao dos guararapes,PE
CUST000628,CUNQ000628,41531,parnaiba,PI
CUST000629,CUNQ000629,34551,arapiraca,AL
CUST000630,CUNQ000630,78614,porto velho,RO
CUST000631,CUNQ000631,78951,belem,PA
CUST000632,CUNQ000632,61177,natal,RN
CUST000633,CUNQ000633,93318,sao luis,MA
CUST000634,CUNQ000634,43246,vila velha,ES
CUST000635,CUNQ000635,56805,rio branco,AC
CUST000636,CUNQ000636,55193,macapa,AP
CUST000637,CUNQ000637,86271,brasilia,DF
CUST000638,CUNQ000638,27486,rio branco,AC
CUST000639,CUNQ000639,81567,duque de caxias,RJ
CUST000640,CUNQ000640,99742,fortaleza,CE
CUST000641,CUNQ000641,92802,dourados,MS
CUST000642,CUNQ000642,18270,florianopolis,SC
CUST000643,CUNQ000643,14847,araguaina,TO
CUST000644,CUNQ000644,15741,recife,PE
CUST000645,CUNQ000645,15492,macapa,AP
CUST000646,CUNQ000646,77552,caucaia,CE
CUST000647,CUNQ000647,72049,serra,ES
CUST000648,CUNQ000648,94790,goiania,GO
CUST000649,CUNQ000649,56789,feira de santana,BA
CUST000650,CUNQ000650,95948,manaus,AM
CUST000651,CUNQ000651,26315,caucaia,CE
CUST000652,CUNQ000652,67272,macapa,AP
CUST000653,CUNQ000653,67637,serra,ES
CUST000654,CUNQ000654,34486,vila velha,ES
CUST000655,CUNQ000655,58148,imperatriz,MA
CUST000656,CUNQ000656,20828,macapa,AP
CUST000657,CUNQ000657,20345,rio branco,AC
CUST000658,CUNQ000658,81496,cuiaba,MT
CUST000659,CUNQ000659,23447,jaboatao dos guararapes,PE
CUST000660,CUNQ000660,96628,juiz de fora,MG
CUST000661,CUNQ000661,68447,jaboatao dos guararapes,PE
CUST000662,CUNQ000662,31842,parnaiba,PI
CUST000663,CUNQ000663,56077,araguaina,TO
CUST000664,CUNQ000664,56210,campo grande,MS
CUST000665,CUNQ000665,45986,parnaiba,PI
CUST000666,CUNQ000666,19835,aracaju,SE
CUST000667,CUNQ000667,57619,ji-parana,RO
CUST000668,CUNQ000668,14081,joao pessoa,PB
CUST000669,CUNQ000669,98878,maringa,PR
CUST000670,CUNQ000670,14561,macapa,AP
CUST000671,CUNQ000671,40932,curitiba,PR
CUST000672,CUNQ000672,57467,manaus,AM
CUST000673,CUNQ000673,14244,serra,ES
CUST000674,CUNQ000674,99006,teresina,PI
CUST000675,CUNQ000675,58760,dourados,MS
CUST000676,CUNQ000676,85225,campo grande,MS
CUST000677,CUNQ000677,58096,maringa,PR
CUST000678,CUNQ000678,95139,vila velha,ES
CUST000679,CUNQ000679,24869,goiania,GO
CUST000680,CUNQ000680,75410,campinas,SP
CUST000681,CUNQ000681,83619,campina grande,PB
CUST000682,CUNQ000682,44116,caxias do sul,RS
CUST000683,CUNQ000683,38124,araguaina,TO
CUST000684,CUNQ000684,74382,parnaiba,PI
CUST000685,CUNQ000685,27790,salvador,BA
CUST000686,CUNQ000686,32630,contagem,MG
CUST000687,CUNQ000687,21506,araguaina,TO
CUST000688,CUNQ000688,97535,macapa,AP
CUST000689,CUNQ000689,82089,belem,PA
CUST000690,CUNQ000690,49315,mossoro,RN
CUST000691,CUNQ000691,93584,blumenau,SC
CUST000692,CUNQ000692,76683,joinville,SC
CUST000693,CUNQ000693,36342,brasilia,DF
CUST000694,CUNQ000694,41029,macapa,AP
CUST000695,CUNQ000695,13445,macapa,AP
CUST000696,CUNQ000696,71263,ananindeua,PA
CUST000697,CUNQ000697,90209,macapa,AP
CUST000698,CUNQ000698,50539,belo horizonte,MG
CUST000699,CUNQ000699,72739,serra,ES
CUST000700,CUNQ000700,63665,campina grande,PB
CUST000701,CUNQ000701,26426,boa vista,RR
CUST000702,CUNQ000702,68979,fortaleza,CE
CUST000703,CUNQ000703,26821,dourados,MS
CUST000704,CUNQ000704,26912,boa vista,RR
CUST000705,CUNQ000705,26274,cuiaba,MT
CUST000706,CUNQ000706,49862,joao pessoa,PB
CUST000707,CUNQ000707,52291,florianopolis,SC
CUST000708,CUNQ000708,55353,palmas,TO
CUST000709,CUNQ000709,20336,campina grande,PB
CUST000710,CUNQ000710,93238,goiania,GO
CUST000711,CUNQ000711,26406,mossoro,RN
CUST000712,CUNQ000712,90534,nossa senhora do socorro,SE
CUST000713,CUNQ000713,75873,natal,RN
CUST000714,CUNQ000714,87569,aracaju,SE
CUST000715,CUNQ000715,32439,maceio,AL
CUST000716,CUNQ000716,83874,ji-parana,RO
CUST000717,CUNQ000717,20646,rio de janeiro,RJ
CUST000718,CUNQ000718,95344,duque de caxias,RJ
CUST000719,CUNQ000719,64602,vitoria da conquista,BA
CUST000720,CUNQ000720,75278,teresina,PI
CUST000721,CUNQ000721,94136,nossa senhora do socorro,SE
CUST000722,CUNQ000722,42096,jaboatao dos guararapes,PE
CUST000723,CUNQ000723,48985,macapa,AP
CUST000724,CUNQ000724,17852,campo grande,MS
CUST000725,CUNQ000725,64476,joinville,SC
CUST000726,CUNQ000726,36741,imperatriz,MA
CUST000727,CUNQ000727,50970,fortaleza,CE
CUST000728,CUNQ000728,55268,araguaina,TO
CUST000729,CUNQ000729,58567,vitoria,ES
CUST000730,CUNQ000730,51827,joao pessoa,PB
CUST000731,CUNQ000731,26059,brasilia,DF
CUST000732,CUNQ000732,42495,aparecida de goiania,GO
CUST000733,CUNQ000733,16632,curitiba,PR
CUST000734,CUNQ000734,90658,jaboatao dos guararapes,PE
CUST000735,CUNQ000735,30932,cuiaba,MT
CUST000736,CUNQ000736,85718,boa vista,RR
CUST000737,CUNQ000737,34881,rio branco,AC
CUST000738,CUNQ000738,75308,manaus,AM
CUST000739,CUNQ000739,75373,campina grande,PB
CUST000740,CUNQ000740,13037,jaboatao dos guararapes,PE
CUST000741,CUNQ000741,76249,contagem,MG
CUST000742,CUNQ000742,38199,campo grande,MS
CUST000743,CUNQ000743,16377,arapiraca,AL
CUST000744,CUNQ000744,74866,duque de caxias,RJ
CUST000745,CUNQ000745,47453,parnaiba,PI
CUST000746,CUNQ000746,24089,natal,RN
CUST000747,CUNQ000747,44664,cuiaba,MT
CUST000748,CUNQ000748,62855,rio branco,AC
CUST000749,CUNQ000749,62505,belem,PA
CUST000750,CUNQ000750,57516,niteroi,RJ
CUST000751,CUNQ000751,19637,mossoro,RN
CUST000752,CUNQ000752,69028,serra,ES
CUST000753,CUNQ000753,91689,manaus,AM
CUST000754,CUNQ000754,26864,porto velho,RO
CUST000755,CUNQ000755,58915,caxias do sul,RS
CUST000756,CUNQ000756,83116,macapa,AP
CUST000757,CUNQ000757,36090,belem,PA
CUST000758,CUNQ000758,75546,parnaiba,PI
CUST000759,CUNQ000759,15100,rio de janeiro,RJ
CUST000760,CUNQ000760,53652,maringa,PR
CUST000761,CUNQ000761,78069,macapa,AP
CUST000762,CUNQ000762,89463,campo grande,MS
CUST000763,CUNQ000763,52987,joao pessoa,PB
CUST000764,CUNQ000764,31299,parnaiba,PI
CUST000765,CUNQ000765,49221,serra,ES
CUST000766,CUNQ000766,76494,arapiraca,AL
CUST000767,CUNQ000767,83783,boa vista,RR
CUST000768,CUNQ000768,12180,jaboatao dos guararapes,PE
CUST000769,CUNQ000769,98317,ananindeua,PA
CUST000770,CUNQ000770,86507,caxias do sul,RS
CUST000771,CUNQ000771,88238,recife,PE
CUST000772,CUNQ000772,95929,imperatriz,MA
CUST000773,CUNQ000773,16731,macapa,AP
CUST000774,CUNQ000774,32349,arapiraca,AL
CUST000775,CUNQ000775,29369,campina grande,PB
CUST000776,CUNQ000776,14138,boa vista,RR
CUST000777,CUNQ000777,35006,maceio,AL
CUST000778,CUNQ000778,51116,sorocaba,SP
CUST000779,CUNQ000779,64127,cuiaba,MT
CUST000780,CUNQ000780,63788,palmas,TO
CUST000781,CUNQ000781,18163,campina grande,PB
CUST000782,CUNQ000782,77984,palmas,TO
CUST000783,CUNQ000783,52604,vitoria da conquista,BA
CUST000784,CUNQ000784,78875,ji-parana,RO
CUST000785,CUNQ000785,32699,vila velha,ES
CUST000786,CUNQ000786,81601,dourados,MS
CUST000787,CUNQ000787,89963,ananindeua,PA
CUST000788,CUNQ000788,42311,sao luis,MA
CUST000789,CUNQ000789,39473,aparecida de goiania,GO
CUST000790,CUNQ000790,37168,jaboatao dos guararapes,PE
CUST000791,CUNQ000791,51555,araguaina,TO
CUST000792,CUNQ000792,83464,imperatriz,MA
CUST000793,CUNQ000793,47721,macapa,AP
CUST000794,CUNQ000794,98686,pelotas,RS
CUST000795,CUNQ000795,61712,mossoro,RN
CUST000796,CUNQ000796,29198,boa vista,RR
CUST000797,CUNQ000797,47700,recife,PE
CUST000798,CUNQ000798,55398,palmas,TO
CUST000799,CUNQ000799,72793,dourados,MS
CUST000800,CUNQ000800,80592,salvador,BA
CUST000801,CUNQ000801,27992,aparecida de goiania,GO
CUST000802,CUNQ000802,86917,pelotas,RS
CUST000803,CUNQ000803,16653,brasilia,DF
CUST000804,CUNQ000804,93616,porto velho,RO
CUST000805,CUNQ000805,23133,brasilia,DF
CUST000806,CUNQ000806,71918,varzea grande,MT
CUST000807,CUNQ000807,28018,pelotas,RS
CUST000808,CUNQ000808,30701,osasco,SP
CUST000809,CUNQ000809,72580,varzea grande,MT
CUST000810,CUNQ000810,47649,aracaju,SE
CUST000811,CUNQ000811,94659,caucaia,CE
CUST000812,CUNQ000812,95498,rio de janeiro,RJ
CUST000813,CUNQ000813,80143,maceio,AL
CUST000814,CUNQ000814,32946,rio branco,AC
CUST000815,CUNQ000815,14763,cuiaba,MT
CUST000816,CUNQ000816,74930,boa vista,RR
CUST000817,CUNQ000817,47941,blumenau,SC
CUST000818,CUNQ000818,49110,rio de janeiro,RJ
CUST000819,CUNQ000819,53914,maceio,AL
CUST000820,CUNQ000820,94058,jaboatao dos guararapes,PE
CUST000821,CUNQ000821,27589,mossoro,RN
CUST000822,CUNQ000822,45761,campina grande,PB
CUST000823,CUNQ000823,53343,salvador,BA
CUST000824,CUNQ000824,70150,blumenau,SC
CUST000825,CUNQ000825,34405,nossa senhora do socorro,SE
CUST000826,CUNQ000826,48669,santos,SP
CUST000827,CUNQ000827,33002,maceio,AL
CUST000828,CUNQ000828,66059,parnaiba,PI
CUST000829,CUNQ000829,21368,campina grande,PB
CUST000830,CUNQ000830,22502,serra,ES
CUST000831,CUNQ000831,72580,florianopolis,SC
CUST000832,CUNQ000832,10895,fortaleza,CE
CUST000833,CUNQ000833,40870,aparecida de goiania,GO
CUST000834,CUNQ000834,53204,dourados,MS
CUST000835,CUNQ000835,44282,recife,PE
CUST000836,CUNQ000836,40972,nossa senhora do socorro,SE
CUST000837,CUNQ000837,71000,rio de janeiro,RJ
CUST000838,CUNQ000838,63138,recife,PE
CUST000839,CUNQ000839,25389,ji-parana,RO
CUST000840,CUNQ000840,58174,nossa senhora do socorro,SE
CUST000841,CUNQ000841,38721,teresina,PI
CUST000842,CUNQ000842,30078,londrina,PR
CUST000843,CUNQ000843,64505,dourados,MS
CUST000844,CUNQ000844,80453,araguaina,TO
CUST000845,CUNQ000845,42435,macapa,AP
CUST000846,CUNQ000846,78879,porto velho,RO
CUST000847,CUNQ000847,20237,dourados,MS
CUST000848,CUNQ000848,18094,maceio,AL
CUST000849,CUNQ000849,85065,boa vista,RR
CUST000850,CUNQ000850,31566,natal,RN
CUST000851,CUNQ000851,25235,caucaia,CE
CUST000852,CUNQ000852,86434,porto velho,RO
CUST000853,CUNQ000853,76895,sao luis,MA
CUST000854,CUNQ000854,69432,campo grande,MS
CUST000855,CUNQ000855,64450,maringa,PR
CUST000856,CUNQ000856,83242,campo grande,MS
CUST000857,CUNQ000857,12853,dourados,MS
CUST000858,CUNQ000858,10395,vila velha,ES
CUST000859,CUNQ000859,85800,rio branco,AC
CUST000860,CUNQ000860,65534,belo horizonte,MG
CUST000861,CUNQ000861,80931,belem,PA
CUST000862,CUNQ000862,71875,rio de janeiro,RJ
CUST000863,CUNQ000863,63591,duque de caxias,RJ
CUST000864,CUNQ000864,94085,florianopolis,SC
CUST000865,CUNQ000865,59081,rio branco,AC
CUST000866,CUNQ000866,59479,vila velha,ES
CUST000867,CUNQ000867,99486,vitoria,ES
CUST000868,CUNQ000868,95660,porto velho,RO
CUST000869,CUNQ000869,33392,belem,PA
CUST000870,CUNQ000870,79316,mossoro,RN
CUST000871,CUNQ000871,39188,maringa,PR
CUST000872,CUNQ000872,12979,boa vista,RR
CUST000873,CUNQ000873,98276,jaboatao dos guararapes,PE
CUST000874,CUNQ000874,79721,rio branco,AC
CUST000875,CUNQ000875,42441,vitoria,ES
CUST000876,CUNQ000876,30332,dourados,MS
CUST000877,CUNQ000877,24790,goiania,GO
CUST000878,CUNQ000878,90599,nova iguacu,RJ
CUST000879,CUNQ000879,41544,manaus,AM
CUST000880,CUNQ000880,23224,salvador,BA
CUST000881,CUNQ000881,68515,teresina,PI
CUST000882,CUNQ000882,42077,teresina,PI
CUST000883,CUNQ000883,62725,rio branco,AC
CUST000884,CUNQ000884,80747,campo grande,MS
CUST000885,CUNQ000885,28367,salvador,BA
CUST000886,CUNQ000886,40692,campina grande,PB
CUST000887,CUNQ000887,85690,boa vista,RR
CUST000888,CUNQ000888,41051,parnaiba,PI
CUST000889,CUNQ000889,96535,recife,PE
CUST000890,CUNQ000890,64206,joao pessoa,PB
CUST000891,CUNQ000891,17989,jaboatao dos guararapes,PE
CUST000892,CUNQ000892,92050,natal,RN
CUST000893,CUNQ000893,82856,ji-parana,RO
CUST000894,CUNQ000894,55143,sao luis,MA
CUST000895,CUNQ000895,78742,nossa senhora do socorro,SE
CUST000896,CUNQ000896,63511,caucaia,CE
CUST000897,CUNQ000897,59343,londrina,PR
CUST000898,CUNQ000898,72065,blumenau,SC
CUST000899,CUNQ000899,49418,brasilia,DF
CUST000900,CUNQ000900,70689,palmas,TO
CUST000901,CUNQ000901,64592,nova iguacu,RJ
CUST000902,CUNQ000902,60910,natal,RN
CUST000903,CUNQ000903,36651,brasilia,DF
CUST000904,CUNQ000904,68954,fortaleza,CE
CUST000905,CUNQ000905,80206,belem,PA
CUST000906,CUNQ000906,16755,rio branco,AC
CUST000907,CUNQ000907,98299,aparecida de goiania,GO
CUST000908,CUNQ000908,19539,teresina,PI
CUST000909,CUNQ000909,98008,vitoria da conquista,BA
CUST000910,CUNQ000910,72835,natal,RN
CUST000911,CUNQ000911,49739,feira de santana,BA
CUST000912,CUNQ000912,34906,campinas,SP
CUST000913,CUNQ000913,72773,rio branco,AC
CUST000914,CUNQ000914,61987,brasilia,DF
CUST000915,CUNQ000915,47101,brasilia,DF
CUST000916,CUNQ000916,79946,vila velha,ES
CUST000917,CUNQ000917,50425,nossa senhora do socorro,SE
CUST000918,CUNQ000918,77215,aparecida de goiania,GO
CUST000919,CUNQ000919,22924,imperatriz,MA
CUST000920,CUNQ000920,51973,macapa,AP
CUST000921,CUNQ000921,51015,feira de santana,BA
CUST000922,CUNQ000922,83731,cuiaba,MT
CUST000923,CUNQ000923,12125,brasilia,DF
CUST000924,CUNQ000924,48691,aparecida de goiania,GO
CUST000925,CUNQ000925,53236,curitiba,PR
CUST000926,CUNQ000926,84683,brasilia,DF
CUST000927,CUNQ000927,75444,boa vista,RR
CUST000928,CUNQ000928,43728,mossoro,RN
CUST000929,CUNQ000929,94108,manaus,AM
CUST000930,CUNQ000930,70401,rio branco,AC
CUST000931,CUNQ000931,56160,blumenau,SC
CUST000932,CUNQ000932,81636,florianopolis,SC
CUST000933,CUNQ000933,81058,sao luis,MA
CUST000934,CUNQ000934,78674,aracaju,SE
CUST000935,CUNQ000935,97584,rio de janeiro,RJ
CUST000936,CUNQ000936,64053,rio de janeiro,RJ
CUST000937,CUNQ000937,40334,maringa,PR
CUST000938,CUNQ000938,11198,uberlandia,MG
CUST000939,CUNQ000939,69770,vitoria da conquista,BA
CUST000940,CUNQ000940,90980,belem,PA
CUST000941,CUNQ000941,96413,nossa senhora do socorro,SE
CUST000942,CUNQ000942,10866,sao luis,MA
CUST000943,CUNQ000943,11553,mossoro,RN
CUST000944,CUNQ000944,46010,osasco,SP
CUST000945,CUNQ000945,12246,mossoro,RN
CUST000946,CUNQ000946,33496,campina grande,PB
CUST000947,CUNQ000947,78732,porto alegre,RS
CUST000948,CUNQ000948,35156,curitiba,PR
CUST000949,CUNQ000949,56457,parnaiba,PI
CUST000950,CUNQ000950,20357,aparecida de goiania,GO
CUST000951,CUNQ000951,70161,ananindeua,PA
CUST000952,CUNQ000952,39603,maceio,AL
CUST000953,CUNQ000953,95686,recife,PE
CUST000954,CUNQ000954,22255,aracaju,SE
CUST000955,CUNQ000955,59436,vila velha,ES
CUST000956,CUNQ000956,17355,mossoro,RN
CUST000957,CUNQ000957,32463,aracaju,SE
CUST000958,CUNQ000958,66873,contagem,MG
CUST000959,CUNQ000959,84167,nossa senhora do socorro,SE
CUST000960,CUNQ000960,15577,pelotas,RS
CUST000961,CUNQ000961,84289,brasilia,DF
CUST000962,CUNQ000962,16102,imperatriz,MA
CUST000963,CUNQ000963,81176,juiz de fora,MG
CUST000964,CUNQ000964,33508,maceio,AL
CUST000965,CUNQ000965,37152,fortaleza,CE
CUST000966,CUNQ000966,62205,maceio,AL
CUST000967,CUNQ000967,31292,juiz de fora,MG
CUST000968,CUNQ000968,84277,maceio,AL
CUST000969,CUNQ000969,98740,boa vista,RR
CUST000970,CUNQ000970,60311,mossoro,RN
CUST000971,CUNQ000971,20279,manaus,AM
CUST000972,CUNQ000972,17038,campina grande,PB
CUST000973,CUNQ000973,40427,caxias do sul,RS
CUST000974,CUNQ000974,54642,boa vista,RR
CUST000975,CUNQ000975,52778,parnaiba,PI
CUST000976,CUNQ000976,69054,santos,SP
CUST000977,CUNQ000977,56636,sao luis,MA
CUST000978,CUNQ000978,66603,mossoro,RN
CUST000979,CUNQ000979,86791,blumenau,SC
CUST000980,CUNQ000980,21232,ji-parana,RO
CUST000981,CUNQ000981,42302,manaus,AM
CUST000982,CUNQ000982,20752,palmas,TO
CUST000983,CUNQ000983,59807,goiania,GO
CUST000984,CUNQ000984,61068,palmas,TO
CUST000985,CUNQ000985,23965,caucaia,CE
CUST000986,CUNQ000986,50405,belo horizonte,MG
CUST000987,CUNQ000987,45358,dourados,MS
CUST000988,CUNQ000988,21442,porto alegre,RS
CUST000989,CUNQ000989,68830,joinville,SC
CUST000990,CUNQ000990,23538,mossoro,RN
CUST000991,CUNQ000991,56388,sao paulo,SP
CUST000992,CUNQ000992,88240,natal,RN
CUST000993,CUNQ000993,60493,parnaiba,PI
CUST000994,CUNQ000994,64238,santos,SP
CUST000995,CUNQ000995,83339,vitoria,ES
CUST000996,CUNQ000996,99825,brasilia,DF
CUST000997,CUNQ000997,28198,vitoria,ES
CUST000998,CUNQ000998,45180,aparecida de goiania,GO
CUST000999,CUNQ000999,18292,sao luis,MA
CUST001000,CUNQ001000,46170,joinville,SC
CUST001001,CUNQ001001,73469,varzea grande,MT
CUST001002,CUNQ001002,57333,macapa,AP
CUST001003,CUNQ001003,91924,goiania,GO
CUST001004,CUNQ001004,70012,sao luis,MA
CUST001005,CUNQ001005,49932,porto alegre,RS
CUST001006,CUNQ001006,53544,sorocaba,SP
CUST001007,CUNQ001007,53193,boa vista,RR
CUST001008,CUNQ001008,66441,dourados,MS
CUST001009,CUNQ001009,49378,boa vista,RR
CUST001010,CUNQ001010,72784,fortaleza,CE
CUST001011,CUNQ001011,62198,fortaleza,CE
CUST001012,CUNQ001012,92955,caucaia,CE
CUST001013,CUNQ001013,52714,sao luis,MA
CUST001014,CUNQ001014,61502,vila velha,ES
CUST001015,CUNQ001015,83905,belem,PA
CUST001016,CUNQ001016,81516,vitoria da conquista,BA
CUST001017,CUNQ001017,82102,blumenau,SC
CUST001018,CUNQ001018,37479,sorocaba,SP
CUST001019,CUNQ001019,19064,dourados,MS
CUST001020,CUNQ001020,98208,boa vista,RR
CUST001021,CUNQ001021,93012,sao luis,MA
CUST001022,CUNQ001022,43119,recife,PE
CUST001023,CUNQ001023,65460,porto velho,RO
CUST001024,CUNQ001024,19694,macapa,AP
CUST001025,CUNQ001025,86315,dourados,MS
CUST001026,CUNQ001026,76402,serra,ES
CUST001027,CUNQ001027,81256,araguaina,TO
CUST001028,CUNQ001028,80373,duque de caxias,RJ
CUST001029,CUNQ001029,24335,teresina,PI
CUST001030,CUNQ001030,96193,manaus,AM
CUST001031,CUNQ001031,31802,ji-parana,RO
CUST001032,CUNQ001032,83822,aracaju,SE
CUST001033,CUNQ001033,53463,nossa senhora do socorro,SE
CUST001034,CUNQ001034,23886,macapa,AP
CUST001035,CUNQ001035,43913,sao paulo,SP
CUST001036,CUNQ001036,68429,brasilia,DF
CUST001037,CUNQ001037,70694,ananindeua,PA
CUST001038,CUNQ001038,55215,manaus,AM
CUST001039,CUNQ001039,23703,sorocaba,SP
CUST001040,CUNQ001040,21253,jaboatao dos guararapes,PE
CUST001041,CUNQ001041,28569,pelotas,RS
CUST001042,CUNQ001042,54966,ananindeua,PA
CUST001043,CUNQ001043,78303,campo grande,MS
CUST001044,CUNQ001044,72411,imperatriz,MA
CUST001045,CUNQ001045,69303,caxias do sul,RS
CUST001046,CUNQ001046,49356,fortaleza,CE
CUST001047,CUNQ001047,12960,rio de janeiro,RJ
CUST001048,CUNQ001048,98754,fortaleza,CE
CUST001049,CUNQ001049,41970,macapa,AP
CUST001050,CUNQ001050,82339,joao pessoa,PB
CUST001051,CUNQ001051,83380,joinville,SC
CUST001052,CUNQ001052,40389,varzea grande,MT
CUST001053,CUNQ001053,92543,macapa,AP
CUST001054,CUNQ001054,93948,florianopolis,SC
CUST001055,CUNQ001055,61849,ji-parana,RO
CUST001056,CUNQ001056,35863,osasco,SP
CUST001057,CUNQ001057,60965,dourados,MS
CUST001058,CUNQ001058,36972,campinas,SP
CUST001059,CUNQ001059,85674,goiania,GO
CUST001060,CUNQ001060,34505,pelotas,RS
CUST001061,CUNQ001061,35830,ananindeua,PA
CUST001062,CUNQ001062,44387,campo grande,MS
CUST001063,CUNQ001063,79168,ji-parana,RO
CUST001064,CUNQ001064,88246,nossa senhora do socorro,SE
CUST001065,CUNQ001065,61451,serra,ES
CUST001066,CUNQ001066,55603,maceio,AL
CUST001067,CUNQ001067,90918,ananindeua,PA
CUST001068,CUNQ001068,48986,blumenau,SC
CUST001069,CUNQ001069,98094,teresina,PI
CUST001070,CUNQ001070,25448,londrina,PR
CUST001071,CUNQ001071,25328,brasilia,DF
CUST001072,CUNQ001072,28528,joinville,SC
CUST001073,CUNQ001073,64819,campina grande,PB
CUST001074,CUNQ001074,85340,teresina,PI
CUST001075,CUNQ001075,34347,vila velha,ES
CUST001076,CUNQ001076,82733,sao luis,MA
CUST001077,CUNQ001077,47858,joinville,SC
CUST001078,CUNQ001078,51232,curitiba,PR
CUST001079,CUNQ001079,91187,boa vista,RR
CUST001080,CUNQ001080,11256,duque de caxias,RJ
CUST001081,CUNQ001081,35575,sao luis,MA
CUST001082,CUNQ001082,83607,boa vista,RR
CUST001083,CUNQ001083,63626,campina grande,PB
CUST001084,CUNQ001084,64477,ji-parana,RO
CUST001085,CUNQ001085,74054,araguaina,TO
CUST001086,CUNQ001086,84107,florianopolis,SC
CUST001087,CUNQ001087,48284,campinas,SP
CUST001088,CUNQ001088,39470,duque de caxias,RJ
CUST001089,CUNQ001089,32047,mossoro,RN
CUST001090,CUNQ001090,84140,manaus,AM
CUST001091,CUNQ001091,82053,rio branco,AC
CUST001092,CUNQ001092,85066,joao pessoa,PB
CUST001093,CUNQ001093,81186,caxias do sul,RS
CUST001094,CUNQ001094,81046,boa vista,RR
CUST001095,CUNQ001095,67850,boa vista,RR
CUST001096,CUNQ001096,65725,natal,RN
CUST001097,CUNQ001097,95678,pelotas,RS
CUST001098,CUNQ001098,49021,manaus,AM
CUST001099,CUNQ001099,44447,nova iguacu,RJ
CUST001100,CUNQ001100,67549,belem,PA
CUST001101,CUNQ001101,37509,porto alegre,RS
CUST001102,CUNQ001102,89988,macapa,AP
CUST001103,CUNQ001103,31755,nossa senhora do socorro,SE
CUST001104,CUNQ001104,37082,teresina,PI
CUST001105,CUNQ001105,17780,boa vista,RR
CUST001106,CUNQ001106,79767,arapiraca,AL
CUST001107,CUNQ001107,52421,goiania,GO
CUST001108,CUNQ001108,47923,araguaina,TO
CUST001109,CUNQ001109,77425,arapiraca,AL
CUST001110,CUNQ001110,27771,porto velho,RO
CUST001111,CUNQ001111,17770,manaus,AM
CUST001112,CUNQ001112,27392,goiania,GO
CUST001113,CUNQ001113,52217,brasilia,DF
CUST001114,CUNQ001114,98635,boa vista,RR
CUST001115,CUNQ001115,28634,vila velha,ES
CUST001116,CUNQ001116,92288,arapiraca,AL
CUST001117,CUNQ001117,69243,varzea grande,MT
CUST001118,CUNQ001118,62802,belo horizonte,MG
CUST001119,CUNQ001119,58374,campina grande,PB
CUST001120,CUNQ001120,52898,dourados,MS
CUST001121,CUNQ001121,22208,maceio,AL
CUST001122,CUNQ001122,93209,rio branco,AC
CUST001123,CUNQ001123,18300,ji-parana,RO
CUST001124,CUNQ001124,38551,macapa,AP
CUST001125,CUNQ001125,74843,cuiaba,MT
CUST001126,CUNQ001126,47171,aparecida de goiania,GO
CUST001127,CUNQ001127,84205,fortaleza,CE
CUST001128,CUNQ001128,99463,imperatriz,MA
CUST001129,CUNQ001129,16021,manaus,AM
CUST001130,CUNQ001130,70238,pelotas,RS
CUST001131,CUNQ001131,30707,sao paulo,SP
CUST001132,CUNQ001132,10088,dourados,MS
CUST001133,CUNQ001133,27290,cuiaba,MT
CUST001134,CUNQ001134,30837,nossa senhora do socorro,SE
CUST001135,CUNQ001135,95798,goiania,GO
CUST001136,CUNQ001136,20803,ananindeua,PA
CUST001137,CUNQ001137,16787,belem,PA
CUST001138,CUNQ001138,50043,serra,ES
CUST001139,CUNQ001139,66260,rio branco,AC
CUST001140,CUNQ001140,22475,aracaju,SE
CUST001141,CUNQ001141,72496,campinas,SP
CUST001142,CUNQ001142,87814,uberlandia,MG
CUST001143,CUNQ001143,11217,brasilia,DF
CUST001144,CUNQ001144,25806,santos,SP
CUST001145,CUNQ001145,72613,cuiaba,MT
CUST001146,CUNQ001146,60209,uberlandia,MG
CUST001147,CUNQ001147,23526,belo horizonte,MG
CUST001148,CUNQ001148,49223,caucaia,CE
CUST001149,CUNQ001149,27451,londrina,PR
CUST001150,CUNQ001150,18966,aracaju,SE
CUST001151,CUNQ001151,89995,joao pessoa,PB
CUST001152,CUNQ001152,67684,aracaju,SE
CUST001153,CUNQ001153,92323,belem,PA
CUST001154,CUNQ001154,63963,rio branco,AC
CUST001155,CUNQ001155,38474,parnaiba,PI
CUST001156,CUNQ001156,28351,belo horizonte,MG
CUST001157,CUNQ001157,87276,manaus,AM
CUST001158,CUNQ001158,56076,rio branco,AC
CUST001159,CUNQ001159,28327,varzea grande,MT
CUST001160,CUNQ001160,94491,brasilia,DF
CUST001161,CUNQ001161,82534,uberlandia,MG
CUST001162,CUNQ001162,13515,parnaiba,PI
CUST001163,CUNQ001163,36928,ji-parana,RO
CUST001164,CUNQ001164,61347,joao pessoa,PB
CUST001165,CUNQ001165,41370,recife,PE
CUST001166,CUNQ001166,24777,imperatriz,MA
CUST001167,CUNQ001167,93634,brasilia,DF
CUST001168,CUNQ001168,79243,teresina,PI
CUST001169,CUNQ001169,51480,santos,SP
CUST001170,CUNQ001170,84498,londrina,PR
CUST001171,CUNQ001171,81612,varzea grande,MT
CUST001172,CUNQ001172,71736,porto velho,RO
CUST001173,CUNQ001173,12187,manaus,AM
CUST001174,CUNQ001174,11807,maceio,AL
CUST001175,CUNQ001175,15220,goiania,GO
CUST001176,CUNQ001176,76402,nova iguacu,RJ
CUST001177,CUNQ001177,65518,jaboatao dos guararapes,PE
CUST001178,CUNQ001178,20803,araguaina,TO
CUST001179,CUNQ001179,46368,aracaju,SE
CUST001180,CUNQ001180,20357,juiz de fora,MG
CUST001181,CUNQ001181,30365,joao pessoa,PB
CUST001182,CUNQ001182,61213,mossoro,RN
CUST001183,CUNQ001183,50654,maceio,AL
CUST001184,CUNQ001184,41278,araguaina,TO
CUST001185,CUNQ001185,21300,niteroi,RJ
CUST001186,CUNQ001186,69424,cuiaba,MT
CUST001187,CUNQ001187,50539,teresina,PI
CUST001188,CUNQ001188,25655,porto velho,RO
CUST001189,CUNQ001189,11487,campinas,SP
CUST001190,CUNQ001190,55443,joinville,SC
CUST001191,CUNQ001191,31884,campina grande,PB
CUST001192,CUNQ001192,45227,belem,PA
CUST001193,CUNQ001193,13847,rio branco,AC
CUST001194,CUNQ001194,45649,caucaia,CE
CUST001195,CUNQ001195,44465,joao pessoa,PB
CUST001196,CUNQ001196,75031,palmas,TO
CUST001197,CUNQ001197,17266,dourados,MS
CUST001198,CUNQ001198,58193,sao luis,MA
CUST001199,CUNQ001199,23487,joinville,SC
CUST001200,CUNQ001200,39937,maceio,AL
CUST001201,CUNQ001201,15772,rio branco,AC
CUST001202,CUNQ001202,16026,campinas,SP
CUST001203,CUNQ001203,60197,imperatriz,MA
CUST001204,CUNQ001204,14635,curitiba,PR
CUST001205,CUNQ001205,39427,mossoro,RN
CUST001206,CUNQ001206,64559,fortaleza,CE
CUST001207,CUNQ001207,45554,rio branco,AC
CUST001208,CUNQ001208,84912,boa vista,RR
CUST001209,CUNQ001209,75803,belem,PA
CUST001210,CUNQ001210,33507,porto velho,RO
CUST001211,CUNQ001211,62550,brasilia,DF
CUST001212,CUNQ001212,47002,contagem,MG
CUST001213,CUNQ001213,52899,manaus,AM
CUST001214,CUNQ001214,11044,contagem,MG
CUST001215,CUNQ001215,48219,belem,PA
CUST001216,CUNQ001216,91620,arapiraca,AL
CUST001217,CUNQ001217,58270,brasilia,DF
CUST001218,CUNQ001218,35614,arapiraca,AL
CUST001219,CUNQ001219,29735,rio branco,AC
CUST001220,CUNQ001220,13133,sorocaba,SP
CUST001221,CUNQ001221,93354,brasilia,DF
CUST001222,CUNQ001222,53911,boa vista,RR
CUST001223,CUNQ001223,50306,sorocaba,SP
CUST001224,CUNQ001224,79443,porto alegre,RS
CUST001225,CUNQ001225,74491,brasilia,DF
CUST001226,CUNQ001226,46677,niteroi,RJ
CUST001227,CUNQ001227,40339,belo horizonte,MG
CUST001228,CUNQ001228,58823,campina grande,PB
CUST001229,CUNQ001229,86122,campo grande,MS
CUST001230,CUNQ001230,27499,pelotas,RS
CUST001231,CUNQ001231,19808,nossa senhora do socorro,SE
CUST001232,CUNQ001232,67014,maceio,AL
CUST001233,CUNQ001233,41034,porto velho,RO
CUST001234,CUNQ001234,51288,jaboatao dos guararapes,PE
CUST001235,CUNQ001235,52762,macapa,AP
CUST001236,CUNQ001236,45645,caucaia,CE
CUST001237,CUNQ001237,36569,brasilia,DF
CUST001238,CUNQ001238,24283,maringa,PR
CUST001239,CUNQ001239,31544,curitiba,PR
CUST001240,CUNQ001240,51160,dourados,MS
CUST001241,CUNQ001241,80244,cuiaba,MT
CUST001242,CUNQ001242,69233,belem,PA
CUST001243,CUNQ001243,44735,jaboatao dos guararapes,PE
CUST001244,CUNQ001244,30658,porto alegre,RS
CUST001245,CUNQ001245,89076,macapa,AP
CUST001246,CUNQ001246,52964,niteroi,RJ
CUST001247,CUNQ001247,42534,curitiba,PR
CUST001248,CUNQ001248,77300,ananindeua,PA
CUST001249,CUNQ001249,44100,duque de caxias,RJ
CUST001250,CUNQ001250,14073,boa vista,RR
CUST001251,CUNQ001251,82869,vila velha,ES
CUST001252,CUNQ001252,22415,rio branco,AC
CUST001253,CUNQ001253,28322,campo grande,MS
CUST001254,CUNQ001254,18083,porto alegre,RS
CUST001255,CUNQ001255,27133,boa vista,RR
CUST001256,CUNQ001256,58790,feira de santana,BA
CUST001257,CUNQ001257,86326,porto velho,RO
CUST001258,CUNQ001258,19828,arapiraca,AL
CUST001259,CUNQ001259,35919,sao paulo,SP
CUST001260,CUNQ001260,26880,nossa senhora do socorro,SE
CUST001261,CUNQ001261,26059,juiz de fora,MG
CUST001262,CUNQ001262,16637,nova iguacu,RJ
CUST001263,CUNQ001263,66774,blumenau,SC
CUST001264,CUNQ001264,75028,boa vista,RR
CUST001265,CUNQ001265,99550,sorocaba,SP
CUST001266,CUNQ001266,56392,cuiaba,MT
CUST001267,CUNQ001267,46042,salvador,BA
CUST001268,CUNQ001268,29481,aparecida de goiania,GO
CUST001269,CUNQ001269,94840,niteroi,RJ
CUST001270,CUNQ001270,64000,jaboatao dos guararapes,PE
CUST001271,CUNQ001271,17992,mossoro,RN
CUST001272,CUNQ001272,60202,juiz de fora,MG
CUST001273,CUNQ001273,36143,londrina,PR
CUST001274,CUNQ001274,92674,aracaju,SE
CUST001275,CUNQ001275,60134,macapa,AP
CUST001276,CUNQ001276,72873,macapa,AP
CUST001277,CUNQ001277,55093,mossoro,RN
CUST001278,CUNQ001278,60905,arapiraca,AL
CUST001279,CUNQ001279,13416,goiania,GO
CUST001280,CUNQ001280,13840,fortaleza,CE
CUST001281,CUNQ001281,17679,macapa,AP
CUST001282,CUNQ001282,79393,macapa,AP
CUST001283,CUNQ001283,30922,belem,PA
CUST001284,CUNQ001284,96096,porto alegre,RS
CUST001285,CUNQ001285,79951,brasilia,DF
CUST001286,CUNQ001286,38758,boa vista,RR
CUST001287,CUNQ001287,56504,arapiraca,AL
CUST001288,CUNQ001288,33081,boa vista,RR
CUST001289,CUNQ001289,57026,brasilia,DF
CUST001290,CUNQ001290,56095,maceio,AL
CUST001291,CUNQ001291,83807,maceio,AL
CUST001292,CUNQ001292,81057,feira de santana,BA
CUST001293,CUNQ001293,74282,recife,PE
CUST001294,CUNQ001294,17362,rio de janeiro,RJ
CUST001295,CUNQ001295,12612,brasilia,DF
CUST001296,CUNQ001296,10089,campina grande,PB
CUST001297,CUNQ001297,27103,fortaleza,CE
CUST001298,CUNQ001298,52413,fortaleza,CE
CUST001299,CUNQ001299,29360,rio de janeiro,RJ
CUST001300,CUNQ001300,24538,maceio,AL
CUST001301,CUNQ001301,19506,campina grande,PB
CUST001302,CUNQ001302,86810,ananindeua,PA
CUST001303,CUNQ001303,49552,caxias do sul,RS
CUST001304,CUNQ001304,30644,fortaleza,CE
CUST001305,CUNQ001305,93789,rio branco,AC
CUST001306,CUNQ001306,32833,imperatriz,MA
CUST001307,CUNQ001307,39260,araguaina,TO
CUST001308,CUNQ001308,59595,porto velho,RO
CUST001309,CUNQ001309,26691,jaboatao dos guararapes,PE
CUST001310,CUNQ001310,10235,blumenau,SC
CUST001311,CUNQ001311,84381,araguaina,TO
CUST001312,CUNQ001312,88956,niteroi,RJ
CUST001313,CUNQ001313,93839,fortaleza,CE
CUST001314,CUNQ001314,75035,maceio,AL
CUST001315,CUNQ001315,20198,londrina,PR
CUST001316,CUNQ001316,51879,brasilia,DF
CUST001317,CUNQ001317,21629,blumenau,SC
CUST001318,CUNQ001318,68540,boa vista,RR
CUST001319,CUNQ001319,37483,santos,SP
CUST001320,CUNQ001320,55938,brasilia,DF
CUST001321,CUNQ001321,10167,goiania,GO
CUST001322,CUNQ001322,67438,nova iguacu,RJ
CUST001323,CUNQ001323,31802,rio branco,AC
CUST001324,CUNQ001324,59638,varzea grande,MT
CUST001325,CUNQ001325,23294,ananindeua,PA
CUST001326,CUNQ001326,85766,boa vista,RR
CUST001327,CUNQ001327,31319,aracaju,SE
CUST001328,CUNQ001328,14379,campo grande,MS
CUST001329,CUNQ001329,51774,recife,PE
CUST001330,CUNQ001330,19725,goiania,GO
CUST001331,CUNQ001331,59212,fortaleza,CE
CUST001332,CUNQ001332,19830,blumenau,SC
CUST001333,CUNQ001333,54295,natal,RN
CUST001334,CUNQ001334,14062,parnaiba,PI
CUST001335,CUNQ001335,89602,cuiaba,MT
CUST001336,CUNQ001336,17019,cuiaba,MT
CUST001337,CUNQ001337,36941,caxias do sul,RS
CUST001338,CUNQ001338,82628,feira de santana,BA
CUST001339,CUNQ001339,96585,rio branco,AC
CUST001340,CUNQ001340,41135,jaboatao dos guararapes,PE
CUST001341,CUNQ001341,61498,porto alegre,RS
CUST001342,CUNQ001342,30131,arapiraca,AL
CUST001343,CUNQ001343,10500,duque de caxias,RJ
CUST001344,CUNQ001344,48607,cuiaba,MT
CUST001345,CUNQ001345,36171,boa vista,RR
CUST001346,CUNQ001346,37125,porto alegre,RS
CUST001347,CUNQ001347,48248,blumenau,SC
CUST001348,CUNQ001348,25139,contagem,MG
CUST001349,CUNQ001349,71727,jaboatao dos guararapes,PE
CUST001350,CUNQ001350,21945,imperatriz,MA
CUST001351,CUNQ001351,34232,nossa senhora do socorro,SE
CUST001352,CUNQ001352,58418,ananindeua,PA
CUST001353,CUNQ001353,15848,joinville,SC
CUST001354,CUNQ001354,70956,aparecida de goiania,GO
CUST001355,CUNQ001355,45200,goiania,GO
CUST001356,CUNQ001356,29808,maceio,AL
CUST001357,CUNQ001357,21233,manaus,AM
CUST001358,CUNQ001358,80968,ji-parana,RO
CUST001359,CUNQ001359,82561,cuiaba,MT
CUST001360,CUNQ001360,78495,nova iguacu,RJ
CUST001361,CUNQ001361,85066,varzea grande,MT
CUST001362,CUNQ001362,49171,brasilia,DF
CUST001363,CUNQ001363,14551,contagem,MG
CUST001364,CUNQ001364,25765,joao pessoa,PB
CUST001365,CUNQ001365,32659,manaus,AM
CUST001366,CUNQ001366,35260,florianopolis,SC
CUST001367,CUNQ001367,65492,curitiba,PR
CUST001368,CUNQ001368,36465,contagem,MG
CUST001369,CUNQ001369,87994,boa vista,RR
CUST001370,CUNQ001370,18783,aparecida de goiania,GO
CUST001371,CUNQ001371,82923,contagem,MG
CUST001372,CUNQ001372,52746,serra,ES
CUST001373,CUNQ001373,11620,aparecida de goiania,GO
CUST001374,CUNQ001374,24748,macapa,AP
CUST001375,CUNQ001375,29424,cuiaba,MT
CUST001376,CUNQ001376,23845,maceio,AL
CUST001377,CUNQ001377,47498,maceio,AL
CUST001378,CUNQ001378,63856,mossoro,RN
CUST001379,CUNQ001379,95824,aparecida de goiania,GO
CUST001380,CUNQ001380,14910,imperatriz,MA
CUST001381,CUNQ001381,62818,joinville,SC
CUST001382,CUNQ001382,89777,maringa,PR
CUST001383,CUNQ001383,15083,ji-parana,RO
CUST001384,CUNQ001384,41139,vila velha,ES
CUST001385,CUNQ001385,45203,nova iguacu,RJ
CUST001386,CUNQ001386,54284,belem,PA
CUST001387,CUNQ001387,50756,boa vista,RR
CUST001388,CUNQ001388,99764,aparecida de goiania,GO
CUST001389,CUNQ001389,27614,porto alegre,RS
CUST001390,CUNQ001390,52056,jaboatao dos guararapes,PE
CUST001391,CUNQ001391,89295,aparecida de goiania,GO
CUST001392,CUNQ001392,34633,aracaju,SE
CUST001393,CUNQ001393,63368,campo grande,MS
CUST001394,CUNQ001394,77698,rio branco,AC
CUST001395,CUNQ001395,77537,belem,PA
CUST001396,CUNQ001396,18600,macapa,AP
CUST001397,CUNQ001397,27779,jaboatao dos guararapes,PE
CUST001398,CUNQ001398,32772,manaus,AM
CUST001399,CUNQ001399,17553,salvador,BA
CUST001400,CUNQ001400,69827,brasilia,DF
CUST001401,CUNQ001401,36097,duque de caxias,RJ
CUST001402,CUNQ001402,70846,aparecida de goiania,GO
CUST001403,CUNQ001403,93284,campina grande,PB
CUST001404,CUNQ001404,14005,pelotas,RS
CUST001405,CUNQ001405,74066,brasilia,DF
CUST001406,CUNQ001406,33276,parnaiba,PI
CUST001407,CUNQ001407,55121,imperatriz,MA
CUST001408,CUNQ001408,21847,joinville,SC
CUST001409,CUNQ001409,60667,recife,PE
CUST001410,CUNQ001410,85007,niteroi,RJ
CUST001411,CUNQ001411,39012,manaus,AM
CUST001412,CUNQ001412,98826,aracaju,SE
CUST001413,CUNQ001413,95404,feira de santana,BA
CUST001414,CUNQ001414,99417,cuiaba,MT
CUST001415,CUNQ001415,27342,sorocaba,SP
CUST001416,CUNQ001416,88792,aracaju,SE
CUST001417,CUNQ001417,39329,macapa,AP
CUST001418,CUNQ001418,94245,aparecida de goiania,GO
CUST001419,CUNQ001419,59345,aparecida de goiania,GO
CUST001420,CUNQ001420,43029,ananindeua,PA
CUST001421,CUNQ001421,49602,feira de santana,BA
CUST001422,CUNQ001422,86609,ji-parana,RO
CUST001423,CUNQ001423,77045,porto alegre,RS
CUST001424,CUNQ001424,83591,ji-parana,RO
CUST001425,CUNQ001425,49121,nossa senhora do socorro,SE
CUST001426,CUNQ001426,73142,porto velho,RO
CUST001427,CUNQ001427,46239,juiz de fora,MG
CUST001428,CUNQ001428,46291,nossa senhora do socorro,SE
CUST001429,CUNQ001429,34688,aparecida de goiania,GO
CUST001430,CUNQ001430,41496,maringa,PR
CUST001431,CUNQ001431,96577,nova iguacu,RJ
CUST001432,CUNQ001432,13336,fortaleza,CE
CUST001433,CUNQ001433,48745,nossa senhora do socorro,SE
CUST001434,CUNQ001434,63031,aparecida de goiania,GO
CUST001435,CUNQ001435,14629,serra,ES
CUST001436,CUNQ001436,54979,maceio,AL
CUST001437,CUNQ001437,99957,rio branco,AC
CUST001438,CUNQ001438,98063,mossoro,RN
CUST001439,CUNQ001439,32280,ananindeua,PA
CUST001440,CUNQ001440,48506,boa vista,RR
CUST001441,CUNQ001441,26769,caxias do sul,RS
CUST001442,CUNQ001442,83273,rio branco,AC
CUST001443,CUNQ001443,99091,manaus,AM
CUST001444,CUNQ001444,39131,fortaleza,CE
CUST001445,CUNQ001445,50250,belem,PA
CUST001446,CUNQ001446,58717,varzea grande,MT
CUST001447,CUNQ001447,70786,aparecida de goiania,GO
CUST001448,CUNQ001448,17035,caxias do sul,RS
CUST001449,CUNQ001449,71894,aracaju,SE
CUST001450,CUNQ001450,25704,vitoria da conquista,BA
CUST001451,CUNQ001451,79446,ji-parana,RO
CUST001452,CUNQ001452,17086,jaboatao dos guararapes,PE
CUST001453,CUNQ001453,36253,curitiba,PR
CUST001454,CUNQ001454,84632,caucaia,CE
CUST001455,CUNQ001455,51469,campo grande,MS
CUST001456,CUNQ001456,20592,palmas,TO
CUST001457,CUNQ001457,92710,imperatriz,MA
CUST001458,CUNQ001458,93165,joinville,SC
CUST001459,CUNQ001459,69251,rio de janeiro,RJ
CUST001460,CUNQ001460,32099,goiania,GO
CUST001461,CUNQ001461,74169,maceio,AL
CUST001462,CUNQ001462,26961,macapa,AP
CUST001463,CUNQ001463,93032,parnaiba,PI
CUST001464,CUNQ001464,66233,varzea grande,MT
CUST001465,CUNQ001465,10611,imperatriz,MA
CUST001466,CUNQ001466,58903,niteroi,RJ
CUST001467,CUNQ001467,79603,santos,SP
CUST001468,CUNQ001468,98702,salvador,BA
CUST001469,CUNQ001469,39657,campinas,SP
CUST001470,CUNQ001470,50906,araguaina,TO
CUST001471,CUNQ001471,60272,curitiba,PR
CUST001472,CUNQ001472,31891,campina grande,PB
CUST001473,CUNQ001473,49085,belo horizonte,MG
CUST001474,CUNQ001474,78195,jaboatao dos guararapes,PE
CUST001475,CUNQ001475,66841,parnaiba,PI
CUST001476,CUNQ001476,54922,porto velho,RO
CUST001477,CUNQ001477,34697,imperatriz,MA
CUST001478,CUNQ001478,12506,joinville,SC
CUST001479,CUNQ001479,27197,brasilia,DF
CUST001480,CUNQ001480,12872,vitoria da conquista,BA
CUST001481,CUNQ001481,26143,maceio,AL
CUST001482,CUNQ001482,59177,belem,PA
CUST001483,CUNQ001483,80088,nossa senhora do socorro,SE
CUST001484,CUNQ001484,87846,teresina,PI
CUST001485,CUNQ001485,95664,rio de janeiro,RJ
CUST001486,CUNQ001486,16322,boa vista,RR
CUST001487,CUNQ001487,64627,palmas,TO
CUST001488,CUNQ001488,26199,dourados,MS
CUST001489,CUNQ001489,72180,mossoro,RN
CUST001490,CUNQ001490,36934,palmas,TO
CUST001491,CUNQ001491,49467,palmas,TO
CUST001492,CUNQ001492,96832,cuiaba,MT
CUST001493,CUNQ001493,91631,campina grande,PB
CUST001494,CUNQ001494,64896,teresina,PI
CUST001495,CUNQ001495,77054,boa vista,RR
CUST001496,CUNQ001496,47054,rio branco,AC
CUST001497,CUNQ001497,75239,porto alegre,RS
CUST001498,CUNQ001498,36181,vitoria da conquista,BA
CUST001499,CUNQ001499,78569,manaus,AM
CUST001500,CUNQ001500,63707,feira de santana,BA
CUST001501,CUNQ001501,15164,recife,PE
CUST001502,CUNQ001502,37222,mossoro,RN
CUST001503,CUNQ001503,53332,araguaina,TO
CUST001504,CUNQ001504,11671,brasilia,DF
CUST001505,CUNQ001505,24474,porto velho,RO
CUST001506,CUNQ001506,29548,boa vista,RR
CUST001507,CUNQ001507,23276,belo horizonte,MG
CUST001508,CUNQ001508,69867,goiania,GO
CUST001509,CUNQ001509,70853,jaboatao dos guararapes,PE
CUST001510,CUNQ001510,32898,rio de janeiro,RJ
CUST001511,CUNQ001511,57214,duque de caxias,RJ
CUST001512,CUNQ001512,65836,macapa,AP
CUST001513,CUNQ001513,22451,rio branco,AC
CUST001514,CUNQ001514,11267,manaus,AM
CUST001515,CUNQ001515,94829,maringa,PR
CUST001516,CUNQ001516,56861,joinville,SC
CUST001517,CUNQ001517,22183,dourados,MS
CUST001518,CUNQ001518,33969,ananindeua,PA
CUST001519,CUNQ001519,62461,caxias do sul,RS
CUST001520,CUNQ001520,60556,dourados,MS
CUST001521,CUNQ001521,65278,araguaina,TO
CUST001522,CUNQ001522,24818,aracaju,SE
CUST001523,CUNQ001523,17686,maringa,PR
CUST001524,CUNQ001524,64529,florianopolis,SC
CUST001525,CUNQ001525,84572,arapiraca,AL
CUST001526,CUNQ001526,33758,ji-parana,RO
CUST001527,CUNQ001527,57002,parnaiba,PI
CUST001528,CUNQ001528,99714,teresina,PI
CUST001529,CUNQ001529,73318,boa vista,RR
CUST001530,CUNQ001530,63907,sao luis,MA
CUST001531,CUNQ001531,18301,campo grande,MS
CUST001532,CUNQ001532,11620,aparecida de goiania,GO
CUST001533,CUNQ001533,97797,palmas,TO
CUST001534,CUNQ001534,66734,fortaleza,CE
CUST001535,CUNQ001535,73167,porto velho,RO
CUST001536,CUNQ001536,29484,ananindeua,PA
CUST001537,CUNQ001537,11526,boa vista,RR
CUST001538,CUNQ001538,76265,aracaju,SE
CUST001539,CUNQ001539,31679,imperatriz,MA
CUST001540,CUNQ001540,52026,contagem,MG
CUST001541,CUNQ001541,46458,brasilia,DF
CUST001542,CUNQ001542,82154,niteroi,RJ
CUST001543,CUNQ001543,62858,nossa senhora do socorro,SE
CUST001544,CUNQ001544,20332,boa vista,RR
CUST001545,CUNQ001545,85108,dourados,MS
CUST001546,CUNQ001546,75333,campo grande,MS
CUST001547,CUNQ001547,25559,dourados,MS
CUST001548,CUNQ001548,23453,sao luis,MA
CUST001549,CUNQ001549,14696,vila velha,ES
CUST001550,CUNQ001550,21913,natal,RN
CUST001551,CUNQ001551,76628,macapa,AP
CUST001552,CUNQ001552,95799,natal,RN
CUST001553,CUNQ001553,54676,ji-parana,RO
CUST001554,CUNQ001554,39218,belem,PA
CUST001555,CUNQ001555,83420,dourados,MS
CUST001556,CUNQ001556,96136,manaus,AM
CUST001557,CUNQ001557,24945,ananindeua,PA
CUST001558,CUNQ001558,39064,pelotas,RS
CUST001559,CUNQ001559,56548,santos,SP
CUST001560,CUNQ001560,81786,boa vista,RR
CUST001561,CUNQ001561,23935,campina grande,PB
CUST001562,CUNQ001562,74542,niteroi,RJ
CUST001563,CUNQ001563,63636,maringa,PR
CUST001564,CUNQ001564,90065,caxias do sul,RS
CUST001565,CUNQ001565,25826,salvador,BA
CUST001566,CUNQ001566,69905,vitoria,ES
CUST001567,CUNQ001567,54293,boa vista,RR
CUST001568,CUNQ001568,16094,caxias do sul,RS
CUST001569,CUNQ001569,69048,aracaju,SE
CUST001570,CUNQ001570,75382,campo grande,MS
CUST001571,CUNQ001571,16366,osasco,SP
CUST001572,CUNQ001572,86692,mossoro,RN
CUST001573,CUNQ001573,85832,sao luis,MA
CUST001574,CUNQ001574,26827,blumenau,SC
CUST001575,CUNQ001575,96182,caxias do sul,RS
CUST001576,CUNQ001576,76074,parnaiba,PI
CUST001577,CUNQ001577,89822,vila velha,ES
CUST001578,CUNQ001578,45860,palmas,TO
CUST001579,CUNQ001579,48557,vila velha,ES
CUST001580,CUNQ001580,28111,campo grande,MS
CUST001581,CUNQ001581,81802,varzea grande,MT
CUST001582,CUNQ001582,36330,fortaleza,CE
CUST001583,CUNQ001583,48086,vitoria da conquista,BA
CUST001584,CUNQ001584,98129,ji-parana,RO
CUST001585,CUNQ001585,95208,maringa,PR
CUST001586,CUNQ001586,81105,blumenau,SC
CUST001587,CUNQ001587,25126,araguaina,TO
CUST001588,CUNQ001588,83699,manaus,AM
CUST001589,CUNQ001589,98374,imperatriz,MA
CUST001590,CUNQ001590,65363,rio branco,AC
CUST001591,CUNQ001591,78515,macapa,AP
CUST001592,CUNQ001592,59921,porto alegre,RS
CUST001593,CUNQ001593,97851,curitiba,PR
CUST001594,CUNQ001594,44993,niteroi,RJ
CUST001595,CUNQ001595,47567,manaus,AM
CUST001596,CUNQ001596,29192,ji-parana,RO
CUST001597,CUNQ001597,48684,boa vista,RR
CUST001598,CUNQ001598,14234,vitoria da conquista,BA
CUST001599,CUNQ001599,23432,ananindeua,PA
CUST001600,CUNQ001600,94819,teresina,PI
CUST001601,CUNQ001601,41142,mossoro,RN
CUST001602,CUNQ001602,97096,campina grande,PB
CUST001603,CUNQ001603,60797,nova iguacu,RJ
CUST001604,CUNQ001604,82368,varzea grande,MT
CUST001605,CUNQ001605,42943,rio de janeiro,RJ
CUST001606,CUNQ001606,68073,vitoria da conquista,BA
CUST001607,CUNQ001607,93071,boa vista,RR
CUST001608,CUNQ001608,87120,araguaina,TO
CUST001609,CUNQ001609,35362,natal,RN
CUST001610,CUNQ001610,33255,jaboatao dos guararapes,PE
CUST001611,CUNQ001611,34507,porto velho,RO
CUST001612,CUNQ001612,77350,blumenau,SC
CUST001613,CUNQ001613,15326,caxias do sul,RS
CUST001614,CUNQ001614,82954,varzea grande,MT
CUST001615,CUNQ001615,31093,goiania,GO
CUST001616,CUNQ001616,10739,arapiraca,AL
CUST001617,CUNQ001617,30290,caucaia,CE
CUST001618,CUNQ001618,52287,niteroi,RJ
CUST001619,CUNQ001619,91968,teresina,PI
CUST001620,CUNQ001620,74297,parnaiba,PI
CUST001621,CUNQ001621,19552,macapa,AP
CUST001622,CUNQ001622,78864,macapa,AP
CUST001623,CUNQ001623,78236,brasilia,DF
CUST001624,CUNQ001624,64516,uberlandia,MG
CUST001625,CUNQ001625,22051,mossoro,RN
CUST001626,CUNQ001626,37964,belem,PA
CUST001627,CUNQ001627,53393,ji-parana,RO
CUST001628,CUNQ001628,38632,ananindeua,PA
CUST001629,CUNQ001629,83575,manaus,AM
CUST001630,CUNQ001630,25036,boa vista,RR
CUST001631,CUNQ001631,68414,ji-parana,RO
CUST001632,CUNQ001632,15226,brasilia,DF
CUST001633,CUNQ001633,59987,ji-parana,RO
CUST001634,CUNQ001634,60577,macapa,AP
CUST001635,CUNQ001635,13238,aparecida de goiania,GO
CUST001636,CUNQ001636,77411,campina grande,PB
CUST001637,CUNQ001637,73806,macapa,AP
CUST001638,CUNQ001638,95397,duque de caxias,RJ
CUST001639,CUNQ001639,77357,feira de santana,BA
CUST001640,CUNQ001640,31940,belo horizonte,MG
CUST001641,CUNQ001641,92173,manaus,AM
CUST001642,CUNQ001642,97862,uberlandia,MG
CUST001643,CUNQ001643,99837,aracaju,SE
CUST001644,CUNQ001644,36945,cuiaba,MT
CUST001645,CUNQ001645,94746,mossoro,RN
CUST001646,CUNQ001646,99921,boa vista,RR
CUST001647,CUNQ001647,70191,curitiba,PR
CUST001648,CUNQ001648,14965,araguaina,TO
CUST001649,CUNQ001649,17113,belo horizonte,MG
CUST001650,CUNQ001650,83149,joinville,SC
CUST001651,CUNQ001651,43901,uberlandia,MG
CUST001652,CUNQ001652,69129,varzea grande,MT
CUST001653,CUNQ001653,66757,nossa senhora do socorro,SE
CUST001654,CUNQ001654,61052,fortaleza,CE
CUST001655,CUNQ001655,80101,porto velho,RO
CUST001656,CUNQ001656,18288,osasco,SP
CUST001657,CUNQ001657,19514,manaus,AM
CUST001658,CUNQ001658,47989,belem,PA
CUST001659,CUNQ001659,89503,macapa,AP
CUST001660,CUNQ001660,67367,juiz de fora,MG
CUST001661,CUNQ001661,96602,vila velha,ES
CUST001662,CUNQ001662,30489,sorocaba,SP
CUST001663,CUNQ001663,27875,natal,RN
CUST001664,CUNQ001664,81529,rio branco,AC
CUST001665,CUNQ001665,49066,recife,PE
CUST001666,CUNQ001666,11461,ji-parana,RO
CUST001667,CUNQ001667,26152,natal,RN
CUST001668,CUNQ001668,85067,rio de janeiro,RJ
CUST001669,CUNQ001669,80405,parnaiba,PI
CUST001670,CUNQ001670,49936,natal,RN
CUST001671,CUNQ001671,55069,vitoria da conquista,BA
CUST001672,CUNQ001672,94663,feira de santana,BA
CUST001673,CUNQ001673,31096,joao pessoa,PB
CUST001674,CUNQ001674,90856,florianopolis,SC
CUST001675,CUNQ001675,35470,boa vista,RR
CUST001676,CUNQ001676,97946,porto alegre,RS
CUST001677,CUNQ001677,81939,macapa,AP
CUST001678,CUNQ001678,48096,campo grande,MS
CUST001679,CUNQ001679,42858,porto velho,RO
CUST001680,CUNQ001680,86099,porto alegre,RS
CUST001681,CUNQ001681,56810,imperatriz,MA
CUST001682,CUNQ001682,95914,maringa,PR
CUST001683,CUNQ001683,47373,brasilia,DF
CUST001684,CUNQ001684,35362,teresina,PI
CUST001685,CUNQ001685,69067,caucaia,CE
CUST001686,CUNQ001686,86568,caucaia,CE
CUST001687,CUNQ001687,84299,maringa,PR
CUST001688,CUNQ001688,66139,ananindeua,PA
CUST001689,CUNQ001689,51053,florianopolis,SC
CUST001690,CUNQ001690,93995,brasilia,DF
CUST001691,CUNQ001691,57118,varzea grande,MT
CUST001692,CUNQ001692,53458,maringa,PR
CUST001693,CUNQ001693,68373,imperatriz,MA
CUST001694,CUNQ001694,73828,ananindeua,PA
CUST001695,CUNQ001695,33038,natal,RN
CUST001696,CUNQ001696,46780,aracaju,SE
CUST001697,CUNQ001697,80597,boa vista,RR
CUST001698,CUNQ001698,92132,feira de santana,BA
CUST001699,CUNQ001699,12441,belo horizonte,MG
CUST001700,CUNQ001700,86269,joao pessoa,PB
CUST001701,CUNQ001701,87337,arapiraca,AL
CUST001702,CUNQ001702,82298,salvador,BA
CUST001703,CUNQ001703,95709,aparecida de goiania,GO
CUST001704,CUNQ001704,57948,manaus,AM
CUST001705,CUNQ001705,87280,vitoria,ES
CUST001706,CUNQ001706,27548,rio branco,AC
CUST001707,CUNQ001707,62007,campo grande,MS
CUST001708,CUNQ001708,96858,belem,PA
CUST001709,CUNQ001709,77388,brasilia,DF
CUST001710,CUNQ001710,30869,londrina,PR
CUST001711,CUNQ001711,84162,blumenau,SC
CUST001712,CUNQ001712,73373,porto velho,RO
CUST001713,CUNQ001713,38681,belem,PA
CUST001714,CUNQ001714,40375,manaus,AM
CUST001715,CUNQ001715,58422,juiz de fora,MG
CUST001716,CUNQ001716,97632,brasilia,DF
CUST001717,CUNQ001717,57349,vitoria da conquista,BA
CUST001718,CUNQ001718,69591,vila velha,ES
CUST001719,CUNQ001719,95003,rio de janeiro,RJ
CUST001720,CUNQ001720,78337,fortaleza,CE
CUST001721,CUNQ001721,44513,nossa senhora do socorro,SE
CUST001722,CUNQ001722,59369,maceio,AL
CUST001723,CUNQ001723,57880,nossa senhora do socorro,SE
CUST001724,CUNQ001724,77720,maceio,AL
CUST001725,CUNQ001725,39215,aparecida de goiania,GO
CUST001726,CUNQ001726,56255,campina grande,PB
CUST001727,CUNQ001727,73813,boa vista,RR
CUST001728,CUNQ001728,89195,macapa,AP
CUST001729,CUNQ001729,28214,osasco,SP
CUST001730,CUNQ001730,40145,campo grande,MS
CUST001731,CUNQ001731,37723,juiz de fora,MG
CUST001732,CUNQ001732,30625,curitiba,PR
CUST001733,CUNQ001733,96652,belem,PA
CUST001734,CUNQ001734,53283,brasilia,DF
CUST001735,CUNQ001735,73113,rio branco,AC
CUST001736,CUNQ001736,72786,ji-parana,RO
CUST001737,CUNQ001737,31134,vitoria da conquista,BA
CUST001738,CUNQ001738,12942,nossa senhora do socorro,SE
CUST001739,CUNQ001739,26762,brasilia,DF
CUST001740,CUNQ001740,27658,maceio,AL
CUST001741,CUNQ001741,85008,aracaju,SE
CUST001742,CUNQ001742,31802,curitiba,PR
CUST001743,CUNQ001743,77717,goiania,GO
CUST001744,CUNQ001744,83872,serra,ES
CUST001745,CUNQ001745,96736,aracaju,SE
CUST001746,CUNQ001746,21239,boa vista,RR
CUST001747,CUNQ001747,89498,feira de santana,BA
CUST001748,CUNQ001748,32356,imperatriz,MA
CUST001749,CUNQ001749,88753,brasilia,DF
CUST001750,CUNQ001750,33839,maringa,PR
CUST001751,CUNQ001751,31983,parnaiba,PI
CUST001752,CUNQ001752,69437,rio branco,AC
CUST001753,CUNQ001753,40122,teresina,PI
CUST001754,CUNQ001754,27329,vila velha,ES
CUST001755,CUNQ001755,36522,porto alegre,RS
CUST001756,CUNQ001756,29603,campina grande,PB
CUST001757,CUNQ001757,33255,teresina,PI
CUST001758,CUNQ001758,79655,sao luis,MA
CUST001759,CUNQ001759,22214,joao pessoa,PB
CUST001760,CUNQ001760,89098,sao luis,MA
CUST001761,CUNQ001761,98940,natal,RN
CUST001762,CUNQ001762,78425,nossa senhora do socorro,SE
CUST001763,CUNQ001763,15693,varzea grande,MT
CUST001764,CUNQ001764,40079,araguaina,TO
CUST001765,CUNQ001765,59969,macapa,AP
CUST001766,CUNQ001766,65769,belem,PA
CUST001767,CUNQ001767,72539,londrina,PR
CUST001768,CUNQ001768,20986,manaus,AM
CUST001769,CUNQ001769,43791,jaboatao dos guararapes,PE
CUST001770,CUNQ001770,10932,salvador,BA
CUST001771,CUNQ001771,78126,maceio,AL
CUST001772,CUNQ001772,95792,sorocaba,SP
CUST001773,CUNQ001773,51405,vitoria da conquista,BA
CUST001774,CUNQ001774,23970,varzea grande,MT
CUST001775,CUNQ001775,95403,londrina,PR
CUST001776,CUNQ001776,44249,arapiraca,AL
CUST001777,CUNQ001777,84012,mossoro,RN
CUST001778,CUNQ001778,99208,ananindeua,PA
CUST001779,CUNQ001779,64162,vitoria,ES
CUST001780,CUNQ001780,33425,mossoro,RN
CUST001781,CUNQ001781,43263,ananindeua,PA
CUST001782,CUNQ001782,62183,jaboatao dos guararapes,PE
CUST001783,CUNQ001783,96413,rio branco,AC
CUST001784,CUNQ001784,40116,pelotas,RS
CUST001785,CUNQ001785,23143,campo grande,MS
CUST001786,CUNQ001786,62502,vitoria da conquista,BA
CUST001787,CUNQ001787,82165,macapa,AP
CUST001788,CUNQ001788,31068,teresina,PI
CUST001789,CUNQ001789,10693,serra,ES
CUST001790,CUNQ001790,29048,macapa,AP
CUST001791,CUNQ001791,21552,imperatriz,MA
CUST001792,CUNQ001792,39067,juiz de fora,MG
CUST001793,CUNQ001793,89826,belem,PA
CUST001794,CUNQ001794,62513,nova iguacu,RJ
CUST001795,CUNQ001795,88311,parnaiba,PI
CUST001796,CUNQ001796,93924,niteroi,RJ
CUST001797,CUNQ001797,11403,imperatriz,MA
CUST001798,CUNQ001798,77915,vitoria da conquista,BA
CUST001799,CUNQ001799,14405,recife,PE
CUST001800,CUNQ001800,90634,macapa,AP
CUST001801,CUNQ001801,14726,blumenau,SC
CUST001802,CUNQ001802,95854,belem,PA
CUST001803,CUNQ001803,21382,campinas,SP
CUST001804,CUNQ001804,56285,aparecida de goiania,GO
CUST001805,CUNQ001805,63143,ji-parana,RO
CUST001806,CUNQ001806,77861,maceio,AL
CUST001807,CUNQ001807,21818,sao paulo,SP
CUST001808,CUNQ001808,83284,mossoro,RN
CUST001809,CUNQ001809,55544,arapiraca,AL
CUST001810,CUNQ001810,39661,boa vista,RR
CUST001811,CUNQ001811,69606,teresina,PI
CUST001812,CUNQ001812,10609,serra,ES
CUST001813,CUNQ001813,63363,goiania,GO
CUST001814,CUNQ001814,83220,joao pessoa,PB
CUST001815,CUNQ001815,54560,juiz de fora,MG
CUST001816,CUNQ001816,43776,pelotas,RS
CUST001817,CUNQ001817,68034,mossoro,RN
CUST001818,CUNQ001818,73390,serra,ES
CUST001819,CUNQ001819,54520,manaus,AM
CUST001820,CUNQ001820,99337,manaus,AM
CUST001821,CUNQ001821,73172,campo grande,MS
CUST001822,CUNQ001822,18854,caxias do sul,RS
CUST001823,CUNQ001823,38885,serra,ES
CUST001824,CUNQ001824,51383,porto velho,RO
CUST001825,CUNQ001825,77699,varzea grande,MT
CUST001826,CUNQ001826,44517,natal,RN
CUST001827,CUNQ001827,22190,brasilia,DF
CUST001828,CUNQ001828,54825,serra,ES
CUST001829,CUNQ001829,72463,uberlandia,MG
CUST001830,CUNQ001830,38647,caucaia,CE
CUST001831,CUNQ001831,33957,arapiraca,AL
CUST001832,CUNQ001832,75404,rio branco,AC
CUST001833,CUNQ001833,40783,rio branco,AC
CUST001834,CUNQ001834,44787,rio branco,AC
CUST001835,CUNQ001835,36577,salvador,BA
CUST001836,CUNQ001836,91080,boa vista,RR
CUST001837,CUNQ001837,23983,belem,PA
CUST001838,CUNQ001838,98580,porto alegre,RS
CUST001839,CUNQ001839,90455,ji-parana,RO
CUST001840,CUNQ001840,15539,osasco,SP
CUST001841,CUNQ001841,91352,imperatriz,MA
CUST001842,CUNQ001842,85303,caucaia,CE
CUST001843,CUNQ001843,33969,aparecida de goiania,GO
CUST001844,CUNQ001844,62150,manaus,AM
CUST001845,CUNQ001845,17097,brasilia,DF
CUST001846,CUNQ001846,72694,campina grande,PB
CUST001847,CUNQ001847,75860,natal,RN
CUST001848,CUNQ001848,99959,ananindeua,PA
CUST001849,CUNQ001849,69925,manaus,AM
CUST001850,CUNQ001850,77922,pelotas,RS
CUST001851,CUNQ001851,11103,dourados,MS
CUST001852,CUNQ001852,59732,campinas,SP
CUST001853,CUNQ001853,52655,maceio,AL
CUST001854,CUNQ001854,34530,ananindeua,PA
CUST001855,CUNQ001855,41082,mossoro,RN
CUST001856,CUNQ001856,90358,aparecida de goiania,GO
CUST001857,CUNQ001857,34105,caucaia,CE
CUST001858,CUNQ001858,37594,imperatriz,MA
CUST001859,CUNQ001859,57851,varzea grande,MT
CUST001860,CUNQ001860,69077,vila velha,ES
CUST001861,CUNQ001861,27188,blumenau,SC
CUST001862,CUNQ001862,23090,maceio,AL
CUST001863,CUNQ001863,40907,rio branco,AC
CUST001864,CUNQ001864,59923,mossoro,RN
CUST001865,CUNQ001865,29601,salvador,BA
CUST001866,CUNQ001866,33148,sao luis,MA
CUST001867,CUNQ001867,27625,varzea grande,MT
CUST001868,CUNQ001868,73782,nossa senhora do socorro,SE
CUST001869,CUNQ001869,83680,jaboatao dos guararapes,PE
CUST001870,CUNQ001870,62219,maceio,AL
CUST001871,CUNQ001871,31409,pelotas,RS
CUST001872,CUNQ001872,43330,niteroi,RJ
CUST001873,CUNQ001873,68963,sao luis,MA
CUST001874,CUNQ001874,44048,rio branco,AC
CUST001875,CUNQ001875,83446,ananindeua,PA
CUST001876,CUNQ001876,55107,mossoro,RN
CUST001877,CUNQ001877,25890,sorocaba,SP
CUST001878,CUNQ001878,85609,belem,PA
CUST001879,CUNQ001879,47304,maceio,AL
CUST001880,CUNQ001880,98236,ananindeua,PA
CUST001881,CUNQ001881,68580,campina grande,PB
CUST001882,CUNQ001882,90434,contagem,MG
CUST001883,CUNQ001883,92799,jaboatao dos guararapes,PE
CUST001884,CUNQ001884,93962,curitiba,PR
CUST001885,CUNQ001885,65288,macapa,AP
CUST001886,CUNQ001886,19351,nossa senhora do socorro,SE
CUST001887,CUNQ001887,55039,uberlandia,MG
CUST001888,CUNQ001888,51533,brasilia,DF
CUST001889,CUNQ001889,45058,nossa senhora do socorro,SE
CUST001890,CUNQ001890,45553,parnaiba,PI
CUST001891,CUNQ001891,86928,dourados,MS
CUST001892,CUNQ001892,64262,campina grande,PB
CUST001893,CUNQ001893,13027,florianopolis,SC
CUST001894,CUNQ001894,40753,maringa,PR
CUST001895,CUNQ001895,20494,ji-parana,RO
CUST001896,CUNQ001896,62041,salvador,BA
CUST001897,CUNQ001897,18361,porto alegre,RS
CUST001898,CUNQ001898,13455,sao luis,MA
CUST001899,CUNQ001899,78679,manaus,AM
CUST001900,CUNQ001900,23622,manaus,AM
CUST001901,CUNQ001901,21050,goiania,GO
CUST001902,CUNQ001902,50549,nossa senhora do socorro,SE
CUST001903,CUNQ001903,47247,brasilia,DF
CUST001904,CUNQ001904,27206,campo grande,MS
CUST001905,CUNQ001905,13744,joao pessoa,PB
CUST001906,CUNQ001906,52624,duque de caxias,RJ
CUST001907,CUNQ001907,80855,imperatriz,MA
CUST001908,CUNQ001908,27709,aparecida de goiania,GO
CUST001909,CUNQ001909,87441,palmas,TO
CUST001910,CUNQ001910,92712,parnaiba,PI
CUST001911,CUNQ001911,78610,rio branco,AC
CUST001912,CUNQ001912,55504,nossa senhora do socorro,SE
CUST001913,CUNQ001913,21738,sao luis,MA
CUST001914,CUNQ001914,57943,dourados,MS
CUST001915,CUNQ001915,30410,varzea grande,MT
CUST001916,CUNQ001916,10012,recife,PE
CUST001917,CUNQ001917,55073,joao pessoa,PB
CUST001918,CUNQ001918,80136,jaboatao dos guararapes,PE
CUST001919,CUNQ001919,72530,sorocaba,SP
CUST001920,CUNQ001920,66418,recife,PE
CUST001921,CUNQ001921,88250,macapa,AP
CUST001922,CUNQ001922,81855,brasilia,DF
CUST001923,CUNQ001923,63967,belem,PA
CUST001924,CUNQ001924,61740,mossoro,RN
CUST001925,CUNQ001925,94671,brasilia,DF
CUST001926,CUNQ001926,38913,vila velha,ES
CUST001927,CUNQ001927,65343,goiania,GO
CUST001928,CUNQ001928,77713,aracaju,SE
CUST001929,CUNQ001929,47313,manaus,AM
CUST001930,CUNQ001930,64120,nossa senhora do socorro,SE
CUST001931,CUNQ001931,33908,salvador,BA
CUST001932,CUNQ001932,24464,londrina,PR
CUST001933,CUNQ001933,90967,nossa senhora do socorro,SE
CUST001934,CUNQ001934,91625,dourados,MS
CUST001935,CUNQ001935,52027,sao luis,MA
CUST001936,CUNQ001936,16505,campinas,SP
CUST001937,CUNQ001937,34371,natal,RN
CUST001938,CUNQ001938,45283,caxias do sul,RS
CUST001939,CUNQ001939,67464,maringa,PR
CUST001940,CUNQ001940,40514,rio branco,AC
CUST001941,CUNQ001941,11930,uberlandia,MG
CUST001942,CUNQ001942,54815,sao luis,MA
CUST001943,CUNQ001943,75325,varzea grande,MT
CUST001944,CUNQ001944,14159,ananindeua,PA
CUST001945,CUNQ001945,29148,fortaleza,CE
CUST001946,CUNQ001946,61435,duque de caxias,RJ
CUST001947,CUNQ001947,33803,contagem,MG
CUST001948,CUNQ001948,60014,feira de santana,BA
CUST001949,CUNQ001949,25985,boa vista,RR
CUST001950,CUNQ001950,60436,manaus,AM
CUST001951,CUNQ001951,42396,manaus,AM
CUST001952,CUNQ001952,36106,rio branco,AC
CUST001953,CUNQ001953,78306,campo grande,MS
CUST001954,CUNQ001954,71974,porto velho,RO
CUST001955,CUNQ001955,50908,serra,ES
CUST001956,CUNQ001956,92465,fortaleza,CE
CUST001957,CUNQ001957,82034,rio branco,AC
CUST001958,CUNQ001958,43202,joao pessoa,PB
CUST001959,CUNQ001959,36047,imperatriz,MA
CUST001960,CUNQ001960,97385,belem,PA
CUST001961,CUNQ001961,40928,salvador,BA
CUST001962,CUNQ001962,52534,nossa senhora do socorro,SE
CUST001963,CUNQ001963,46188,campinas,SP
CUST001964,CUNQ001964,61879,maceio,AL
CUST001965,CUNQ001965,11170,macapa,AP
CUST001966,CUNQ001966,88146,nova iguacu,RJ
CUST001967,CUNQ001967,21728,londrina,PR
CUST001968,CUNQ001968,75525,brasilia,DF
CUST001969,CUNQ001969,91937,juiz de fora,MG
CUST001970,CUNQ001970,56598,rio de janeiro,RJ
CUST001971,CUNQ001971,80300,aracaju,SE
CUST001972,CUNQ001972,26492,macapa,AP
CUST001973,CUNQ001973,51515,sao luis,MA
CUST001974,CUNQ001974,67503,mossoro,RN
CUST001975,CUNQ001975,12798,rio branco,AC
CUST001976,CUNQ001976,56945,araguaina,TO
CUST001977,CUNQ001977,42859,rio branco,AC
CUST001978,CUNQ001978,67344,nova iguacu,RJ
CUST001979,CUNQ001979,81137,mossoro,RN
CUST001980,CUNQ001980,34874,araguaina,TO
CUST001981,CUNQ001981,81253,maceio,AL
CUST001982,CUNQ001982,71393,ananindeua,PA
CUST001983,CUNQ001983,19027,goiania,GO
CUST001984,CUNQ001984,68901,joao pessoa,PB
CUST001985,CUNQ001985,80989,jaboatao dos guararapes,PE
CUST001986,CUNQ001986,10094,ananindeua,PA
CUST001987,CUNQ001987,34318,manaus,AM
CUST001988,CUNQ001988,57720,osasco,SP
CUST001989,CUNQ001989,52034,manaus,AM
CUST001990,CUNQ001990,96283,rio branco,AC
CUST001991,CUNQ001991,34886,mossoro,RN
CUST001992,CUNQ001992,82281,campina grande,PB
CUST001993,CUNQ001993,47110,maringa,PR
CUST001994,CUNQ001994,94004,caucaia,CE
CUST001995,CUNQ001995,22616,fortaleza,CE
CUST001996,CUNQ001996,15737,joao pessoa,PB
CUST001997,CUNQ001997,33414,boa vista,RR
CUST001998,CUNQ001998,24031,niteroi,RJ
CUST001999,CUNQ001999,22943,sao luis,MA
CUST002000,CUNQ002000,96235,nova iguacu,RJ
