product_id,product_category_name,product_name_lenght,product_description_lenght,product_photos_qty,product_weight_g,product_length_cm,product_height_cm,product_width_cm
PROD00001,computers,32,1132,3,2789,23,10,40
PROD00002,air_conditioning,20,1321,8,13803,72,29,90
PROD00003,fashion_bags_accessories,26,320,2,14092,48,40,26
PROD00004,perfumery,37,1816,8,15631,73,22,60
PROD00005,home_appliances,59,2436,7,375,76,78,30
PROD00006,furniture_decor,57,2469,3,10658,90,42,6
PROD00007,toys,44,704,8,10418,19,54,38
PROD00008,fashion_underwear_beach,15,1945,3,14773,86,76,17
PROD00009,sports_leisure,28,868,7,17944,26,78,53
PROD00010,baby,37,959,4,18951,6,49,51
PROD00011,health_beauty,34,1357,2,16405,88,60,57
PROD00012,fashion_shoes,37,1542,7,17193,47,16,27
PROD00013,books_general_interest,42,1628,3,18162,81,22,74
PROD00014,computers,39,1267,7,9331,94,14,16
PROD00015,watches_gifts,20,2760,1,13526,18,65,84
PROD00016,home_confort,21,2694,8,16544,79,6,90
PROD00017,office_furniture,41,967,4,14947,75,50,19
PROD00018,perfumery,45,609,6,15252,57,52,5
PROD00019,food_drink,29,2178,5,8819,89,35,44
PROD00020,fashion_shoes,58,1089,1,13634,9,3,8
PROD00021,toys,38,2225,6,11030,26,75,60
PROD00022,stationery,50,1703,4,12938,11,75,59
PROD00023,auto,55,1699,3,13259,45,68,25
PROD00024,computers,29,507,3,16573,20,75,55
PROD00025,fashion_bags_accessories,50,751,6,6726,16,13,8
PROD00026,computers,15,2675,3,961,84,71,15
PROD00027,signaling_and_security,39,203,3,14917,86,47,28
PROD00028,stationery,56,1008,5,6401,73,33,53
PROD00029,fashion_bags_accessories,57,311,5,2768,23,4,86
PROD00030,cine_photo,21,554,8,19576,20,15,23
PROD00031,office_furniture,31,839,2,2585,68,48,31
PROD00032,air_conditioning,21,2111,1,13607,14,64,85
PROD00033,furniture_decor,28,2915,7,12346,45,59,25
PROD00034,garden_tools,34,141,3,18639,85,79,9
PROD00035,telephony,36,1520,8,19710,74,2,25
PROD00036,fashion_underwear_beach,31,598,4,19911,8,70,7
PROD00037,fashion_underwear_beach,47,724,4,12006,19,29,8
PROD00038,construction_tools_construction,23,1000,2,4197,39,37,66
PROD00039,perfumery,20,1527,5,15354,100,65,60
PROD00040,small_appliances,40,890,5,5717,30,37,55
PROD00041,watches_gifts,52,2506,5,5478,31,64,60
PROD00042,furniture_bedroom,42,2542,5,10494,84,15,82
PROD00043,luggage_accessories,42,918,6,12303,85,10,62
PROD00044,cool_stuff,17,2194,5,19280,57,39,82
PROD00045,fashion_underwear_beach,37,1731,1,3806,28,43,59
PROD00046,garden_tools,37,1104,2,7101,89,49,52
PROD00047,toys,35,600,1,10489,93,3,47
PROD00048,baby,44,2424,6,7673,76,10,54
PROD00049,office_furniture,53,969,4,3422,76,37,82
PROD00050,furniture_decor,51,2747,7,14310,45,42,30
PROD00051,perfumery,18,2123,8,1583,40,55,20
PROD00052,telephony,43,800,6,19421,54,32,78
PROD00053,health_beauty,33,173,1,15181,41,18,56
PROD00054,sports_leisure,49,2260,1,11105,87,4,13
PROD00055,market_place,21,1800,5,9050,45,46,56
PROD00056,housewares,50,1382,8,1592,55,40,63
PROD00057,industry_commerce_and_business,56,597,6,3416,8,30,11
PROD00058,bed_bath_table,23,530,6,14326,33,23,16
PROD00059,perfumery,38,2301,1,1770,38,7,19
PROD00060,computers_accessories,34,407,5,10841,93,80,53
PROD00061,pet_shop,59,797,3,19168,63,17,21
PROD00062,construction_tools_construction,24,2492,7,14690,90,17,71
PROD00063,fashion_underwear_beach,30,2467,8,16109,40,43,66
PROD00064,electronics,20,1180,5,2763,50,73,36
PROD00065,baby,59,419,2,16257,12,29,6
PROD00066,baby,44,1677,4,16029,18,45,31
PROD00067,cine_photo,48,2205,6,10267,95,60,88
PROD00068,toys,47,532,3,7219,51,51,62
PROD00069,furniture_living_room,47,931,7,6208,13,37,59
PROD00070,cool_stuff,58,1358,2,4876,64,15,19
PROD00071,stationery,16,1987,3,8791,8,62,89
PROD00072,fashion_underwear_beach,43,1541,5,3927,75,12,50
PROD00073,computers,28,716,7,16505,60,67,47
PROD00074,computers_accessories,43,1216,6,3255,11,50,59
PROD00075,perfumery,33,875,7,5838,81,37,72
PROD00076,fashion_male_clothing,46,2224,7,3627,92,8,87
PROD00077,stationery,22,999,2,1791,9,75,39
PROD00078,stationery,19,2279,2,9076,33,53,55
PROD00079,air_conditioning,21,1000,5,16275,31,23,31
PROD00080,home_appliances,55,1279,5,151,17,25,69
PROD00081,furniture_living_room,45,1350,4,5628,45,10,26
PROD00082,garden_tools,36,1964,3,467,90,62,59
PROD00083,musical_instruments,16,827,5,2572,26,3,81
PROD00084,home_appliances,45,2488,1,16050,36,62,19
PROD00085,sports_leisure,16,2423,5,7530,72,66,26
PROD00086,toys,21,509,5,11049,62,64,49
PROD00087,home_confort,31,2817,8,8357,51,60,6
PROD00088,home_appliances,34,1466,8,3744,39,68,86
PROD00089,health_beauty,24,1780,4,4691,50,65,8
PROD00090,stationery,51,2950,7,11827,31,13,29
PROD00091,luggage_accessories,55,542,5,17905,62,69,27
PROD00092,fashion_bags_accessories,58,1528,6,12863,80,55,40
PROD00093,consoles_games,27,268,6,4079,60,60,77
PROD00094,home_appliances,33,551,1,16398,92,20,64
PROD00095,toys,48,1286,3,9999,67,38,13
PROD00096,office_furniture,15,1959,1,7171,41,77,20
PROD00097,computers_accessories,46,1352,1,14150,50,2,11
PROD00098,fashion_bags_accessories,23,1534,5,16499,90,73,24
PROD00099,housewares,60,1208,3,6496,60,76,15
PROD00100,office_furniture,29,231,8,11670,36,51,59
PROD00101,air_conditioning,21,1170,5,19613,44,24,77
PROD00102,computers,58,1420,3,6587,37,19,58
PROD00103,costruction_tools_garden,27,1333,5,2854,43,74,85
PROD00104,books_general_interest,49,851,7,14366,17,19,72
PROD00105,furniture_bedroom,59,1383,6,15397,50,56,64
PROD00106,fashion_shoes,41,1989,1,18364,8,55,16
PROD00107,auto,54,1338,4,19066,70,49,21
PROD00108,furniture_living_room,49,2416,5,1804,55,18,56
PROD00109,bed_bath_table,44,2221,8,1830,15,9,39
PROD00110,watches_gifts,36,2534,2,9571,77,63,47
PROD00111,computers_accessories,22,2494,1,6769,71,20,76
PROD00112,industry_commerce_and_business,23,1015,3,9909,85,41,5
PROD00113,industry_commerce_and_business,54,2917,4,3808,13,2,24
PROD00114,fashion_male_clothing,22,2229,2,8150,31,15,65
PROD00115,health_beauty,47,1917,7,1873,20,40,56
PROD00116,market_place,26,1062,5,14439,89,80,20
PROD00117,computers,24,2705,1,6105,23,32,26
PROD00118,small_appliances,59,2339,4,15652,66,39,42
PROD00119,watches_gifts,52,2119,6,9067,55,51,18
PROD00120,books_general_interest,41,1840,3,966,41,60,20
PROD00121,signaling_and_security,39,145,5,1166,87,58,10
PROD00122,home_appliances,23,2016,8,9123,6,22,50
PROD00123,small_appliances,47,963,6,17255,54,67,13
PROD00124,garden_tools,56,720,6,18503,48,60,22
PROD00125,pet_shop,57,1340,7,2285,87,63,53
PROD00126,market_place,53,2799,3,18925,95,66,89
PROD00127,fashion_underwear_beach,31,630,6,19345,79,46,79
PROD00128,furniture_living_room,40,376,1,1017,98,22,34
PROD00129,watches_gifts,57,535,8,15661,46,31,35
PROD00130,watches_gifts,26,1673,7,2159,12,80,37
PROD00131,telephony,17,398,8,12315,82,5,27
PROD00132,construction_tools_construction,21,2961,8,12424,22,75,76
PROD00133,perfumery,27,1134,8,14386,91,38,33
PROD00134,perfumery,25,1877,4,2868,79,5,85
PROD00135,watches_gifts,28,236,3,221,51,54,77
PROD00136,home_confort,19,1495,3,17356,68,26,31
PROD00137,signaling_and_security,45,2151,6,11731,84,73,22
PROD00138,furniture_decor,43,1851,7,2372,77,12,21
PROD00139,fashion_underwear_beach,34,513,2,16391,34,8,81
PROD00140,home_confort,36,192,4,9549,37,51,50
PROD00141,furniture_decor,25,1279,2,17561,78,32,71
PROD00142,furniture_living_room,47,1378,7,1906,74,16,79
PROD00143,market_place,31,2775,1,1107,48,55,38
PROD00144,perfumery,36,343,3,6742,75,44,89
PROD00145,computers_accessories,30,2121,2,18526,83,6,49
PROD00146,furniture_decor,41,2550,2,18119,66,18,39
PROD00147,sports_leisure,21,245,8,16683,33,46,60
PROD00148,market_place,34,1032,1,1863,8,27,73
PROD00149,fashion_male_clothing,39,2893,1,18154,66,8,54
PROD00150,luggage_accessories,59,612,7,14036,75,19,19
PROD00151,furniture_bedroom,22,2621,6,11577,29,45,60
PROD00152,computers_accessories,30,1050,2,19337,6,31,57
PROD00153,home_confort,51,287,1,8239,12,11,12
PROD00154,auto,43,839,5,1482,45,46,82
PROD00155,stationery,33,631,7,15736,89,17,89
PROD00156,furniture_decor,19,1124,4,16267,95,47,33
PROD00157,furniture_bedroom,60,1339,6,18118,42,33,72
PROD00158,pet_shop,35,2958,2,1819,49,54,84
PROD00159,industry_commerce_and_business,32,421,4,4543,71,31,44
PROD00160,costruction_tools_garden,28,602,6,4701,9,32,61
PROD00161,books_general_interest,22,187,8,1156,39,37,80
PROD00162,luggage_accessories,34,446,1,9195,83,51,68
PROD00163,health_beauty,39,1675,8,1505,33,28,53
PROD00164,garden_tools,57,1865,1,10049,9,71,49
PROD00165,health_beauty,53,1477,5,19414,32,5,48
PROD00166,furniture_living_room,42,1851,1,3628,75,51,41
PROD00167,home_confort,44,1836,5,5376,53,61,35
PROD00168,auto,15,1249,5,2852,36,71,42
PROD00169,musical_instruments,51,1716,1,9037,51,36,89
PROD00170,fashion_bags_accessories,56,2590,1,4123,44,74,89
PROD00171,construction_tools_construction,31,832,8,15212,7,58,6
PROD00172,books_general_interest,17,1569,8,18288,32,54,12
PROD00173,cine_photo,20,1232,6,2148,61,25,38
PROD00174,pet_shop,31,2127,3,7502,85,24,23
PROD00175,furniture_living_room,56,303,4,3800,88,6,28
PROD00176,small_appliances,43,2475,6,1424,75,31,12
PROD00177,fashion_bags_accessories,31,166,6,17759,96,7,81
PROD00178,stationery,37,547,2,16661,61,16,70
PROD00179,furniture_decor,30,935,6,18739,52,55,14
PROD00180,computers,33,686,1,10750,82,48,47
PROD00181,fashion_shoes,56,1634,8,9685,84,5,25
PROD00182,food_drink,17,1291,3,19423,8,15,82
PROD00183,baby,35,2192,6,7090,53,76,9
PROD00184,toys,39,2759,2,2583,33,74,69
PROD00185,signaling_and_security,55,2345,7,17710,98,17,72
PROD00186,computers_accessories,53,2034,8,10435,39,26,78
PROD00187,office_furniture,30,1446,4,11910,34,60,45
PROD00188,telephony,59,1087,8,13482,51,12,50
PROD00189,costruction_tools_garden,47,413,6,15914,82,31,62
PROD00190,fashion_shoes,29,2432,3,17666,36,54,79
PROD00191,auto,53,1166,5,11242,45,17,15
PROD00192,fashion_shoes,41,2168,3,18924,68,27,28
PROD00193,books_general_interest,15,783,2,13767,38,72,65
PROD00194,watches_gifts,23,239,7,834,93,23,14
PROD00195,auto,47,2268,7,13889,50,18,56
PROD00196,costruction_tools_garden,30,1301,2,11086,48,77,82
PROD00197,furniture_living_room,21,285,2,11681,62,54,85
PROD00198,furniture_bedroom,42,1284,8,4460,98,25,80
PROD00199,small_appliances,20,723,1,19499,80,49,88
PROD00200,books_general_interest,39,1412,8,5840,70,77,40
PROD00201,watches_gifts,29,1317,8,11227,11,74,71
PROD00202,fashion_underwear_beach,52,2181,7,9397,46,51,45
PROD00203,garden_tools,24,271,4,14157,71,37,78
PROD00204,furniture_living_room,35,507,6,9382,26,17,41
PROD00205,pet_shop,46,1897,4,5598,41,35,82
PROD00206,watches_gifts,29,2829,5,4670,17,28,75
PROD00207,small_appliances,25,212,1,17739,73,26,5
PROD00208,industry_commerce_and_business,16,1613,4,9285,78,56,61
PROD00209,fashion_underwear_beach,23,1958,5,3641,96,17,61
PROD00210,computers,46,1177,2,4533,40,16,50
PROD00211,housewares,29,404,6,5185,69,44,40
PROD00212,books_general_interest,55,2200,2,10365,9,57,17
PROD00213,fashion_underwear_beach,35,879,1,311,36,19,80
PROD00214,luggage_accessories,29,2858,4,8742,65,21,67
PROD00215,garden_tools,46,1257,3,6556,86,13,71
PROD00216,baby,15,1878,2,16128,76,80,31
PROD00217,garden_tools,17,1812,5,12511,85,76,35
PROD00218,home_appliances,45,2272,3,9883,34,39,90
PROD00219,industry_commerce_and_business,46,2680,7,19640,50,71,66
PROD00220,office_furniture,21,996,2,9463,58,59,46
PROD00221,stationery,57,1840,2,5823,64,42,89
PROD00222,telephony,37,2954,7,4246,66,64,81
PROD00223,fashion_shoes,58,1061,1,9583,39,66,32
PROD00224,fashion_shoes,18,2403,6,8622,91,42,57
PROD00225,air_conditioning,43,1841,7,8592,11,36,67
PROD00226,electronics,36,2706,1,10159,62,54,33
PROD00227,signaling_and_security,25,2295,4,3664,83,80,47
PROD00228,auto,53,2310,1,741,53,13,47
PROD00229,home_appliances,50,359,1,17045,31,48,73
PROD00230,perfumery,25,2294,7,7564,42,22,52
PROD00231,musical_instruments,41,983,4,496,9,4,72
PROD00232,watches_gifts,47,1729,8,1435,25,38,43
PROD00233,health_beauty,29,2686,4,1156,39,17,53
PROD00234,air_conditioning,23,1205,2,2557,14,66,58
PROD00235,health_beauty,15,2318,3,3181,99,77,55
PROD00236,perfumery,53,1378,6,13981,70,4,43
PROD00237,pet_shop,44,930,2,8709,88,75,65
PROD00238,luggage_accessories,33,1859,2,7332,57,73,40
PROD00239,market_place,33,2978,4,12580,7,65,55
PROD00240,food_drink,49,543,8,7392,78,5,55
PROD00241,electronics,43,1614,8,18503,18,41,47
PROD00242,toys,55,442,2,18429,26,28,67
PROD00243,cine_photo,30,443,3,13261,83,62,71
PROD00244,signaling_and_security,29,341,8,8308,57,41,48
PROD00245,toys,17,1416,7,232,39,28,76
PROD00246,industry_commerce_and_business,49,2147,6,7774,46,61,66
PROD00247,small_appliances,50,433,2,13999,94,11,53
PROD00248,auto,15,763,2,5495,30,58,19
PROD00249,sports_leisure,42,2128,3,17239,67,19,75
PROD00250,fashion_shoes,40,137,5,3902,60,39,39
PROD00251,fashion_underwear_beach,35,2619,6,18524,88,23,23
PROD00252,office_furniture,48,2905,4,12215,71,79,37
PROD00253,market_place,44,962,6,4484,26,69,65
PROD00254,bed_bath_table,35,1805,3,4976,65,10,5
PROD00255,consoles_games,59,868,4,3125,73,60,47
PROD00256,watches_gifts,18,2659,8,19529,25,10,49
PROD00257,costruction_tools_garden,29,1512,1,6362,40,38,59
PROD00258,cine_photo,34,1604,7,8397,76,71,87
PROD00259,perfumery,19,2527,3,3424,98,29,40
PROD00260,garden_tools,31,2408,2,4201,71,77,87
PROD00261,luggage_accessories,36,2457,5,15562,31,23,5
PROD00262,electronics,28,474,3,4746,26,62,5
PROD00263,construction_tools_construction,19,313,3,16817,61,56,90
PROD00264,market_place,35,1339,2,7939,76,52,53
PROD00265,luggage_accessories,60,2043,6,10265,71,42,72
PROD00266,housewares,53,976,3,9150,96,20,60
PROD00267,costruction_tools_garden,43,2107,5,3990,76,57,88
PROD00268,home_appliances,26,203,6,15322,90,46,59
PROD00269,baby,54,2392,4,12582,52,24,6
PROD00270,perfumery,43,1578,4,233,80,41,47
PROD00271,watches_gifts,38,1139,1,19932,39,6,87
PROD00272,pet_shop,56,2060,7,1489,94,34,40
PROD00273,computers_accessories,51,224,8,19958,85,60,67
PROD00274,garden_tools,45,2752,2,1301,52,5,83
PROD00275,toys,60,824,3,2763,58,17,12
PROD00276,furniture_bedroom,55,355,6,3244,74,37,29
PROD00277,furniture_living_room,16,1462,6,5594,80,48,71
PROD00278,bed_bath_table,57,1751,7,2064,13,26,69
PROD00279,toys,32,443,3,14579,10,37,82
PROD00280,perfumery,59,2170,7,5717,86,2,44
PROD00281,pet_shop,50,1536,2,11238,64,74,16
PROD00282,signaling_and_security,44,461,2,3017,28,13,28
PROD00283,construction_tools_construction,52,2666,1,5598,6,29,86
PROD00284,food_drink,44,432,4,10135,92,26,21
PROD00285,consoles_games,18,1653,5,5882,40,19,77
PROD00286,construction_tools_construction,41,1025,4,8989,30,24,42
PROD00287,fashion_bags_accessories,59,1900,5,3078,67,47,79
PROD00288,food_drink,37,2728,8,5636,9,76,54
PROD00289,toys,49,2429,4,14266,49,38,31
PROD00290,musical_instruments,59,2163,5,3023,70,28,38
PROD00291,baby,44,1168,1,3828,71,25,65
PROD00292,auto,44,2503,6,12248,77,50,89
PROD00293,cine_photo,17,1420,2,11809,6,22,58
PROD00294,market_place,36,1479,2,6181,50,41,25
PROD00295,books_general_interest,49,862,1,14435,83,60,80
PROD00296,signaling_and_security,59,1881,7,15568,36,34,52
PROD00297,fashion_male_clothing,36,2076,7,9886,10,31,69
PROD00298,watches_gifts,41,1844,5,18973,56,77,8
PROD00299,cool_stuff,47,781,5,19607,94,69,30
PROD00300,signaling_and_security,23,632,6,1812,16,41,23
PROD00301,home_appliances,44,1721,3,15142,5,20,30
PROD00302,garden_tools,34,1359,2,6098,35,28,60
PROD00303,housewares,30,731,6,212,66,22,49
PROD00304,watches_gifts,45,2352,7,7012,65,50,64
PROD00305,stationery,21,1687,3,10481,22,53,46
PROD00306,office_furniture,58,1839,7,17551,14,46,67
PROD00307,cine_photo,16,1008,3,7755,52,48,48
PROD00308,small_appliances,15,2600,7,2581,87,31,22
PROD00309,industry_commerce_and_business,27,281,4,9943,60,13,48
PROD00310,luggage_accessories,56,836,7,4989,41,41,54
PROD00311,market_place,17,1169,7,5932,25,52,71
PROD00312,watches_gifts,44,438,6,3372,88,53,6
PROD00313,cool_stuff,35,627,7,14949,6,64,88
PROD00314,air_conditioning,42,323,5,13975,38,16,82
PROD00315,furniture_bedroom,47,1627,8,11029,73,48,19
PROD00316,garden_tools,42,2277,7,2671,24,2,48
PROD00317,cine_photo,31,909,8,14300,11,61,41
PROD00318,sports_leisure,22,2105,8,12079,11,78,52
PROD00319,fashion_bags_accessories,42,1482,5,821,74,36,27
PROD00320,office_furniture,37,1808,1,14689,46,40,86
PROD00321,sports_leisure,53,557,6,1249,73,52,36
PROD00322,garden_tools,20,2291,2,4180,98,20,86
PROD00323,industry_commerce_and_business,42,1225,6,15058,93,33,72
PROD00324,signaling_and_security,44,266,2,10751,52,6,23
PROD00325,fashion_male_clothing,55,514,7,16847,97,12,48
PROD00326,consoles_games,42,1741,1,6077,100,34,88
PROD00327,housewares,42,576,4,18757,38,40,83
PROD00328,small_appliances,49,1098,1,12312,78,62,32
PROD00329,computers,32,2921,3,9121,69,7,82
PROD00330,air_conditioning,26,2877,5,8985,5,54,31
PROD00331,health_beauty,41,2791,3,9053,39,61,81
PROD00332,construction_tools_construction,21,1006,4,642,95,43,33
PROD00333,furniture_decor,54,1278,8,19314,58,78,47
PROD00334,home_confort,39,2048,1,11287,48,42,49
PROD00335,furniture_bedroom,24,1992,8,6952,73,23,54
PROD00336,fashion_bags_accessories,40,232,2,15992,76,46,15
PROD00337,baby,48,1612,5,9612,45,59,64
PROD00338,health_beauty,24,2659,3,11572,77,57,58
PROD00339,health_beauty,33,2379,8,7741,53,70,21
PROD00340,luggage_accessories,53,605,2,13017,32,29,19
PROD00341,signaling_and_security,33,831,3,13193,75,54,50
PROD00342,baby,41,2554,5,10516,51,15,90
PROD00343,construction_tools_construction,47,2293,7,7426,56,65,64
PROD00344,office_furniture,43,742,3,13158,41,2,73
PROD00345,musical_instruments,44,2787,3,3271,54,76,88
PROD00346,fashion_shoes,41,1780,4,1001,84,30,22
PROD00347,furniture_living_room,54,2161,2,19696,78,54,7
PROD00348,construction_tools_construction,54,1123,3,18705,85,62,16
PROD00349,food_drink,16,2563,7,18139,70,26,25
PROD00350,books_general_interest,38,1080,3,15522,96,27,46
PROD00351,auto,33,365,1,6833,78,61,63
PROD00352,stationery,58,2570,8,7976,27,61,69
PROD00353,telephony,53,1456,3,8073,64,10,5
PROD00354,sports_leisure,58,2872,7,17081,65,51,14
PROD00355,fashion_shoes,31,2300,2,19939,87,70,8
PROD00356,furniture_bedroom,45,344,5,13104,97,7,51
PROD00357,air_conditioning,60,2195,8,14093,20,15,23
PROD00358,fashion_bags_accessories,52,557,3,12058,57,45,23
PROD00359,stationery,45,960,5,3232,47,11,63
PROD00360,industry_commerce_and_business,30,1164,6,9726,93,58,47
PROD00361,furniture_bedroom,59,1156,5,19528,9,19,23
PROD00362,fashion_underwear_beach,33,206,4,12202,77,48,42
PROD00363,consoles_games,60,748,5,15624,96,58,42
PROD00364,toys,59,626,3,19954,42,51,37
PROD00365,electronics,16,966,5,4911,79,3,38
PROD00366,food_drink,47,2216,7,15679,84,23,49
PROD00367,toys,52,2152,6,17198,52,50,67
PROD00368,cool_stuff,48,2074,3,15909,53,3,90
PROD00369,furniture_decor,36,1020,5,6814,33,21,40
PROD00370,fashion_male_clothing,22,2762,4,11731,68,60,77
PROD00371,bed_bath_table,48,1035,4,11963,90,6,56
PROD00372,watches_gifts,36,2178,2,8945,75,70,73
PROD00373,housewares,18,1929,4,8068,37,25,88
PROD00374,stationery,29,2924,8,5864,10,79,39
PROD00375,costruction_tools_garden,32,474,4,2136,21,68,43
PROD00376,computers_accessories,28,1032,4,19241,79,63,64
PROD00377,watches_gifts,49,309,6,2443,30,63,19
PROD00378,furniture_bedroom,20,2049,4,3322,74,77,32
PROD00379,fashion_male_clothing,46,1328,1,19111,60,16,61
PROD00380,perfumery,52,2700,8,66,37,54,81
PROD00381,pet_shop,46,2685,3,10818,69,63,70
PROD00382,office_furniture,56,1327,5,17488,36,45,40
PROD00383,costruction_tools_garden,47,1364,8,3702,28,64,5
PROD00384,construction_tools_construction,47,2027,8,5395,27,10,60
PROD00385,consoles_games,21,1915,6,17698,28,26,18
PROD00386,electronics,28,1358,5,10536,72,62,18
PROD00387,consoles_games,54,961,3,10659,25,26,55
PROD00388,cool_stuff,25,2599,3,10721,71,62,88
PROD00389,fashion_male_clothing,41,1203,4,8663,65,40,52
PROD00390,toys,34,1466,6,10383,62,41,59
PROD00391,signaling_and_security,40,1808,1,13290,12,54,50
PROD00392,auto,44,1223,1,6676,31,34,42
PROD00393,food_drink,16,1418,7,12580,46,73,76
PROD00394,perfumery,28,2629,8,9027,18,11,36
PROD00395,cool_stuff,35,2064,8,1557,89,51,67
PROD00396,stationery,32,2585,7,1993,17,9,86
PROD00397,musical_instruments,32,2303,6,14406,41,16,65
PROD00398,auto,19,1429,7,5023,24,77,43
PROD00399,signaling_and_security,27,2401,2,14410,36,43,78
PROD00400,home_confort,57,1167,5,766,22,10,45
