gr_id,po_id,po_item,material_id,quantity_received,gr_date,plant,warehouse
GR000001,PO000002,1,MAT00200,297,2023-07-29,PL01,WH05
GR000002,PO000002,2,MAT00090,180,2023-08-20,PL01,WH06
GR000003,PO000003,1,MAT00299,164,2024-12-22,PL02,WH05
GR000004,PO000003,2,MAT00227,459,2024-12-08,PL03,WH04
GR000005,PO000003,3,MAT00282,87,2024-12-19,PL03,WH02
GR000006,PO000004,1,MAT00301,323,2024-02-25,PL01,WH04
GR000007,PO000004,2,MAT00001,303,2024-02-12,PL03,WH08
GR000008,PO000004,3,MAT00363,287,2024-02-22,PL01,WH03
GR000009,PO000005,1,MAT00267,475,2023-12-13,PL01,WH06
GR000010,PO000005,2,MAT00074,44,2023-12-12,PL01,WH06
GR000011,PO000005,3,MAT00378,439,2023-12-13,PL01,WH07
GR000012,PO000006,1,MAT00050,488,2024-03-24,PL03,WH03
GR000013,PO000006,2,MAT00200,408,2024-03-06,PL01,WH05
GR000014,PO000006,3,MAT00055,320,2024-03-10,PL03,WH04
GR000015,PO000008,1,MAT00390,201,2024-10-01,PL02,WH03
GR000016,PO000008,2,MAT00288,93,2024-09-17,PL02,WH05
GR000017,PO000008,3,MAT00042,496,2024-10-10,PL03,WH04
GR000018,PO000009,1,MAT00082,453,2023-04-08,PL02,WH04
GR000019,PO000009,2,MAT00277,228,2023-03-18,PL03,WH06
GR000020,PO000010,1,MAT00156,302,2024-02-29,PL03,WH02
GR000021,PO000010,2,MAT00304,241,2024-02-17,PL01,WH01
GR000022,PO000010,3,MAT00241,295,2024-03-08,PL03,WH04
GR000023,PO000011,1,MAT00396,406,2023-11-17,PL01,WH05
GR000024,PO000011,2,MAT00014,323,2023-11-23,PL03,WH08
GR000025,PO000012,1,MAT00107,266,2024-11-22,PL03,WH07
GR000026,PO000012,2,MAT00141,221,2024-10-31,PL01,WH04
GR000027,PO000012,3,MAT00036,461,2024-11-06,PL02,WH02
GR000028,PO000014,1,MAT00020,32,2023-06-29,PL03,WH03
GR000029,PO000014,2,MAT00078,454,2023-07-12,PL03,WH07
GR000030,PO000015,1,MAT00334,157,2023-11-21,PL01,WH01
GR000031,PO000015,2,MAT00210,328,2023-11-20,PL02,WH08
GR000032,PO000016,1,MAT00322,321,2024-07-24,PL03,WH07
GR000033,PO000016,2,MAT00236,105,2024-08-05,PL01,WH04
GR000034,PO000016,3,MAT00213,18,2024-07-17,PL03,WH01
GR000035,PO000017,1,MAT00390,162,2024-11-21,PL01,WH07
GR000036,PO000017,2,MAT00052,101,2024-11-29,PL03,WH08
GR000037,PO000017,3,MAT00112,393,2024-11-22,PL01,WH06
GR000038,PO000018,1,MAT00063,189,2024-02-05,PL01,WH02
GR000039,PO000019,1,MAT00339,119,2024-12-23,PL03,WH02
GR000040,PO000019,2,MAT00177,269,2025-01-09,PL03,WH05
GR000041,PO000020,1,MAT00249,142,2024-04-07,PL02,WH08
GR000042,PO000020,2,MAT00281,276,2024-04-03,PL02,WH04
GR000043,PO000021,1,MAT00117,10,2025-01-14,PL03,WH04
GR000044,PO000023,1,MAT00397,167,2023-11-07,PL02,WH02
GR000045,PO000024,1,MAT00028,380,2024-12-09,PL01,WH06
GR000046,PO000024,2,MAT00327,436,2025-01-01,PL02,WH01
GR000047,PO000026,1,MAT00395,310,2024-05-11,PL02,WH01
GR000048,PO000026,2,MAT00083,39,2024-05-04,PL02,WH05
GR000049,PO000027,1,MAT00088,330,2023-02-14,PL03,WH03
GR000050,PO000027,2,MAT00227,314,2023-03-05,PL02,WH01
GR000051,PO000028,1,MAT00281,459,2023-10-26,PL02,WH05
GR000052,PO000028,2,MAT00135,99,2023-11-06,PL01,WH02
GR000053,PO000029,1,MAT00252,473,2024-04-13,PL02,WH05
GR000054,PO000029,2,MAT00347,407,2024-04-29,PL01,WH04
GR000055,PO000030,1,MAT00201,452,2023-02-12,PL02,WH02
GR000056,PO000030,2,MAT00180,180,2023-02-15,PL01,WH01
GR000057,PO000030,3,MAT00007,305,2023-03-06,PL01,WH04
GR000058,PO000031,1,MAT00299,173,2023-08-14,PL01,WH03
GR000059,PO000031,2,MAT00081,90,2023-07-22,PL03,WH04
GR000060,PO000031,3,MAT00245,287,2023-08-02,PL02,WH05
GR000061,PO000032,1,MAT00236,169,2024-08-28,PL03,WH01
GR000062,PO000034,1,MAT00042,180,2024-04-28,PL03,WH08
GR000063,PO000034,2,MAT00152,300,2024-05-04,PL03,WH02
GR000064,PO000035,1,MAT00389,373,2024-05-02,PL01,WH03
GR000065,PO000035,2,MAT00377,450,2024-04-27,PL02,WH03
GR000066,PO000035,3,MAT00262,368,2024-04-29,PL02,WH08
GR000067,PO000037,1,MAT00373,270,2024-01-21,PL01,WH02
GR000068,PO000038,1,MAT00321,312,2023-12-01,PL01,WH08
GR000069,PO000038,2,MAT00138,206,2023-11-20,PL03,WH07
GR000070,PO000039,1,MAT00186,127,2024-09-01,PL03,WH02
GR000071,PO000039,2,MAT00397,112,2024-08-21,PL03,WH03
GR000072,PO000039,3,MAT00075,61,2024-08-13,PL03,WH06
GR000073,PO000040,1,MAT00104,56,2024-05-30,PL03,WH03
GR000074,PO000042,1,MAT00069,55,2024-04-17,PL03,WH03
GR000075,PO000042,2,MAT00194,446,2024-04-06,PL03,WH01
GR000076,PO000043,1,MAT00258,66,2024-12-29,PL01,WH07
GR000077,PO000043,2,MAT00061,330,2025-01-10,PL02,WH07
GR000078,PO000044,1,MAT00364,253,2024-08-05,PL02,WH07
GR000079,PO000045,1,MAT00064,74,2023-06-14,PL03,WH03
GR000080,PO000045,2,MAT00281,379,2023-07-04,PL02,WH02
GR000081,PO000045,3,MAT00290,80,2023-06-28,PL02,WH03
GR000082,PO000046,1,MAT00092,429,2024-04-27,PL01,WH07
GR000083,PO000046,2,MAT00075,319,2024-05-01,PL03,WH05
GR000084,PO000046,3,MAT00113,220,2024-05-03,PL02,WH01
GR000085,PO000047,1,MAT00376,67,2024-09-01,PL01,WH05
GR000086,PO000047,2,MAT00281,248,2024-08-25,PL03,WH04
GR000087,PO000048,1,MAT00306,352,2024-05-25,PL03,WH01
GR000088,PO000048,2,MAT00064,472,2024-05-30,PL01,WH08
GR000089,PO000048,3,MAT00162,272,2024-05-23,PL03,WH07
GR000090,PO000051,1,MAT00369,268,2023-11-22,PL02,WH03
GR000091,PO000052,1,MAT00153,17,2024-10-17,PL01,WH08
GR000092,PO000052,2,MAT00317,199,2024-10-06,PL03,WH08
GR000093,PO000053,1,MAT00269,159,2023-07-15,PL03,WH08
GR000094,PO000054,1,MAT00338,148,2024-03-25,PL01,WH01
GR000095,PO000055,1,MAT00146,36,2024-11-07,PL02,WH08
GR000096,PO000056,1,MAT00081,371,2024-07-15,PL01,WH01
GR000097,PO000056,2,MAT00388,157,2024-07-20,PL02,WH01
GR000098,PO000056,3,MAT00249,59,2024-07-27,PL02,WH05
GR000099,PO000057,1,MAT00278,140,2023-12-28,PL02,WH04
GR000100,PO000058,1,MAT00269,102,2024-06-21,PL03,WH02
GR000101,PO000058,2,MAT00353,16,2024-07-10,PL01,WH06
GR000102,PO000058,3,MAT00212,122,2024-06-29,PL01,WH01
GR000103,PO000060,1,MAT00178,468,2024-11-06,PL02,WH08
GR000104,PO000062,1,MAT00165,40,2023-03-21,PL01,WH02
GR000105,PO000062,2,MAT00260,261,2023-03-19,PL03,WH03
GR000106,PO000063,1,MAT00033,286,2024-11-02,PL03,WH08
GR000107,PO000065,1,MAT00285,184,2023-01-27,PL03,WH06
GR000108,PO000066,1,MAT00229,372,2024-02-28,PL02,WH07
GR000109,PO000066,2,MAT00388,442,2024-03-07,PL01,WH01
GR000110,PO000066,3,MAT00035,206,2024-03-05,PL02,WH06
GR000111,PO000067,1,MAT00213,38,2024-01-04,PL01,WH06
GR000112,PO000067,2,MAT00251,51,2024-01-07,PL02,WH03
GR000113,PO000070,1,MAT00283,437,2024-10-27,PL01,WH01
GR000114,PO000070,2,MAT00132,182,2024-10-26,PL02,WH04
GR000115,PO000070,3,MAT00340,423,2024-11-11,PL02,WH04
GR000116,PO000072,1,MAT00263,76,2023-03-15,PL01,WH02
GR000117,PO000072,2,MAT00006,243,2023-03-11,PL01,WH02
GR000118,PO000072,3,MAT00323,264,2023-03-12,PL01,WH04
GR000119,PO000073,1,MAT00278,357,2024-03-21,PL03,WH06
GR000120,PO000073,2,MAT00255,438,2024-03-24,PL01,WH06
GR000121,PO000073,3,MAT00113,42,2024-03-22,PL02,WH06
GR000122,PO000074,1,MAT00103,483,2024-08-01,PL01,WH03
GR000123,PO000075,1,MAT00186,9,2023-01-26,PL03,WH07
GR000124,PO000076,1,MAT00076,168,2024-12-23,PL03,WH07
GR000125,PO000076,2,MAT00035,43,2025-01-05,PL03,WH08
GR000126,PO000078,1,MAT00226,404,2024-07-17,PL02,WH04
GR000127,PO000078,2,MAT00397,67,2024-08-04,PL02,WH03
GR000128,PO000079,1,MAT00114,37,2023-06-30,PL01,WH05
GR000129,PO000080,1,MAT00297,32,2023-12-16,PL03,WH03
GR000130,PO000080,2,MAT00229,412,2023-12-30,PL01,WH04
GR000131,PO000081,1,MAT00088,224,2024-04-27,PL02,WH02
GR000132,PO000081,2,MAT00188,176,2024-04-15,PL03,WH04
GR000133,PO000082,1,MAT00089,97,2024-01-29,PL02,WH03
GR000134,PO000083,1,MAT00111,378,2024-02-18,PL02,WH06
GR000135,PO000083,2,MAT00129,75,2024-02-26,PL01,WH03
GR000136,PO000084,1,MAT00310,186,2023-05-10,PL01,WH03
GR000137,PO000084,2,MAT00218,167,2023-05-09,PL01,WH04
GR000138,PO000085,1,MAT00358,152,2024-09-16,PL03,WH04
GR000139,PO000085,2,MAT00229,177,2024-09-10,PL03,WH01
GR000140,PO000087,1,MAT00266,424,2024-03-22,PL02,WH04
GR000141,PO000087,2,MAT00359,52,2024-03-19,PL03,WH04
GR000142,PO000088,1,MAT00028,341,2023-05-23,PL02,WH03
GR000143,PO000089,1,MAT00011,392,2025-01-10,PL02,WH07
GR000144,PO000089,2,MAT00239,104,2025-01-09,PL03,WH01
GR000145,PO000089,3,MAT00131,450,2025-01-09,PL03,WH01
GR000146,PO000090,1,MAT00003,367,2023-11-23,PL03,WH02
GR000147,PO000090,2,MAT00184,327,2023-11-30,PL01,WH01
GR000148,PO000091,1,MAT00231,326,2023-05-10,PL01,WH04
GR000149,PO000091,2,MAT00244,80,2023-05-06,PL03,WH08
GR000150,PO000092,1,MAT00219,58,2024-09-17,PL01,WH07
GR000151,PO000092,2,MAT00350,86,2024-09-02,PL02,WH08
GR000152,PO000092,3,MAT00193,213,2024-09-10,PL02,WH02
GR000153,PO000093,1,MAT00184,47,2023-07-22,PL02,WH02
GR000154,PO000093,2,MAT00267,56,2023-08-09,PL01,WH01
GR000155,PO000094,1,MAT00323,287,2023-11-20,PL02,WH08
GR000156,PO000094,2,MAT00320,387,2023-11-11,PL01,WH01
GR000157,PO000094,3,MAT00344,456,2023-11-20,PL03,WH07
GR000158,PO000095,1,MAT00172,412,2024-09-10,PL03,WH08
GR000159,PO000095,2,MAT00112,165,2024-09-15,PL02,WH05
GR000160,PO000095,3,MAT00315,126,2024-08-30,PL01,WH06
GR000161,PO000096,1,MAT00152,326,2023-11-17,PL03,WH03
GR000162,PO000097,1,MAT00065,209,2023-07-08,PL01,WH06
GR000163,PO000097,2,MAT00395,125,2023-07-12,PL02,WH06
GR000164,PO000097,3,MAT00112,165,2023-07-20,PL03,WH02
GR000165,PO000098,1,MAT00281,403,2023-02-15,PL02,WH01
GR000166,PO000098,2,MAT00244,388,2023-02-18,PL02,WH08
GR000167,PO000100,1,MAT00259,22,2024-12-09,PL02,WH02
GR000168,PO000100,2,MAT00270,177,2024-12-21,PL01,WH05
GR000169,PO000102,1,MAT00192,447,2024-01-22,PL02,WH05
GR000170,PO000102,2,MAT00379,186,2024-01-24,PL03,WH04
GR000171,PO000102,3,MAT00277,382,2024-02-05,PL02,WH05
GR000172,PO000103,1,MAT00107,252,2023-06-27,PL03,WH04
GR000173,PO000103,2,MAT00117,56,2023-07-11,PL02,WH02
GR000174,PO000104,1,MAT00092,222,2023-01-27,PL03,WH04
GR000175,PO000104,2,MAT00062,105,2023-01-24,PL03,WH01
GR000176,PO000105,1,MAT00363,83,2023-11-25,PL01,WH03
GR000177,PO000105,2,MAT00381,84,2023-12-03,PL03,WH07
GR000178,PO000106,1,MAT00390,340,2023-07-14,PL02,WH02
GR000179,PO000106,2,MAT00389,316,2023-07-29,PL02,WH05
GR000180,PO000106,3,MAT00328,331,2023-08-01,PL01,WH01
GR000181,PO000107,1,MAT00059,84,2023-10-22,PL01,WH03
GR000182,PO000108,1,MAT00080,335,2023-03-14,PL01,WH05
GR000183,PO000108,2,MAT00386,281,2023-03-04,PL03,WH03
GR000184,PO000109,1,MAT00289,288,2023-04-24,PL03,WH05
GR000185,PO000110,1,MAT00255,59,2024-12-18,PL01,WH03
GR000186,PO000110,2,MAT00060,275,2025-01-03,PL02,WH06
GR000187,PO000112,1,MAT00288,443,2024-10-12,PL03,WH07
GR000188,PO000112,2,MAT00294,245,2024-09-28,PL01,WH08
GR000189,PO000112,3,MAT00073,188,2024-10-09,PL01,WH06
GR000190,PO000113,1,MAT00261,391,2023-07-09,PL01,WH04
GR000191,PO000116,1,MAT00337,32,2023-03-28,PL01,WH02
GR000192,PO000116,2,MAT00056,481,2023-03-26,PL01,WH06
GR000193,PO000118,1,MAT00369,113,2023-04-23,PL02,WH02
GR000194,PO000120,1,MAT00294,67,2023-08-26,PL01,WH02
GR000195,PO000120,2,MAT00149,276,2023-09-08,PL02,WH01
GR000196,PO000121,1,MAT00080,207,2023-04-21,PL03,WH08
GR000197,PO000122,1,MAT00139,447,2023-08-29,PL02,WH03
GR000198,PO000122,2,MAT00066,16,2023-09-09,PL03,WH07
GR000199,PO000123,1,MAT00027,53,2024-04-10,PL02,WH03
GR000200,PO000123,2,MAT00370,43,2024-04-05,PL02,WH07
GR000201,PO000123,3,MAT00102,72,2024-04-14,PL03,WH05
GR000202,PO000124,1,MAT00176,129,2025-02-01,PL03,WH08
GR000203,PO000124,2,MAT00363,213,2025-01-18,PL02,WH08
GR000204,PO000124,3,MAT00398,29,2025-01-21,PL02,WH01
GR000205,PO000125,1,MAT00200,265,2023-04-24,PL02,WH03
GR000206,PO000126,1,MAT00262,399,2023-12-09,PL03,WH08
GR000207,PO000127,1,MAT00004,261,2023-08-17,PL02,WH01
GR000208,PO000127,2,MAT00200,230,2023-08-06,PL02,WH06
GR000209,PO000128,1,MAT00099,26,2024-02-17,PL02,WH08
GR000210,PO000130,1,MAT00147,144,2023-06-29,PL03,WH05
GR000211,PO000130,2,MAT00356,174,2023-07-04,PL01,WH06
GR000212,PO000131,1,MAT00088,12,2024-01-21,PL02,WH06
GR000213,PO000131,2,MAT00054,86,2023-12-31,PL03,WH05
GR000214,PO000131,3,MAT00210,257,2024-01-20,PL01,WH06
GR000215,PO000133,1,MAT00327,172,2024-12-30,PL02,WH08
GR000216,PO000134,1,MAT00398,182,2023-05-15,PL03,WH03
GR000217,PO000135,1,MAT00394,113,2024-10-22,PL01,WH05
GR000218,PO000135,2,MAT00218,145,2024-10-15,PL02,WH02
GR000219,PO000137,1,MAT00229,205,2024-11-27,PL03,WH07
GR000220,PO000137,2,MAT00067,105,2024-11-18,PL03,WH01
GR000221,PO000137,3,MAT00280,198,2024-11-11,PL03,WH05
GR000222,PO000138,1,MAT00170,446,2024-11-02,PL03,WH04
GR000223,PO000138,2,MAT00023,196,2024-10-29,PL01,WH07
GR000224,PO000138,3,MAT00252,220,2024-10-23,PL03,WH07
GR000225,PO000139,1,MAT00179,50,2023-10-25,PL01,WH03
GR000226,PO000139,2,MAT00184,62,2023-11-03,PL02,WH07
GR000227,PO000139,3,MAT00037,158,2023-10-12,PL01,WH05
GR000228,PO000140,1,MAT00233,339,2023-11-09,PL02,WH01
GR000229,PO000141,1,MAT00249,453,2023-04-14,PL02,WH07
GR000230,PO000141,2,MAT00321,492,2023-04-05,PL01,WH02
GR000231,PO000142,1,MAT00118,496,2024-07-12,PL02,WH02
GR000232,PO000142,2,MAT00376,131,2024-07-19,PL02,WH07
GR000233,PO000142,3,MAT00191,422,2024-07-01,PL02,WH03
GR000234,PO000143,1,MAT00001,235,2023-05-16,PL01,WH06
GR000235,PO000143,2,MAT00295,368,2023-05-08,PL03,WH08
GR000236,PO000144,1,MAT00188,460,2024-12-12,PL02,WH06
GR000237,PO000144,2,MAT00284,430,2024-12-25,PL03,WH01
GR000238,PO000147,1,MAT00265,478,2023-11-19,PL03,WH01
GR000239,PO000148,1,MAT00022,139,2023-10-23,PL03,WH03
GR000240,PO000148,2,MAT00155,203,2023-10-17,PL02,WH08
GR000241,PO000152,1,MAT00367,419,2023-07-06,PL02,WH03
GR000242,PO000152,2,MAT00121,211,2023-07-20,PL01,WH01
GR000243,PO000153,1,MAT00022,127,2024-08-15,PL01,WH03
GR000244,PO000153,2,MAT00331,35,2024-08-14,PL03,WH03
GR000245,PO000153,3,MAT00299,55,2024-08-04,PL03,WH01
GR000246,PO000154,1,MAT00391,433,2024-07-01,PL01,WH04
GR000247,PO000154,2,MAT00144,494,2024-07-24,PL02,WH08
GR000248,PO000156,1,MAT00221,219,2024-12-01,PL02,WH04
GR000249,PO000157,1,MAT00106,199,2024-10-19,PL02,WH01
GR000250,PO000160,1,MAT00150,205,2023-01-25,PL03,WH03
GR000251,PO000160,2,MAT00309,466,2023-01-31,PL01,WH03
GR000252,PO000160,3,MAT00090,267,2023-01-22,PL02,WH02
GR000253,PO000161,1,MAT00042,82,2023-12-07,PL01,WH08
GR000254,PO000161,2,MAT00236,456,2023-12-06,PL03,WH07
GR000255,PO000163,1,MAT00042,229,2024-06-13,PL03,WH04
GR000256,PO000165,1,MAT00214,30,2024-05-23,PL03,WH08
GR000257,PO000165,2,MAT00108,262,2024-05-21,PL01,WH06
GR000258,PO000166,1,MAT00018,102,2023-05-06,PL03,WH04
GR000259,PO000166,2,MAT00260,308,2023-04-12,PL03,WH07
GR000260,PO000167,1,MAT00342,356,2023-04-06,PL01,WH02
GR000261,PO000167,2,MAT00054,211,2023-03-29,PL02,WH01
GR000262,PO000168,1,MAT00313,347,2023-04-19,PL02,WH06
GR000263,PO000168,2,MAT00231,32,2023-04-14,PL02,WH04
GR000264,PO000168,3,MAT00332,451,2023-04-21,PL02,WH01
GR000265,PO000169,1,MAT00387,205,2023-03-28,PL01,WH07
GR000266,PO000169,2,MAT00117,55,2023-03-28,PL01,WH07
GR000267,PO000169,3,MAT00301,155,2023-04-08,PL01,WH05
GR000268,PO000170,1,MAT00228,160,2024-06-12,PL03,WH06
GR000269,PO000170,2,MAT00220,159,2024-06-08,PL02,WH02
GR000270,PO000170,3,MAT00255,163,2024-06-05,PL03,WH02
GR000271,PO000171,1,MAT00313,356,2023-03-10,PL03,WH08
GR000272,PO000171,2,MAT00194,279,2023-03-06,PL01,WH08
GR000273,PO000173,1,MAT00376,292,2024-03-19,PL03,WH07
GR000274,PO000175,1,MAT00245,16,2023-08-02,PL02,WH08
GR000275,PO000175,2,MAT00319,140,2023-07-18,PL01,WH05
GR000276,PO000177,1,MAT00036,194,2024-06-12,PL03,WH05
GR000277,PO000177,2,MAT00138,54,2024-05-18,PL01,WH01
GR000278,PO000177,3,MAT00077,366,2024-05-21,PL01,WH03
GR000279,PO000178,1,MAT00373,449,2024-11-09,PL01,WH08
GR000280,PO000178,2,MAT00300,85,2024-11-02,PL01,WH03
GR000281,PO000178,3,MAT00307,388,2024-11-16,PL02,WH08
GR000282,PO000179,1,MAT00144,301,2024-09-10,PL01,WH01
GR000283,PO000179,2,MAT00252,62,2024-09-21,PL02,WH08
GR000284,PO000180,1,MAT00291,158,2024-09-04,PL02,WH04
GR000285,PO000180,2,MAT00052,375,2024-08-22,PL02,WH02
GR000286,PO000180,3,MAT00351,147,2024-09-02,PL02,WH08
GR000287,PO000182,1,MAT00184,310,2024-04-11,PL03,WH03
GR000288,PO000183,1,MAT00048,223,2023-11-25,PL03,WH08
GR000289,PO000183,2,MAT00186,419,2023-11-08,PL03,WH05
GR000290,PO000184,1,MAT00357,257,2024-12-22,PL01,WH02
GR000291,PO000184,2,MAT00091,416,2024-12-29,PL02,WH04
GR000292,PO000184,3,MAT00349,295,2024-12-15,PL02,WH06
GR000293,PO000185,1,MAT00345,26,2024-12-09,PL02,WH04
GR000294,PO000185,2,MAT00198,71,2024-12-16,PL02,WH06
GR000295,PO000185,3,MAT00216,403,2024-12-17,PL02,WH02
GR000296,PO000188,1,MAT00244,236,2023-06-30,PL03,WH03
GR000297,PO000188,2,MAT00339,341,2023-06-20,PL01,WH08
GR000298,PO000188,3,MAT00169,222,2023-06-18,PL01,WH06
GR000299,PO000189,1,MAT00247,146,2023-11-21,PL02,WH04
GR000300,PO000190,1,MAT00036,123,2023-06-17,PL02,WH08
GR000301,PO000190,2,MAT00095,257,2023-07-05,PL03,WH08
GR000302,PO000190,3,MAT00052,73,2023-07-02,PL03,WH06
GR000303,PO000191,1,MAT00286,232,2023-12-19,PL01,WH01
GR000304,PO000194,1,MAT00181,128,2024-11-01,PL03,WH05
GR000305,PO000194,2,MAT00352,39,2024-10-17,PL02,WH05
GR000306,PO000194,3,MAT00065,73,2024-10-24,PL02,WH01
GR000307,PO000195,1,MAT00011,230,2023-02-27,PL02,WH01
GR000308,PO000195,2,MAT00270,226,2023-02-23,PL03,WH02
GR000309,PO000195,3,MAT00305,137,2023-02-27,PL01,WH04
GR000310,PO000196,1,MAT00265,411,2024-01-18,PL03,WH07
GR000311,PO000196,2,MAT00320,276,2024-01-03,PL02,WH06
GR000312,PO000196,3,MAT00317,242,2024-01-24,PL02,WH02
GR000313,PO000198,1,MAT00001,296,2024-12-14,PL02,WH07
GR000314,PO000198,2,MAT00212,235,2024-12-17,PL03,WH03
GR000315,PO000198,3,MAT00254,83,2024-12-17,PL03,WH03
GR000316,PO000199,1,MAT00397,70,2025-01-10,PL02,WH03
GR000317,PO000199,2,MAT00132,493,2025-01-02,PL03,WH02
GR000318,PO000199,3,MAT00111,71,2025-01-06,PL01,WH02
GR000319,PO000200,1,MAT00157,165,2024-01-22,PL01,WH07
GR000320,PO000200,2,MAT00249,34,2024-01-31,PL02,WH03
GR000321,PO000203,1,MAT00288,176,2024-12-11,PL03,WH07
GR000322,PO000203,2,MAT00320,129,2024-11-29,PL03,WH08
GR000323,PO000203,3,MAT00019,386,2024-11-21,PL01,WH05
GR000324,PO000204,1,MAT00374,296,2024-08-21,PL03,WH04
GR000325,PO000204,2,MAT00343,394,2024-08-03,PL01,WH01
GR000326,PO000204,3,MAT00292,150,2024-08-12,PL03,WH02
GR000327,PO000205,1,MAT00360,311,2024-07-08,PL02,WH03
GR000328,PO000205,2,MAT00251,222,2024-07-24,PL02,WH05
GR000329,PO000207,1,MAT00131,56,2023-10-17,PL01,WH03
GR000330,PO000208,1,MAT00316,209,2023-02-08,PL02,WH05
GR000331,PO000208,2,MAT00277,202,2023-02-06,PL01,WH04
GR000332,PO000209,1,MAT00365,270,2024-09-22,PL01,WH01
GR000333,PO000209,2,MAT00284,172,2024-09-24,PL01,WH01
GR000334,PO000210,1,MAT00159,147,2024-03-16,PL03,WH04
GR000335,PO000211,1,MAT00232,165,2024-08-11,PL01,WH03
GR000336,PO000212,1,MAT00370,410,2024-02-08,PL03,WH01
GR000337,PO000213,1,MAT00123,53,2023-01-15,PL01,WH05
GR000338,PO000213,2,MAT00357,284,2023-01-29,PL02,WH05
GR000339,PO000213,3,MAT00351,11,2023-01-24,PL03,WH07
GR000340,PO000215,1,MAT00142,462,2023-08-21,PL03,WH08
GR000341,PO000215,2,MAT00387,149,2023-08-20,PL02,WH08
GR000342,PO000216,1,MAT00162,78,2024-09-13,PL03,WH01
GR000343,PO000216,2,MAT00245,471,2024-09-18,PL02,WH07
GR000344,PO000216,3,MAT00205,285,2024-09-30,PL03,WH01
GR000345,PO000217,1,MAT00013,190,2024-12-07,PL03,WH07
GR000346,PO000218,1,MAT00057,8,2023-07-18,PL01,WH01
GR000347,PO000218,2,MAT00336,165,2023-07-30,PL02,WH04
GR000348,PO000218,3,MAT00393,60,2023-07-18,PL01,WH01
GR000349,PO000220,1,MAT00375,311,2024-09-18,PL01,WH04
GR000350,PO000221,1,MAT00093,108,2024-06-26,PL03,WH08
GR000351,PO000221,2,MAT00200,11,2024-07-14,PL03,WH06
GR000352,PO000222,1,MAT00282,90,2024-04-08,PL02,WH04
GR000353,PO000222,2,MAT00252,19,2024-04-05,PL03,WH07
GR000354,PO000223,1,MAT00210,423,2023-08-19,PL01,WH02
GR000355,PO000223,2,MAT00144,479,2023-07-31,PL02,WH02
GR000356,PO000223,3,MAT00012,330,2023-07-27,PL02,WH01
GR000357,PO000224,1,MAT00300,195,2024-09-08,PL02,WH01
GR000358,PO000224,2,MAT00069,372,2024-10-01,PL01,WH02
GR000359,PO000225,1,MAT00152,53,2024-10-10,PL02,WH02
GR000360,PO000227,1,MAT00163,215,2023-03-25,PL02,WH01
GR000361,PO000227,2,MAT00360,242,2023-03-25,PL02,WH06
GR000362,PO000230,1,MAT00338,80,2024-10-05,PL01,WH07
GR000363,PO000232,1,MAT00345,275,2023-11-21,PL01,WH04
GR000364,PO000233,1,MAT00152,398,2024-06-20,PL01,WH02
GR000365,PO000233,2,MAT00184,132,2024-06-26,PL03,WH06
GR000366,PO000233,3,MAT00064,214,2024-06-20,PL03,WH03
GR000367,PO000234,1,MAT00136,263,2023-04-24,PL03,WH04
GR000368,PO000235,1,MAT00286,256,2024-05-10,PL03,WH04
GR000369,PO000236,1,MAT00332,195,2024-03-01,PL01,WH03
GR000370,PO000237,1,MAT00165,309,2023-11-10,PL01,WH04
GR000371,PO000237,2,MAT00376,111,2023-11-07,PL02,WH06
GR000372,PO000237,3,MAT00182,443,2023-11-04,PL01,WH03
GR000373,PO000239,1,MAT00289,166,2023-05-11,PL02,WH07
GR000374,PO000241,1,MAT00308,201,2023-08-04,PL03,WH01
GR000375,PO000241,2,MAT00319,400,2023-07-29,PL03,WH03
GR000376,PO000241,3,MAT00121,177,2023-08-11,PL02,WH08
GR000377,PO000242,1,MAT00091,414,2023-08-13,PL01,WH06
GR000378,PO000242,2,MAT00096,265,2023-08-15,PL02,WH08
GR000379,PO000243,1,MAT00150,215,2024-06-20,PL03,WH04
GR000380,PO000243,2,MAT00285,122,2024-06-12,PL01,WH04
GR000381,PO000243,3,MAT00348,166,2024-06-08,PL03,WH06
GR000382,PO000244,1,MAT00200,394,2023-10-09,PL03,WH04
GR000383,PO000246,1,MAT00113,48,2024-04-04,PL02,WH05
GR000384,PO000246,2,MAT00287,484,2024-04-07,PL01,WH01
GR000385,PO000246,3,MAT00056,289,2024-04-10,PL03,WH05
GR000386,PO000247,1,MAT00066,442,2023-12-04,PL03,WH05
GR000387,PO000247,2,MAT00369,14,2023-11-23,PL02,WH07
GR000388,PO000247,3,MAT00043,430,2023-12-04,PL01,WH03
GR000389,PO000248,1,MAT00207,393,2024-02-27,PL03,WH08
GR000390,PO000248,2,MAT00105,184,2024-03-01,PL01,WH07
GR000391,PO000248,3,MAT00239,117,2024-03-07,PL01,WH03
GR000392,PO000249,1,MAT00119,394,2024-09-05,PL03,WH04
GR000393,PO000249,2,MAT00400,170,2024-09-14,PL02,WH06
GR000394,PO000251,1,MAT00251,263,2024-10-23,PL01,WH07
GR000395,PO000251,2,MAT00010,93,2024-10-23,PL03,WH02
GR000396,PO000251,3,MAT00341,31,2024-10-31,PL01,WH01
GR000397,PO000252,1,MAT00229,155,2023-07-25,PL03,WH08
GR000398,PO000252,2,MAT00337,39,2023-07-18,PL01,WH07
GR000399,PO000253,1,MAT00132,76,2024-02-25,PL03,WH07
GR000400,PO000255,1,MAT00267,490,2024-05-15,PL03,WH05
GR000401,PO000255,2,MAT00399,113,2024-05-10,PL02,WH07
GR000402,PO000255,3,MAT00138,319,2024-05-25,PL02,WH08
GR000403,PO000256,1,MAT00109,56,2024-05-09,PL02,WH07
GR000404,PO000256,2,MAT00230,323,2024-04-29,PL02,WH03
GR000405,PO000256,3,MAT00220,470,2024-05-09,PL02,WH03
GR000406,PO000257,1,MAT00183,367,2024-12-30,PL01,WH05
GR000407,PO000257,2,MAT00088,351,2025-01-13,PL03,WH08
GR000408,PO000259,1,MAT00090,337,2023-03-18,PL02,WH06
GR000409,PO000260,1,MAT00201,25,2024-02-23,PL03,WH08
GR000410,PO000260,2,MAT00314,179,2024-02-23,PL03,WH03
GR000411,PO000261,1,MAT00050,39,2024-05-21,PL01,WH07
GR000412,PO000263,1,MAT00350,467,2023-07-13,PL02,WH02
GR000413,PO000264,1,MAT00325,36,2024-02-11,PL02,WH04
GR000414,PO000264,2,MAT00366,201,2024-02-15,PL01,WH07
GR000415,PO000266,1,MAT00213,222,2023-07-07,PL02,WH04
GR000416,PO000267,1,MAT00100,71,2024-07-18,PL02,WH03
GR000417,PO000267,2,MAT00304,17,2024-07-26,PL01,WH04
GR000418,PO000268,1,MAT00250,427,2024-05-08,PL02,WH02
GR000419,PO000268,2,MAT00323,463,2024-05-01,PL03,WH02
GR000420,PO000268,3,MAT00351,374,2024-05-09,PL01,WH02
GR000421,PO000269,1,MAT00245,366,2024-10-06,PL03,WH06
GR000422,PO000269,2,MAT00199,99,2024-10-06,PL02,WH02
GR000423,PO000269,3,MAT00379,181,2024-10-02,PL02,WH04
GR000424,PO000270,1,MAT00149,129,2024-06-30,PL01,WH04
GR000425,PO000271,1,MAT00340,24,2024-03-31,PL02,WH07
GR000426,PO000271,2,MAT00381,75,2024-03-29,PL03,WH06
GR000427,PO000271,3,MAT00104,48,2024-04-11,PL01,WH05
GR000428,PO000272,1,MAT00260,179,2023-02-05,PL03,WH04
GR000429,PO000272,2,MAT00226,420,2023-02-25,PL01,WH06
GR000430,PO000272,3,MAT00219,103,2023-02-02,PL01,WH02
GR000431,PO000274,1,MAT00252,130,2024-09-19,PL03,WH05
GR000432,PO000275,1,MAT00184,227,2023-07-02,PL02,WH08
GR000433,PO000276,1,MAT00060,50,2024-10-31,PL02,WH03
GR000434,PO000276,2,MAT00308,251,2024-11-05,PL03,WH03
GR000435,PO000278,1,MAT00157,166,2023-07-19,PL03,WH02
GR000436,PO000278,2,MAT00351,180,2023-07-20,PL01,WH04
GR000437,PO000281,1,MAT00388,245,2023-08-18,PL02,WH06
GR000438,PO000281,2,MAT00008,271,2023-08-05,PL02,WH08
GR000439,PO000285,1,MAT00257,275,2025-01-14,PL01,WH05
GR000440,PO000286,1,MAT00176,347,2025-01-04,PL02,WH02
GR000441,PO000286,2,MAT00020,65,2025-01-08,PL02,WH05
GR000442,PO000286,3,MAT00112,393,2025-01-08,PL02,WH01
GR000443,PO000287,1,MAT00117,36,2023-07-21,PL02,WH07
GR000444,PO000288,1,MAT00172,370,2023-07-14,PL01,WH08
GR000445,PO000289,1,MAT00274,51,2024-08-16,PL01,WH08
GR000446,PO000291,1,MAT00131,42,2023-04-24,PL01,WH08
GR000447,PO000291,2,MAT00110,354,2023-04-05,PL01,WH01
GR000448,PO000292,1,MAT00030,59,2024-12-15,PL01,WH05
GR000449,PO000293,1,MAT00180,319,2024-05-30,PL03,WH06
GR000450,PO000293,2,MAT00148,428,2024-05-31,PL03,WH07
GR000451,PO000296,1,MAT00383,347,2024-02-04,PL02,WH01
GR000452,PO000296,2,MAT00148,336,2024-01-30,PL01,WH01
GR000453,PO000296,3,MAT00380,423,2024-02-09,PL02,WH08
GR000454,PO000297,1,MAT00057,188,2024-03-05,PL03,WH07
GR000455,PO000298,1,MAT00100,83,2023-11-20,PL03,WH03
GR000456,PO000298,2,MAT00242,264,2023-11-14,PL03,WH03
GR000457,PO000298,3,MAT00398,468,2023-11-06,PL02,WH04
GR000458,PO000299,1,MAT00227,368,2023-08-23,PL03,WH03
GR000459,PO000299,2,MAT00170,485,2023-08-23,PL02,WH05
GR000460,PO000299,3,MAT00245,350,2023-09-01,PL01,WH08
GR000461,PO000300,1,MAT00008,154,2023-04-28,PL03,WH07
GR000462,PO000300,2,MAT00004,252,2023-05-04,PL03,WH04
GR000463,PO000301,1,MAT00254,54,2023-09-02,PL03,WH02
GR000464,PO000301,2,MAT00102,303,2023-09-01,PL02,WH05
GR000465,PO000302,1,MAT00094,443,2023-03-25,PL02,WH03
GR000466,PO000303,1,MAT00197,123,2024-06-24,PL03,WH06
GR000467,PO000303,2,MAT00017,84,2024-07-03,PL01,WH08
GR000468,PO000303,3,MAT00121,85,2024-06-25,PL03,WH06
GR000469,PO000304,1,MAT00268,73,2023-12-13,PL03,WH04
GR000470,PO000304,2,MAT00040,263,2023-12-02,PL01,WH03
GR000471,PO000304,3,MAT00080,433,2023-12-11,PL01,WH03
GR000472,PO000305,1,MAT00059,427,2024-05-27,PL01,WH06
GR000473,PO000305,2,MAT00228,226,2024-06-02,PL02,WH02
GR000474,PO000306,1,MAT00108,366,2024-07-24,PL03,WH02
GR000475,PO000306,2,MAT00273,77,2024-07-24,PL03,WH05
GR000476,PO000307,1,MAT00315,80,2024-05-04,PL02,WH04
GR000477,PO000307,2,MAT00378,121,2024-04-24,PL03,WH06
GR000478,PO000307,3,MAT00065,381,2024-04-22,PL03,WH07
GR000479,PO000308,1,MAT00272,484,2024-03-30,PL02,WH01
GR000480,PO000312,1,MAT00121,303,2024-06-25,PL02,WH03
GR000481,PO000312,2,MAT00155,206,2024-07-03,PL03,WH05
GR000482,PO000312,3,MAT00228,302,2024-06-21,PL01,WH07
GR000483,PO000315,1,MAT00061,72,2023-01-30,PL01,WH02
GR000484,PO000315,2,MAT00372,297,2023-02-04,PL01,WH02
GR000485,PO000316,1,MAT00048,97,2024-06-29,PL01,WH05
GR000486,PO000316,2,MAT00077,33,2024-06-26,PL02,WH03
GR000487,PO000316,3,MAT00146,305,2024-06-19,PL03,WH04
GR000488,PO000319,1,MAT00104,493,2023-07-06,PL03,WH04
GR000489,PO000320,1,MAT00399,334,2023-03-27,PL03,WH03
GR000490,PO000320,2,MAT00262,224,2023-04-01,PL02,WH01
GR000491,PO000321,1,MAT00338,73,2024-10-09,PL03,WH02
GR000492,PO000321,2,MAT00222,178,2024-09-28,PL02,WH03
GR000493,PO000322,1,MAT00188,203,2023-09-01,PL02,WH02
GR000494,PO000323,1,MAT00265,311,2023-07-21,PL01,WH05
GR000495,PO000323,2,MAT00123,292,2023-07-08,PL01,WH06
GR000496,PO000324,1,MAT00360,357,2024-02-28,PL03,WH08
GR000497,PO000324,2,MAT00234,313,2024-02-09,PL03,WH03
GR000498,PO000324,3,MAT00129,83,2024-03-02,PL02,WH06
GR000499,PO000325,1,MAT00036,181,2025-01-15,PL01,WH08
GR000500,PO000325,2,MAT00360,231,2025-01-13,PL03,WH05
GR000501,PO000325,3,MAT00073,255,2025-01-08,PL02,WH02
GR000502,PO000326,1,MAT00386,94,2023-03-29,PL03,WH08
GR000503,PO000328,1,MAT00257,17,2024-07-30,PL01,WH06
GR000504,PO000328,2,MAT00366,135,2024-07-25,PL03,WH08
GR000505,PO000329,1,MAT00371,472,2023-06-30,PL02,WH06
GR000506,PO000329,2,MAT00035,497,2023-07-13,PL02,WH06
GR000507,PO000329,3,MAT00222,67,2023-07-18,PL01,WH05
GR000508,PO000330,1,MAT00037,119,2023-12-01,PL03,WH04
GR000509,PO000330,2,MAT00090,482,2023-11-28,PL03,WH08
GR000510,PO000331,1,MAT00067,92,2024-10-13,PL02,WH01
GR000511,PO000332,1,MAT00036,128,2024-01-02,PL02,WH03
GR000512,PO000334,1,MAT00018,284,2024-01-20,PL02,WH03
GR000513,PO000335,1,MAT00112,12,2023-06-20,PL01,WH04
GR000514,PO000335,2,MAT00058,155,2023-06-12,PL02,WH01
GR000515,PO000336,1,MAT00142,350,2023-06-25,PL02,WH08
GR000516,PO000336,2,MAT00383,419,2023-06-26,PL02,WH07
GR000517,PO000339,1,MAT00195,271,2023-09-26,PL01,WH04
GR000518,PO000339,2,MAT00210,351,2023-09-22,PL02,WH03
GR000519,PO000339,3,MAT00200,106,2023-10-05,PL03,WH04
GR000520,PO000341,1,MAT00027,452,2023-02-08,PL03,WH04
GR000521,PO000342,1,MAT00296,41,2023-09-12,PL01,WH02
GR000522,PO000342,2,MAT00396,147,2023-09-04,PL03,WH04
GR000523,PO000343,1,MAT00364,15,2023-12-22,PL03,WH08
GR000524,PO000345,1,MAT00125,352,2024-01-02,PL01,WH06
GR000525,PO000346,1,MAT00395,280,2024-01-20,PL03,WH04
GR000526,PO000346,2,MAT00289,309,2024-01-14,PL01,WH01
GR000527,PO000346,3,MAT00091,310,2024-02-01,PL01,WH08
GR000528,PO000348,1,MAT00394,187,2025-01-17,PL03,WH07
GR000529,PO000348,2,MAT00022,44,2025-01-19,PL03,WH03
GR000530,PO000348,3,MAT00077,316,2025-01-07,PL02,WH01
GR000531,PO000349,1,MAT00078,263,2025-01-02,PL01,WH08
GR000532,PO000349,2,MAT00085,394,2025-01-05,PL02,WH05
GR000533,PO000350,1,MAT00124,302,2023-08-30,PL01,WH05
GR000534,PO000351,1,MAT00325,162,2023-11-16,PL01,WH05
GR000535,PO000351,2,MAT00091,14,2023-11-20,PL01,WH04
GR000536,PO000352,1,MAT00224,342,2023-08-30,PL02,WH02
GR000537,PO000353,1,MAT00022,188,2025-01-16,PL02,WH01
GR000538,PO000353,2,MAT00109,175,2025-01-20,PL02,WH02
GR000539,PO000354,1,MAT00232,141,2024-12-31,PL03,WH08
GR000540,PO000354,2,MAT00035,122,2024-12-19,PL03,WH03
GR000541,PO000354,3,MAT00161,238,2025-01-04,PL02,WH03
GR000542,PO000356,1,MAT00054,102,2024-08-12,PL02,WH03
GR000543,PO000356,2,MAT00141,428,2024-08-30,PL01,WH03
GR000544,PO000356,3,MAT00069,46,2024-08-28,PL03,WH02
GR000545,PO000358,1,MAT00266,225,2023-05-05,PL01,WH01
GR000546,PO000358,2,MAT00316,395,2023-05-15,PL03,WH04
GR000547,PO000358,3,MAT00230,64,2023-05-18,PL02,WH06
GR000548,PO000359,1,MAT00297,288,2024-05-30,PL03,WH01
GR000549,PO000361,1,MAT00209,345,2024-04-08,PL02,WH08
GR000550,PO000361,2,MAT00234,96,2024-03-27,PL01,WH06
GR000551,PO000362,1,MAT00027,194,2023-03-28,PL01,WH03
GR000552,PO000363,1,MAT00229,102,2024-03-25,PL03,WH05
GR000553,PO000363,2,MAT00368,188,2024-03-29,PL02,WH05
GR000554,PO000363,3,MAT00307,425,2024-04-13,PL01,WH03
GR000555,PO000366,1,MAT00066,365,2023-12-19,PL03,WH03
GR000556,PO000366,2,MAT00371,420,2023-12-08,PL02,WH08
GR000557,PO000367,1,MAT00044,284,2024-07-25,PL01,WH04
GR000558,PO000367,2,MAT00152,369,2024-07-22,PL01,WH01
GR000559,PO000367,3,MAT00078,195,2024-07-14,PL01,WH06
GR000560,PO000368,1,MAT00056,71,2024-01-28,PL02,WH01
GR000561,PO000370,1,MAT00313,11,2024-05-12,PL01,WH07
GR000562,PO000371,1,MAT00296,339,2023-06-27,PL03,WH07
GR000563,PO000371,2,MAT00227,272,2023-07-05,PL03,WH02
GR000564,PO000375,1,MAT00041,217,2024-05-15,PL01,WH07
GR000565,PO000375,2,MAT00198,109,2024-05-13,PL01,WH06
GR000566,PO000375,3,MAT00284,24,2024-05-13,PL03,WH02
GR000567,PO000376,1,MAT00191,106,2023-08-31,PL01,WH05
GR000568,PO000376,2,MAT00396,53,2023-08-31,PL01,WH01
GR000569,PO000377,1,MAT00223,14,2023-03-23,PL02,WH04
GR000570,PO000377,2,MAT00259,171,2023-03-20,PL02,WH02
GR000571,PO000378,1,MAT00035,267,2024-01-05,PL01,WH07
GR000572,PO000378,2,MAT00325,254,2023-12-13,PL02,WH03
GR000573,PO000378,3,MAT00323,359,2024-01-01,PL01,WH04
GR000574,PO000379,1,MAT00233,92,2024-12-21,PL03,WH08
GR000575,PO000379,2,MAT00047,412,2024-12-15,PL02,WH01
GR000576,PO000379,3,MAT00108,466,2024-12-25,PL02,WH04
GR000577,PO000380,1,MAT00290,300,2024-10-07,PL01,WH03
GR000578,PO000381,1,MAT00298,265,2023-11-30,PL01,WH03
GR000579,PO000382,1,MAT00262,190,2023-03-24,PL03,WH05
GR000580,PO000382,2,MAT00167,252,2023-04-10,PL02,WH02
GR000581,PO000383,1,MAT00377,449,2024-08-24,PL03,WH08
GR000582,PO000383,2,MAT00349,197,2024-08-31,PL02,WH02
GR000583,PO000384,1,MAT00331,144,2024-12-25,PL01,WH04
GR000584,PO000384,2,MAT00224,368,2024-12-04,PL01,WH05
GR000585,PO000385,1,MAT00319,447,2024-02-06,PL02,WH06
GR000586,PO000385,2,MAT00111,248,2024-02-11,PL02,WH02
GR000587,PO000386,1,MAT00226,403,2023-07-21,PL02,WH06
GR000588,PO000386,2,MAT00095,185,2023-07-27,PL01,WH02
GR000589,PO000387,1,MAT00187,89,2023-10-23,PL03,WH06
GR000590,PO000387,2,MAT00376,300,2023-11-06,PL02,WH06
GR000591,PO000387,3,MAT00092,414,2023-11-02,PL01,WH04
GR000592,PO000389,1,MAT00045,467,2024-03-14,PL01,WH06
GR000593,PO000389,2,MAT00220,395,2024-03-19,PL02,WH08
GR000594,PO000389,3,MAT00132,253,2024-04-07,PL01,WH06
GR000595,PO000390,1,MAT00148,297,2025-01-03,PL01,WH03
GR000596,PO000391,1,MAT00108,390,2023-12-26,PL02,WH03
GR000597,PO000391,2,MAT00384,469,2023-12-09,PL02,WH02
GR000598,PO000391,3,MAT00110,415,2023-12-16,PL02,WH08
GR000599,PO000392,1,MAT00371,306,2023-05-21,PL03,WH07
GR000600,PO000392,2,MAT00068,366,2023-05-22,PL03,WH04
GR000601,PO000392,3,MAT00399,188,2023-05-20,PL03,WH06
GR000602,PO000394,1,MAT00161,228,2024-03-25,PL02,WH03
GR000603,PO000394,2,MAT00131,244,2024-03-07,PL03,WH07
GR000604,PO000394,3,MAT00370,205,2024-03-25,PL03,WH05
GR000605,PO000395,1,MAT00250,54,2024-12-27,PL01,WH07
GR000606,PO000396,1,MAT00372,484,2023-05-12,PL02,WH05
GR000607,PO000396,2,MAT00362,446,2023-05-02,PL02,WH02
GR000608,PO000396,3,MAT00389,110,2023-04-28,PL02,WH07
GR000609,PO000397,1,MAT00237,212,2024-11-09,PL01,WH05
GR000610,PO000397,2,MAT00215,460,2024-11-06,PL02,WH01
GR000611,PO000397,3,MAT00145,470,2024-10-28,PL01,WH03
GR000612,PO000398,1,MAT00218,173,2024-02-06,PL02,WH04
GR000613,PO000398,2,MAT00123,202,2024-01-30,PL03,WH07
GR000614,PO000398,3,MAT00216,30,2024-02-07,PL03,WH03
GR000615,PO000399,1,MAT00209,420,2024-04-03,PL03,WH05
GR000616,PO000399,2,MAT00354,438,2024-04-07,PL01,WH02
GR000617,PO000399,3,MAT00298,23,2024-04-18,PL03,WH01
GR000618,PO000400,1,MAT00156,302,2024-10-23,PL03,WH08
GR000619,PO000401,1,MAT00196,105,2024-10-24,PL02,WH04
GR000620,PO000401,2,MAT00119,381,2024-11-12,PL02,WH01
GR000621,PO000403,1,MAT00044,72,2023-05-09,PL02,WH02
GR000622,PO000403,2,MAT00358,49,2023-05-13,PL01,WH02
GR000623,PO000403,3,MAT00233,261,2023-05-15,PL01,WH02
GR000624,PO000404,1,MAT00320,465,2023-08-24,PL01,WH05
GR000625,PO000404,2,MAT00044,15,2023-08-30,PL03,WH02
GR000626,PO000409,1,MAT00053,482,2024-06-03,PL01,WH07
GR000627,PO000409,2,MAT00169,62,2024-06-22,PL03,WH03
GR000628,PO000411,1,MAT00239,112,2023-05-07,PL03,WH08
GR000629,PO000411,2,MAT00381,95,2023-05-15,PL02,WH05
GR000630,PO000412,1,MAT00257,158,2024-09-27,PL02,WH06
GR000631,PO000412,2,MAT00275,79,2024-09-28,PL01,WH06
GR000632,PO000412,3,MAT00259,41,2024-09-18,PL01,WH06
GR000633,PO000413,1,MAT00056,470,2023-08-16,PL02,WH04
GR000634,PO000413,2,MAT00236,279,2023-08-29,PL02,WH07
GR000635,PO000414,1,MAT00166,333,2024-12-13,PL01,WH01
GR000636,PO000414,2,MAT00354,60,2024-12-09,PL02,WH07
GR000637,PO000415,1,MAT00246,19,2023-09-26,PL01,WH05
GR000638,PO000415,2,MAT00189,77,2023-09-17,PL01,WH06
GR000639,PO000418,1,MAT00162,24,2023-05-13,PL01,WH07
GR000640,PO000418,2,MAT00001,105,2023-05-18,PL03,WH01
GR000641,PO000418,3,MAT00322,405,2023-05-11,PL02,WH02
GR000642,PO000420,1,MAT00187,308,2023-10-14,PL02,WH07
GR000643,PO000421,1,MAT00262,277,2024-11-09,PL02,WH05
GR000644,PO000422,1,MAT00135,91,2023-12-27,PL02,WH04
GR000645,PO000422,2,MAT00352,120,2023-12-10,PL03,WH01
GR000646,PO000424,1,MAT00011,399,2023-05-06,PL02,WH03
GR000647,PO000424,2,MAT00387,444,2023-04-29,PL01,WH07
GR000648,PO000424,3,MAT00357,241,2023-05-12,PL01,WH04
GR000649,PO000425,1,MAT00350,361,2023-04-04,PL03,WH03
GR000650,PO000426,1,MAT00005,30,2024-05-09,PL01,WH08
GR000651,PO000426,2,MAT00392,97,2024-05-10,PL01,WH03
GR000652,PO000426,3,MAT00397,71,2024-05-10,PL02,WH06
GR000653,PO000428,1,MAT00198,231,2024-07-03,PL03,WH02
GR000654,PO000428,2,MAT00195,122,2024-07-04,PL03,WH04
GR000655,PO000428,3,MAT00222,43,2024-07-12,PL01,WH07
GR000656,PO000431,1,MAT00293,82,2023-08-09,PL02,WH06
GR000657,PO000431,2,MAT00181,20,2023-07-25,PL01,WH01
GR000658,PO000432,1,MAT00074,308,2024-09-12,PL02,WH01
GR000659,PO000432,2,MAT00240,429,2024-09-27,PL02,WH03
GR000660,PO000433,1,MAT00233,98,2023-06-17,PL02,WH05
GR000661,PO000434,1,MAT00273,244,2024-11-28,PL02,WH08
GR000662,PO000434,2,MAT00384,67,2024-12-01,PL03,WH03
GR000663,PO000435,1,MAT00202,53,2024-03-04,PL01,WH06
GR000664,PO000435,2,MAT00203,79,2024-03-09,PL02,WH08
GR000665,PO000435,3,MAT00248,423,2024-03-08,PL02,WH06
GR000666,PO000436,1,MAT00012,168,2024-03-01,PL03,WH02
GR000667,PO000436,2,MAT00149,231,2024-03-01,PL02,WH02
GR000668,PO000437,1,MAT00030,85,2023-01-20,PL03,WH03
GR000669,PO000437,2,MAT00368,165,2023-01-16,PL02,WH08
GR000670,PO000437,3,MAT00282,30,2023-02-01,PL01,WH08
GR000671,PO000440,1,MAT00069,137,2023-03-02,PL02,WH07
GR000672,PO000440,2,MAT00171,472,2023-02-17,PL02,WH03
GR000673,PO000441,1,MAT00329,421,2024-08-28,PL01,WH03
GR000674,PO000441,2,MAT00106,223,2024-08-14,PL02,WH05
GR000675,PO000443,1,MAT00181,374,2023-12-06,PL02,WH07
GR000676,PO000443,2,MAT00025,220,2023-12-12,PL01,WH02
GR000677,PO000443,3,MAT00390,396,2023-12-03,PL01,WH03
GR000678,PO000444,1,MAT00202,459,2024-10-27,PL02,WH07
GR000679,PO000444,2,MAT00366,353,2024-10-30,PL03,WH01
GR000680,PO000444,3,MAT00235,53,2024-10-24,PL01,WH02
GR000681,PO000445,1,MAT00180,179,2023-11-02,PL03,WH04
GR000682,PO000445,2,MAT00353,274,2023-11-23,PL02,WH04
GR000683,PO000445,3,MAT00112,468,2023-11-05,PL02,WH01
GR000684,PO000446,1,MAT00185,68,2024-05-20,PL03,WH02
GR000685,PO000447,1,MAT00399,22,2023-09-30,PL02,WH02
GR000686,PO000447,2,MAT00289,163,2023-09-23,PL01,WH08
GR000687,PO000448,1,MAT00166,84,2024-11-15,PL01,WH03
GR000688,PO000448,2,MAT00105,271,2024-11-29,PL01,WH08
GR000689,PO000449,1,MAT00006,311,2023-11-22,PL02,WH07
GR000690,PO000450,1,MAT00003,105,2024-12-24,PL01,WH07
GR000691,PO000450,2,MAT00277,10,2024-12-24,PL03,WH01
GR000692,PO000453,1,MAT00004,97,2023-10-23,PL03,WH03
GR000693,PO000453,2,MAT00363,187,2023-11-04,PL03,WH06
GR000694,PO000453,3,MAT00387,209,2023-11-01,PL03,WH02
GR000695,PO000458,1,MAT00150,156,2023-10-17,PL01,WH04
GR000696,PO000458,2,MAT00221,54,2023-10-11,PL03,WH04
GR000697,PO000458,3,MAT00378,27,2023-09-24,PL02,WH02
GR000698,PO000459,1,MAT00383,500,2024-01-12,PL03,WH04
GR000699,PO000459,2,MAT00042,436,2024-01-06,PL03,WH06
GR000700,PO000459,3,MAT00245,326,2023-12-27,PL01,WH07
GR000701,PO000460,1,MAT00131,301,2024-11-03,PL03,WH02
GR000702,PO000461,1,MAT00324,317,2023-05-08,PL01,WH05
GR000703,PO000462,1,MAT00343,456,2024-02-19,PL01,WH05
GR000704,PO000463,1,MAT00085,367,2024-03-09,PL02,WH01
GR000705,PO000463,2,MAT00102,26,2024-02-28,PL01,WH01
GR000706,PO000463,3,MAT00118,81,2024-03-12,PL02,WH04
GR000707,PO000466,1,MAT00028,20,2024-05-12,PL01,WH01
GR000708,PO000467,1,MAT00320,402,2024-07-31,PL02,WH03
GR000709,PO000467,2,MAT00076,69,2024-08-14,PL02,WH04
GR000710,PO000468,1,MAT00088,131,2024-01-11,PL01,WH07
GR000711,PO000469,1,MAT00124,457,2024-07-09,PL01,WH03
GR000712,PO000470,1,MAT00342,170,2024-04-21,PL01,WH03
GR000713,PO000471,1,MAT00340,72,2024-09-20,PL02,WH08
GR000714,PO000471,2,MAT00258,371,2024-10-01,PL01,WH05
GR000715,PO000471,3,MAT00040,492,2024-10-05,PL02,WH05
GR000716,PO000472,1,MAT00388,63,2023-12-14,PL03,WH05
GR000717,PO000472,2,MAT00336,50,2023-12-03,PL03,WH05
GR000718,PO000472,3,MAT00039,389,2023-12-02,PL02,WH01
GR000719,PO000473,1,MAT00058,401,2023-09-09,PL01,WH01
GR000720,PO000473,2,MAT00084,148,2023-09-15,PL02,WH01
GR000721,PO000473,3,MAT00215,152,2023-09-15,PL02,WH07
GR000722,PO000474,1,MAT00324,115,2024-02-24,PL02,WH05
GR000723,PO000475,1,MAT00012,489,2023-02-28,PL02,WH04
GR000724,PO000475,2,MAT00220,397,2023-03-05,PL03,WH07
GR000725,PO000476,1,MAT00283,170,2023-03-29,PL02,WH07
GR000726,PO000476,2,MAT00226,138,2023-04-01,PL03,WH08
GR000727,PO000476,3,MAT00269,330,2023-03-14,PL01,WH05
GR000728,PO000479,1,MAT00142,184,2024-10-24,PL02,WH02
GR000729,PO000480,1,MAT00302,142,2024-04-06,PL01,WH03
GR000730,PO000480,2,MAT00141,456,2024-04-02,PL01,WH01
GR000731,PO000481,1,MAT00210,306,2023-07-31,PL03,WH01
GR000732,PO000481,2,MAT00043,497,2023-07-21,PL02,WH06
GR000733,PO000482,1,MAT00103,130,2024-07-17,PL03,WH02
GR000734,PO000482,2,MAT00078,271,2024-07-20,PL02,WH07
GR000735,PO000482,3,MAT00351,46,2024-07-21,PL01,WH06
GR000736,PO000483,1,MAT00315,189,2024-10-01,PL02,WH01
GR000737,PO000483,2,MAT00117,78,2024-09-27,PL01,WH02
GR000738,PO000484,1,MAT00147,271,2024-10-15,PL03,WH04
GR000739,PO000484,2,MAT00088,203,2024-09-22,PL03,WH07
GR000740,PO000487,1,MAT00134,438,2024-04-09,PL02,WH06
GR000741,PO000488,1,MAT00349,69,2023-09-16,PL03,WH06
GR000742,PO000488,2,MAT00247,50,2023-09-17,PL01,WH08
GR000743,PO000488,3,MAT00102,319,2023-09-25,PL02,WH03
GR000744,PO000489,1,MAT00124,355,2024-07-15,PL03,WH05
GR000745,PO000489,2,MAT00212,184,2024-07-14,PL02,WH03
GR000746,PO000490,1,MAT00123,470,2024-09-01,PL01,WH02
GR000747,PO000491,1,MAT00274,374,2024-04-02,PL01,WH01
GR000748,PO000491,2,MAT00052,436,2024-03-31,PL01,WH03
GR000749,PO000491,3,MAT00305,273,2024-03-23,PL02,WH03
GR000750,PO000492,1,MAT00343,374,2024-03-02,PL02,WH01
GR000751,PO000493,1,MAT00197,496,2023-04-07,PL03,WH07
GR000752,PO000493,2,MAT00091,158,2023-04-14,PL01,WH02
GR000753,PO000494,1,MAT00067,165,2023-07-03,PL02,WH03
GR000754,PO000494,2,MAT00203,119,2023-06-21,PL01,WH06
GR000755,PO000494,3,MAT00102,21,2023-06-29,PL03,WH05
GR000756,PO000495,1,MAT00071,498,2023-12-26,PL03,WH07
GR000757,PO000496,1,MAT00201,170,2024-06-29,PL01,WH05
GR000758,PO000496,2,MAT00268,150,2024-06-29,PL01,WH05
GR000759,PO000496,3,MAT00113,320,2024-06-29,PL03,WH03
GR000760,PO000497,1,MAT00365,396,2023-05-04,PL01,WH01
GR000761,PO000497,2,MAT00235,260,2023-04-15,PL02,WH05
GR000762,PO000497,3,MAT00243,492,2023-04-30,PL03,WH03
GR000763,PO000498,1,MAT00114,376,2024-04-20,PL02,WH08
GR000764,PO000500,1,MAT00038,382,2023-04-03,PL03,WH05
GR000765,PO000501,1,MAT00206,354,2024-05-08,PL03,WH01
GR000766,PO000501,2,MAT00191,231,2024-05-08,PL03,WH04
GR000767,PO000501,3,MAT00298,440,2024-05-04,PL01,WH04
GR000768,PO000502,1,MAT00373,354,2023-06-13,PL01,WH03
GR000769,PO000503,1,MAT00305,335,2024-06-14,PL03,WH01
GR000770,PO000505,1,MAT00347,459,2024-05-25,PL02,WH08
GR000771,PO000506,1,MAT00018,288,2024-10-15,PL01,WH05
GR000772,PO000506,2,MAT00350,224,2024-10-25,PL01,WH02
GR000773,PO000507,1,MAT00362,348,2023-07-28,PL02,WH08
GR000774,PO000507,2,MAT00244,440,2023-07-23,PL03,WH04
GR000775,PO000508,1,MAT00052,120,2023-03-01,PL02,WH06
GR000776,PO000508,2,MAT00107,143,2023-02-20,PL02,WH07
GR000777,PO000508,3,MAT00354,214,2023-02-08,PL02,WH04
GR000778,PO000509,1,MAT00372,167,2023-12-27,PL03,WH04
GR000779,PO000512,1,MAT00160,381,2023-06-26,PL01,WH07
GR000780,PO000512,2,MAT00247,39,2023-06-22,PL01,WH02
GR000781,PO000513,1,MAT00375,31,2024-06-12,PL01,WH04
GR000782,PO000513,2,MAT00398,27,2024-06-08,PL02,WH03
GR000783,PO000514,1,MAT00051,26,2023-10-31,PL03,WH03
GR000784,PO000515,1,MAT00122,109,2023-04-25,PL02,WH01
GR000785,PO000515,2,MAT00002,164,2023-04-21,PL01,WH08
GR000786,PO000516,1,MAT00331,123,2024-02-15,PL02,WH05
GR000787,PO000517,1,MAT00372,205,2025-01-12,PL03,WH06
GR000788,PO000518,1,MAT00201,124,2024-07-19,PL02,WH08
GR000789,PO000518,2,MAT00144,199,2024-07-23,PL03,WH06
GR000790,PO000519,1,MAT00063,38,2023-06-08,PL02,WH03
GR000791,PO000520,1,MAT00218,277,2024-03-11,PL01,WH08
GR000792,PO000520,2,MAT00126,139,2024-03-17,PL02,WH01
GR000793,PO000521,1,MAT00057,218,2023-12-10,PL03,WH08
GR000794,PO000521,2,MAT00042,289,2023-12-23,PL01,WH08
GR000795,PO000521,3,MAT00302,372,2023-12-18,PL03,WH02
GR000796,PO000522,1,MAT00186,75,2024-03-21,PL03,WH03
GR000797,PO000522,2,MAT00251,111,2024-03-22,PL01,WH08
GR000798,PO000523,1,MAT00040,259,2023-07-19,PL02,WH01
GR000799,PO000523,2,MAT00160,161,2023-07-10,PL03,WH06
GR000800,PO000523,3,MAT00143,324,2023-07-18,PL03,WH03
GR000801,PO000524,1,MAT00076,421,2023-11-23,PL02,WH08
GR000802,PO000525,1,MAT00214,484,2024-04-30,PL01,WH01
GR000803,PO000525,2,MAT00020,172,2024-04-27,PL02,WH01
GR000804,PO000526,1,MAT00064,365,2023-12-05,PL02,WH01
GR000805,PO000527,1,MAT00151,44,2024-10-25,PL01,WH01
GR000806,PO000528,1,MAT00088,309,2023-08-05,PL03,WH05
GR000807,PO000528,2,MAT00372,297,2023-08-12,PL01,WH03
GR000808,PO000529,1,MAT00397,101,2023-04-27,PL01,WH06
GR000809,PO000529,2,MAT00243,304,2023-05-11,PL03,WH08
GR000810,PO000530,1,MAT00034,120,2023-09-03,PL03,WH03
GR000811,PO000531,1,MAT00029,175,2023-06-27,PL01,WH07
GR000812,PO000532,1,MAT00006,266,2024-11-26,PL03,WH07
GR000813,PO000532,2,MAT00315,406,2024-12-03,PL02,WH06
GR000814,PO000535,1,MAT00096,458,2024-03-23,PL02,WH03
GR000815,PO000535,2,MAT00300,487,2024-03-18,PL01,WH06
GR000816,PO000535,3,MAT00083,279,2024-04-04,PL02,WH02
GR000817,PO000537,1,MAT00044,431,2023-11-07,PL02,WH08
GR000818,PO000537,2,MAT00350,98,2023-11-02,PL03,WH01
GR000819,PO000537,3,MAT00210,199,2023-11-05,PL01,WH03
GR000820,PO000538,1,MAT00244,38,2023-04-24,PL01,WH02
GR000821,PO000539,1,MAT00123,345,2024-07-18,PL02,WH03
GR000822,PO000540,1,MAT00349,274,2024-09-21,PL02,WH01
GR000823,PO000540,2,MAT00219,43,2024-09-22,PL03,WH05
GR000824,PO000541,1,MAT00102,151,2023-04-26,PL03,WH03
GR000825,PO000542,1,MAT00181,169,2024-10-30,PL01,WH08
GR000826,PO000543,1,MAT00221,254,2024-08-12,PL01,WH02
GR000827,PO000544,1,MAT00159,20,2023-08-10,PL01,WH06
GR000828,PO000544,2,MAT00109,245,2023-08-09,PL01,WH04
GR000829,PO000544,3,MAT00243,392,2023-07-19,PL02,WH07
GR000830,PO000545,1,MAT00095,81,2025-01-11,PL01,WH05
GR000831,PO000545,2,MAT00326,462,2025-01-09,PL02,WH05
GR000832,PO000546,1,MAT00097,196,2023-05-03,PL03,WH03
GR000833,PO000546,2,MAT00336,28,2023-04-29,PL02,WH04
GR000834,PO000546,3,MAT00099,369,2023-05-02,PL03,WH04
GR000835,PO000547,1,MAT00023,292,2024-01-16,PL02,WH04
GR000836,PO000547,2,MAT00355,142,2023-12-30,PL01,WH03
GR000837,PO000547,3,MAT00088,253,2024-01-11,PL02,WH07
GR000838,PO000548,1,MAT00182,175,2024-11-30,PL02,WH03
GR000839,PO000549,1,MAT00005,341,2024-03-19,PL02,WH03
GR000840,PO000549,2,MAT00381,249,2024-04-08,PL01,WH08
GR000841,PO000550,1,MAT00359,384,2024-09-13,PL02,WH06
GR000842,PO000550,2,MAT00299,257,2024-09-14,PL01,WH02
GR000843,PO000551,1,MAT00391,498,2024-03-31,PL01,WH03
GR000844,PO000551,2,MAT00232,482,2024-04-01,PL03,WH03
GR000845,PO000552,1,MAT00141,56,2023-06-14,PL01,WH08
GR000846,PO000553,1,MAT00026,347,2024-02-22,PL02,WH02
GR000847,PO000554,1,MAT00179,233,2023-07-23,PL01,WH01
GR000848,PO000555,1,MAT00064,251,2024-05-21,PL03,WH08
GR000849,PO000556,1,MAT00346,371,2024-11-24,PL02,WH06
GR000850,PO000556,2,MAT00138,400,2024-12-04,PL02,WH07
GR000851,PO000557,1,MAT00137,187,2024-10-01,PL03,WH04
GR000852,PO000558,1,MAT00307,198,2024-10-09,PL01,WH02
GR000853,PO000559,1,MAT00017,106,2024-11-06,PL02,WH06
GR000854,PO000559,2,MAT00028,206,2024-11-12,PL01,WH05
GR000855,PO000560,1,MAT00175,27,2024-02-20,PL01,WH07
GR000856,PO000560,2,MAT00129,359,2024-02-09,PL02,WH06
GR000857,PO000561,1,MAT00061,451,2025-01-03,PL01,WH06
GR000858,PO000561,2,MAT00117,75,2024-12-23,PL03,WH01
GR000859,PO000561,3,MAT00016,258,2025-01-01,PL02,WH01
GR000860,PO000562,1,MAT00037,334,2023-12-09,PL02,WH08
GR000861,PO000562,2,MAT00246,374,2023-11-29,PL02,WH03
GR000862,PO000562,3,MAT00234,227,2023-11-24,PL03,WH03
GR000863,PO000563,1,MAT00064,312,2023-02-01,PL03,WH07
GR000864,PO000563,2,MAT00137,34,2023-01-17,PL01,WH08
GR000865,PO000563,3,MAT00054,197,2023-02-03,PL03,WH05
GR000866,PO000564,1,MAT00273,402,2024-04-03,PL02,WH05
GR000867,PO000564,2,MAT00399,192,2024-04-01,PL02,WH01
GR000868,PO000566,1,MAT00305,362,2023-11-09,PL03,WH01
GR000869,PO000566,2,MAT00049,49,2023-10-15,PL01,WH07
GR000870,PO000568,1,MAT00201,496,2024-04-05,PL03,WH07
GR000871,PO000569,1,MAT00249,89,2023-05-25,PL03,WH01
GR000872,PO000569,2,MAT00182,93,2023-05-12,PL02,WH05
GR000873,PO000569,3,MAT00150,225,2023-05-26,PL02,WH05
GR000874,PO000570,1,MAT00226,410,2023-01-17,PL02,WH08
GR000875,PO000571,1,MAT00342,125,2024-09-18,PL01,WH02
GR000876,PO000571,2,MAT00379,257,2024-10-05,PL03,WH06
GR000877,PO000571,3,MAT00364,145,2024-09-29,PL01,WH06
GR000878,PO000572,1,MAT00061,265,2024-04-30,PL01,WH05
GR000879,PO000572,2,MAT00071,216,2024-04-26,PL01,WH06
GR000880,PO000572,3,MAT00011,52,2024-04-23,PL02,WH05
GR000881,PO000573,1,MAT00285,25,2023-12-14,PL01,WH07
GR000882,PO000573,2,MAT00026,222,2023-11-27,PL02,WH04
GR000883,PO000575,1,MAT00129,302,2024-02-23,PL03,WH07
GR000884,PO000576,1,MAT00161,319,2024-01-13,PL02,WH07
GR000885,PO000576,2,MAT00315,59,2024-01-19,PL02,WH03
GR000886,PO000577,1,MAT00067,282,2023-07-31,PL02,WH02
GR000887,PO000578,1,MAT00372,224,2024-02-23,PL01,WH03
GR000888,PO000578,2,MAT00305,322,2024-02-07,PL03,WH01
GR000889,PO000579,1,MAT00057,301,2023-12-27,PL01,WH01
GR000890,PO000580,1,MAT00100,120,2024-09-19,PL01,WH03
GR000891,PO000580,2,MAT00307,95,2024-09-18,PL02,WH01
GR000892,PO000580,3,MAT00282,82,2024-09-29,PL01,WH04
GR000893,PO000582,1,MAT00275,453,2023-02-23,PL02,WH07
GR000894,PO000582,2,MAT00171,500,2023-03-02,PL03,WH01
GR000895,PO000583,1,MAT00023,40,2024-04-11,PL03,WH06
GR000896,PO000583,2,MAT00249,214,2024-04-18,PL03,WH07
GR000897,PO000583,3,MAT00389,413,2024-04-03,PL02,WH03
GR000898,PO000584,1,MAT00195,82,2024-02-11,PL02,WH05
GR000899,PO000584,2,MAT00374,59,2024-02-10,PL01,WH08
GR000900,PO000585,1,MAT00340,116,2023-09-25,PL02,WH01
GR000901,PO000585,2,MAT00266,126,2023-10-01,PL02,WH06
GR000902,PO000586,1,MAT00348,91,2025-01-17,PL02,WH05
GR000903,PO000586,2,MAT00070,89,2025-01-28,PL01,WH05
GR000904,PO000586,3,MAT00377,449,2025-01-25,PL01,WH04
GR000905,PO000587,1,MAT00118,16,2024-09-20,PL03,WH08
GR000906,PO000587,2,MAT00231,326,2024-09-06,PL03,WH06
GR000907,PO000587,3,MAT00136,277,2024-09-10,PL03,WH08
GR000908,PO000588,1,MAT00343,17,2023-07-07,PL02,WH05
GR000909,PO000588,2,MAT00289,115,2023-07-12,PL03,WH04
GR000910,PO000589,1,MAT00023,477,2024-01-07,PL03,WH04
GR000911,PO000589,2,MAT00009,196,2024-01-18,PL03,WH06
GR000912,PO000589,3,MAT00056,269,2024-01-23,PL03,WH01
GR000913,PO000590,1,MAT00382,135,2024-05-01,PL01,WH04
GR000914,PO000591,1,MAT00075,30,2024-12-22,PL03,WH02
GR000915,PO000592,1,MAT00259,473,2023-08-04,PL02,WH04
GR000916,PO000593,1,MAT00194,254,2023-09-15,PL01,WH02
GR000917,PO000593,2,MAT00333,110,2023-09-13,PL01,WH04
GR000918,PO000593,3,MAT00252,61,2023-09-05,PL03,WH05
GR000919,PO000595,1,MAT00247,82,2024-10-16,PL02,WH06
GR000920,PO000596,1,MAT00277,497,2024-06-17,PL03,WH06
GR000921,PO000596,2,MAT00069,150,2024-06-27,PL02,WH02
GR000922,PO000597,1,MAT00030,467,2023-07-27,PL02,WH03
GR000923,PO000597,2,MAT00008,43,2023-08-01,PL02,WH08
GR000924,PO000598,1,MAT00109,431,2024-01-16,PL01,WH04
GR000925,PO000598,2,MAT00324,167,2024-01-04,PL03,WH02
GR000926,PO000598,3,MAT00034,360,2024-01-11,PL01,WH06
GR000927,PO000599,1,MAT00119,412,2023-06-21,PL03,WH06
GR000928,PO000599,2,MAT00267,499,2023-07-03,PL03,WH05
