po_id,po_item,material_id,quantity,unit_price,delivery_date,plant
PO000001,1,MAT00235,207,156.41,2023-05-08,PL03
PO000001,2,MAT00392,373,71.95,2023-05-06,PL02
PO000001,3,MAT00239,453,391.34,2023-04-28,PL01
PO000002,1,MAT00200,297,602.72,2023-07-28,PL01
PO000002,2,MAT00090,180,322.54,2023-08-20,PL01
PO000003,1,MAT00299,164,159.64,2024-12-22,PL02
PO000003,2,MAT00227,459,256.56,2024-12-06,PL03
PO000003,3,MAT00282,87,227.43,2024-12-18,PL03
PO000004,1,MAT00301,323,568.27,2024-02-22,PL01
PO000004,2,MAT00001,303,106.06,2024-02-10,PL03
PO000004,3,MAT00363,287,92.6,2024-02-21,PL01
PO000005,1,MAT00267,475,94.83,2023-12-12,PL01
PO000005,2,MAT00074,44,365.81,2023-12-11,PL01
PO000005,3,MAT00378,439,572.73,2023-12-11,PL01
PO000006,1,MAT00050,488,535.53,2024-03-22,PL03
PO000006,2,MAT00200,408,128.65,2024-03-06,PL01
PO000006,3,MAT00055,320,372.04,2024-03-09,PL03
PO000007,1,MAT00131,362,508.65,2024-12-13,PL03
PO000008,1,MAT00390,201,126.11,2024-09-28,PL02
PO000008,2,MAT00288,93,132.07,2024-09-17,PL02
PO000008,3,MAT00042,496,273.17,2024-10-09,PL03
PO000009,1,MAT00082,453,404.15,2023-04-05,PL02
PO000009,2,MAT00277,228,267.92,2023-03-15,PL03
PO000010,1,MAT00156,302,389.22,2024-02-29,PL03
PO000010,2,MAT00304,241,301.33,2024-02-14,PL01
PO000010,3,MAT00241,295,256.71,2024-03-08,PL03
PO000011,1,MAT00396,406,539.33,2023-11-14,PL01
PO000011,2,MAT00014,323,598.02,2023-11-22,PL03
PO000012,1,MAT00107,266,80.66,2024-11-21,PL03
PO000012,2,MAT00141,221,215.66,2024-10-28,PL01
PO000012,3,MAT00036,461,299.91,2024-11-05,PL02
PO000013,1,MAT00264,334,241.01,2023-04-25,PL03
PO000013,2,MAT00334,206,474.65,2023-04-25,PL03
PO000014,1,MAT00020,32,501.22,2023-06-28,PL03
PO000014,2,MAT00078,454,100.84,2023-07-12,PL03
PO000015,1,MAT00334,157,410.18,2023-11-20,PL01
PO000015,2,MAT00210,328,499.38,2023-11-17,PL02
PO000016,1,MAT00322,461,324.81,2024-07-21,PL03
PO000016,2,MAT00236,236,58.98,2024-08-03,PL01
PO000016,3,MAT00213,35,126.67,2024-07-16,PL03
PO000017,1,MAT00390,162,220.57,2024-11-21,PL01
PO000017,2,MAT00052,101,111.58,2024-11-28,PL03
PO000017,3,MAT00112,393,379.7,2024-11-20,PL01
PO000018,1,MAT00063,398,282.34,2024-02-04,PL01
PO000019,1,MAT00339,279,273.63,2024-12-23,PL03
PO000019,2,MAT00177,302,476.49,2025-01-06,PL03
PO000020,1,MAT00249,142,345.3,2024-04-06,PL02
PO000020,2,MAT00281,276,476.14,2024-04-02,PL02
PO000021,1,MAT00117,10,83.89,2025-01-14,PL03
PO000022,1,MAT00106,33,222.29,2024-10-14,PL03
PO000022,2,MAT00260,118,15.25,2024-10-03,PL03
PO000023,1,MAT00397,167,200.78,2023-11-07,PL02
PO000024,1,MAT00028,380,373.25,2024-12-08,PL01
PO000024,2,MAT00327,436,224.96,2024-12-29,PL02
PO000025,1,MAT00337,331,303.72,2024-11-14,PL02
PO000026,1,MAT00395,485,484.74,2024-05-09,PL02
PO000026,2,MAT00083,116,378.69,2024-05-03,PL02
PO000027,1,MAT00088,330,351.0,2023-02-11,PL03
PO000027,2,MAT00227,314,83.01,2023-03-03,PL02
PO000028,1,MAT00281,459,160.57,2023-10-25,PL02
PO000028,2,MAT00135,99,80.05,2023-11-05,PL01
PO000029,1,MAT00252,473,329.03,2024-04-10,PL02
PO000029,2,MAT00347,407,218.15,2024-04-28,PL01
PO000030,1,MAT00201,452,343.35,2023-02-12,PL02
PO000030,2,MAT00180,180,307.73,2023-02-13,PL01
PO000030,3,MAT00007,305,494.95,2023-03-04,PL01
PO000031,1,MAT00299,173,504.13,2023-08-12,PL01
PO000031,2,MAT00081,90,183.67,2023-07-22,PL03
PO000031,3,MAT00245,287,232.9,2023-08-01,PL02
PO000032,1,MAT00236,169,401.71,2024-08-25,PL03
PO000033,1,MAT00341,35,76.01,2023-05-20,PL01
PO000033,2,MAT00005,228,259.61,2023-06-10,PL03
PO000033,3,MAT00065,466,388.55,2023-06-10,PL03
PO000034,1,MAT00042,180,532.8,2024-04-28,PL03
PO000034,2,MAT00152,300,92.61,2024-05-01,PL03
PO000035,1,MAT00389,373,500.09,2024-05-01,PL01
PO000035,2,MAT00377,450,583.04,2024-04-24,PL02
PO000035,3,MAT00262,368,596.88,2024-04-26,PL02
PO000036,1,MAT00305,189,315.29,2023-02-10,PL02
PO000037,1,MAT00373,270,74.08,2024-01-19,PL01
PO000038,1,MAT00321,312,273.43,2023-11-30,PL01
PO000038,2,MAT00138,206,50.41,2023-11-17,PL03
PO000039,1,MAT00186,365,159.61,2024-08-29,PL03
PO000039,2,MAT00397,313,390.68,2024-08-18,PL03
PO000039,3,MAT00075,167,621.68,2024-08-10,PL03
PO000040,1,MAT00104,56,147.71,2024-05-30,PL03
PO000041,1,MAT00159,159,258.37,2024-11-30,PL02
PO000041,2,MAT00256,110,140.03,2024-11-22,PL02
PO000041,3,MAT00054,301,517.97,2024-12-03,PL02
PO000042,1,MAT00069,55,382.11,2024-04-14,PL03
PO000042,2,MAT00194,446,196.87,2024-04-06,PL03
PO000043,1,MAT00258,66,560.92,2024-12-26,PL01
PO000043,2,MAT00061,330,212.24,2025-01-07,PL02
PO000044,1,MAT00364,253,97.28,2024-08-03,PL02
PO000045,1,MAT00064,74,94.21,2023-06-14,PL03
PO000045,2,MAT00281,379,576.1,2023-07-03,PL02
PO000045,3,MAT00290,80,420.32,2023-06-25,PL02
PO000046,1,MAT00092,429,296.93,2024-04-26,PL01
PO000046,2,MAT00075,319,12.77,2024-04-30,PL03
PO000046,3,MAT00113,220,602.85,2024-05-03,PL02
PO000047,1,MAT00376,67,380.53,2024-08-31,PL01
PO000047,2,MAT00281,248,339.88,2024-08-25,PL03
PO000048,1,MAT00306,352,58.13,2024-05-23,PL03
PO000048,2,MAT00064,472,228.56,2024-05-27,PL01
PO000048,3,MAT00162,272,589.69,2024-05-21,PL03
PO000049,1,MAT00303,158,115.54,2024-01-24,PL03
PO000049,2,MAT00204,393,203.21,2024-01-27,PL03
PO000050,1,MAT00303,306,116.55,2023-09-30,PL03
PO000050,2,MAT00373,159,527.31,2023-10-18,PL01
PO000051,1,MAT00369,268,57.35,2023-11-20,PL02
PO000052,1,MAT00153,17,484.0,2024-10-16,PL01
PO000052,2,MAT00317,199,526.63,2024-10-05,PL03
PO000053,1,MAT00269,185,639.77,2023-07-14,PL03
PO000054,1,MAT00338,348,290.6,2024-03-23,PL01
PO000055,1,MAT00146,36,115.6,2024-11-05,PL02
PO000056,1,MAT00081,371,258.43,2024-07-12,PL01
PO000056,2,MAT00388,157,603.28,2024-07-18,PL02
PO000056,3,MAT00249,59,597.17,2024-07-24,PL02
PO000057,1,MAT00278,140,428.09,2023-12-27,PL02
PO000058,1,MAT00269,102,209.12,2024-06-21,PL03
PO000058,2,MAT00353,16,272.02,2024-07-07,PL01
PO000058,3,MAT00212,122,473.61,2024-06-29,PL01
PO000059,1,MAT00226,346,581.93,2024-10-07,PL03
PO000059,2,MAT00245,336,86.19,2024-10-04,PL01
PO000059,3,MAT00341,448,396.21,2024-10-13,PL03
PO000060,1,MAT00178,468,79.16,2024-11-04,PL02
PO000061,1,MAT00381,242,600.37,2024-11-20,PL02
PO000061,2,MAT00237,364,587.98,2024-12-06,PL02
PO000061,3,MAT00060,141,111.98,2024-11-14,PL02
PO000062,1,MAT00165,40,173.79,2023-03-18,PL01
PO000062,2,MAT00260,261,636.79,2023-03-16,PL03
PO000063,1,MAT00033,286,501.51,2024-11-02,PL03
PO000064,1,MAT00346,46,374.8,2023-10-06,PL02
PO000065,1,MAT00285,344,419.1,2023-01-26,PL03
PO000066,1,MAT00229,372,611.42,2024-02-25,PL02
PO000066,2,MAT00388,442,475.23,2024-03-06,PL01
PO000066,3,MAT00035,206,620.57,2024-03-05,PL02
PO000067,1,MAT00213,38,413.92,2024-01-02,PL01
PO000067,2,MAT00251,51,548.04,2024-01-06,PL02
PO000068,1,MAT00337,348,130.62,2024-08-17,PL02
PO000068,2,MAT00315,468,76.55,2024-08-17,PL02
PO000069,1,MAT00368,234,480.08,2024-05-22,PL01
PO000069,2,MAT00347,108,24.28,2024-06-05,PL01
PO000069,3,MAT00260,260,257.59,2024-06-12,PL03
PO000070,1,MAT00283,437,529.16,2024-10-25,PL01
PO000070,2,MAT00132,182,513.75,2024-10-26,PL02
PO000070,3,MAT00340,423,427.77,2024-11-10,PL02
PO000071,1,MAT00074,260,427.76,2023-04-04,PL03
PO000072,1,MAT00263,76,17.22,2023-03-13,PL01
PO000072,2,MAT00006,243,400.41,2023-03-11,PL01
PO000072,3,MAT00323,264,389.98,2023-03-12,PL01
PO000073,1,MAT00278,357,266.09,2024-03-20,PL03
PO000073,2,MAT00255,438,627.33,2024-03-23,PL01
PO000073,3,MAT00113,42,85.52,2024-03-21,PL02
PO000074,1,MAT00103,483,381.63,2024-07-29,PL01
PO000075,1,MAT00186,13,12.64,2023-01-24,PL03
PO000076,1,MAT00076,364,89.46,2024-12-20,PL03
PO000076,2,MAT00035,132,610.25,2025-01-04,PL03
PO000077,1,MAT00267,433,510.42,2024-10-04,PL02
PO000077,2,MAT00270,12,366.05,2024-09-29,PL01
PO000077,3,MAT00265,281,635.1,2024-10-12,PL02
PO000078,1,MAT00226,404,410.19,2024-07-17,PL02
PO000078,2,MAT00397,67,519.43,2024-08-01,PL02
PO000079,1,MAT00114,37,422.0,2023-06-27,PL01
PO000080,1,MAT00297,32,75.04,2023-12-15,PL03
PO000080,2,MAT00229,412,26.66,2023-12-30,PL01
PO000081,1,MAT00088,224,135.6,2024-04-26,PL02
PO000081,2,MAT00188,176,154.24,2024-04-12,PL03
PO000082,1,MAT00089,251,383.63,2024-01-26,PL02
PO000083,1,MAT00111,378,132.65,2024-02-17,PL02
PO000083,2,MAT00129,75,28.6,2024-02-24,PL01
PO000084,1,MAT00310,224,117.91,2023-05-09,PL01
PO000084,2,MAT00218,305,630.83,2023-05-06,PL01
PO000085,1,MAT00358,152,17.31,2024-09-15,PL03
PO000085,2,MAT00229,177,286.79,2024-09-09,PL03
PO000086,1,MAT00002,250,478.89,2024-03-24,PL01
PO000087,1,MAT00266,424,520.33,2024-03-19,PL02
PO000087,2,MAT00359,52,366.55,2024-03-16,PL03
PO000088,1,MAT00028,341,649.33,2023-05-21,PL02
PO000089,1,MAT00011,392,382.71,2025-01-09,PL02
PO000089,2,MAT00239,104,515.09,2025-01-06,PL03
PO000089,3,MAT00131,450,410.73,2025-01-07,PL03
PO000090,1,MAT00003,367,615.39,2023-11-22,PL03
PO000090,2,MAT00184,327,573.5,2023-11-28,PL01
PO000091,1,MAT00231,326,34.24,2023-05-10,PL01
PO000091,2,MAT00244,80,637.96,2023-05-06,PL03
PO000092,1,MAT00219,117,491.54,2024-09-15,PL01
PO000092,2,MAT00350,151,42.96,2024-09-02,PL02
PO000092,3,MAT00193,373,349.48,2024-09-08,PL02
PO000093,1,MAT00184,54,59.47,2023-07-22,PL02
PO000093,2,MAT00267,94,185.16,2023-08-08,PL01
PO000094,1,MAT00323,287,606.17,2023-11-17,PL02
PO000094,2,MAT00320,387,421.89,2023-11-11,PL01
PO000094,3,MAT00344,456,522.88,2023-11-18,PL03
PO000095,1,MAT00172,412,217.49,2024-09-07,PL03
PO000095,2,MAT00112,165,372.18,2024-09-14,PL02
PO000095,3,MAT00315,126,318.88,2024-08-29,PL01
PO000096,1,MAT00152,326,601.29,2023-11-15,PL03
PO000097,1,MAT00065,473,435.8,2023-07-08,PL01
PO000097,2,MAT00395,304,89.2,2023-07-12,PL02
PO000097,3,MAT00112,186,102.98,2023-07-18,PL03
PO000098,1,MAT00281,403,101.34,2023-02-14,PL02
PO000098,2,MAT00244,388,358.63,2023-02-16,PL02
PO000099,1,MAT00339,351,102.43,2023-11-16,PL03
PO000099,2,MAT00324,474,600.11,2023-11-08,PL03
PO000099,3,MAT00282,67,477.71,2023-10-30,PL01
PO000100,1,MAT00259,22,265.85,2024-12-07,PL02
PO000100,2,MAT00270,177,43.33,2024-12-20,PL01
PO000101,1,MAT00080,444,293.98,2023-08-15,PL01
PO000101,2,MAT00104,272,261.22,2023-08-09,PL02
PO000101,3,MAT00375,318,396.46,2023-07-26,PL03
PO000102,1,MAT00192,447,282.55,2024-01-22,PL02
PO000102,2,MAT00379,186,233.57,2024-01-24,PL03
PO000102,3,MAT00277,382,577.97,2024-02-02,PL02
PO000103,1,MAT00107,383,583.51,2023-06-26,PL03
PO000103,2,MAT00117,165,312.7,2023-07-08,PL02
PO000104,1,MAT00092,222,120.28,2023-01-26,PL03
PO000104,2,MAT00062,105,542.33,2023-01-21,PL03
PO000105,1,MAT00363,262,367.06,2023-11-25,PL01
PO000105,2,MAT00381,144,200.71,2023-12-01,PL03
PO000106,1,MAT00390,340,165.13,2023-07-11,PL02
PO000106,2,MAT00389,316,486.65,2023-07-26,PL02
PO000106,3,MAT00328,331,448.36,2023-07-30,PL01
PO000107,1,MAT00059,84,213.24,2023-10-20,PL01
PO000108,1,MAT00080,335,593.57,2023-03-12,PL01
PO000108,2,MAT00386,281,418.2,2023-03-03,PL03
PO000109,1,MAT00289,288,215.11,2023-04-22,PL03
PO000110,1,MAT00255,59,351.1,2024-12-18,PL01
PO000110,2,MAT00060,275,188.67,2024-12-31,PL02
PO000111,1,MAT00210,267,149.95,2023-06-27,PL03
PO000112,1,MAT00288,443,349.61,2024-10-12,PL03
PO000112,2,MAT00294,245,596.09,2024-09-28,PL01
PO000112,3,MAT00073,188,208.03,2024-10-06,PL01
PO000113,1,MAT00261,391,530.96,2023-07-08,PL01
PO000114,1,MAT00035,50,280.72,2023-12-10,PL01
PO000115,1,MAT00298,397,284.86,2023-04-01,PL01
PO000115,2,MAT00127,26,517.14,2023-04-11,PL03
PO000116,1,MAT00337,32,50.53,2023-03-28,PL01
PO000116,2,MAT00056,481,394.35,2023-03-25,PL01
PO000117,1,MAT00066,492,186.08,2023-02-22,PL02
PO000117,2,MAT00286,190,111.08,2023-02-20,PL03
PO000117,3,MAT00367,323,163.25,2023-02-22,PL01
PO000118,1,MAT00369,280,147.31,2023-04-23,PL02
PO000119,1,MAT00371,253,243.27,2023-08-31,PL01
PO000119,2,MAT00108,235,440.4,2023-08-16,PL01
PO000119,3,MAT00070,437,235.8,2023-08-25,PL02
PO000120,1,MAT00294,67,496.82,2023-08-23,PL01
PO000120,2,MAT00149,276,95.26,2023-09-06,PL02
PO000121,1,MAT00080,207,190.08,2023-04-19,PL03
PO000122,1,MAT00139,447,282.75,2023-08-27,PL02
PO000122,2,MAT00066,16,649.18,2023-09-09,PL03
PO000123,1,MAT00027,53,84.54,2024-04-10,PL02
PO000123,2,MAT00370,43,241.5,2024-04-04,PL02
PO000123,3,MAT00102,72,157.5,2024-04-11,PL03
PO000124,1,MAT00176,149,493.55,2025-01-30,PL03
PO000124,2,MAT00363,351,395.23,2025-01-17,PL02
PO000124,3,MAT00398,65,86.45,2025-01-20,PL02
PO000125,1,MAT00200,265,443.34,2023-04-22,PL02
PO000126,1,MAT00262,399,57.12,2023-12-06,PL03
PO000127,1,MAT00004,261,332.08,2023-08-17,PL02
PO000127,2,MAT00200,230,573.04,2023-08-03,PL02
PO000128,1,MAT00099,26,121.55,2024-02-16,PL02
PO000129,1,MAT00176,209,320.95,2024-03-25,PL03
PO000129,2,MAT00034,355,322.94,2024-04-08,PL03
PO000129,3,MAT00027,286,375.36,2024-04-06,PL03
PO000130,1,MAT00147,144,325.59,2023-06-27,PL03
PO000130,2,MAT00356,174,47.43,2023-07-03,PL01
PO000131,1,MAT00088,23,499.25,2024-01-18,PL02
PO000131,2,MAT00054,192,272.46,2023-12-30,PL03
PO000131,3,MAT00210,313,62.53,2024-01-20,PL01
PO000132,1,MAT00400,29,303.9,2023-07-11,PL03
PO000132,2,MAT00383,273,586.71,2023-07-06,PL01
PO000133,1,MAT00327,172,250.51,2024-12-30,PL02
PO000134,1,MAT00398,182,326.9,2023-05-13,PL03
PO000135,1,MAT00394,113,327.04,2024-10-21,PL01
PO000135,2,MAT00218,145,38.52,2024-10-14,PL02
PO000136,1,MAT00295,149,51.19,2024-09-14,PL03
PO000136,2,MAT00381,253,282.2,2024-08-31,PL01
PO000137,1,MAT00229,421,200.54,2024-11-24,PL03
PO000137,2,MAT00067,138,409.23,2024-11-17,PL03
PO000137,3,MAT00280,331,459.54,2024-11-08,PL03
PO000138,1,MAT00170,446,501.77,2024-11-02,PL03
PO000138,2,MAT00023,196,304.92,2024-10-27,PL01
PO000138,3,MAT00252,220,212.58,2024-10-22,PL03
PO000139,1,MAT00179,92,172.64,2023-10-25,PL01
PO000139,2,MAT00184,108,25.79,2023-10-31,PL02
PO000139,3,MAT00037,341,589.43,2023-10-12,PL01
PO000140,1,MAT00233,339,555.32,2023-11-09,PL02
PO000141,1,MAT00249,453,48.82,2023-04-14,PL02
PO000141,2,MAT00321,492,547.16,2023-04-05,PL01
PO000142,1,MAT00118,496,505.62,2024-07-09,PL02
PO000142,2,MAT00376,131,393.09,2024-07-17,PL02
PO000142,3,MAT00191,422,488.46,2024-06-30,PL02
PO000143,1,MAT00001,235,270.18,2023-05-13,PL01
PO000143,2,MAT00295,368,617.07,2023-05-05,PL03
PO000144,1,MAT00188,460,511.5,2024-12-09,PL02
PO000144,2,MAT00284,430,205.85,2024-12-25,PL03
PO000145,1,MAT00195,132,170.42,2024-12-25,PL02
PO000145,2,MAT00150,337,623.35,2024-12-24,PL03
PO000145,3,MAT00045,72,351.41,2024-12-20,PL02
PO000146,1,MAT00209,484,635.87,2024-02-15,PL02
PO000146,2,MAT00077,56,609.12,2024-03-02,PL01
PO000147,1,MAT00265,478,289.74,2023-11-16,PL03
PO000148,1,MAT00022,251,481.12,2023-10-23,PL03
PO000148,2,MAT00155,367,175.54,2023-10-15,PL02
PO000149,1,MAT00141,338,419.9,2025-01-06,PL02
PO000150,1,MAT00043,112,411.37,2024-11-02,PL03
PO000150,2,MAT00361,52,79.15,2024-10-30,PL03
PO000151,1,MAT00109,400,91.52,2025-01-24,PL03
PO000151,2,MAT00213,220,516.88,2025-01-15,PL02
PO000151,3,MAT00227,254,568.79,2025-01-09,PL02
PO000152,1,MAT00367,419,188.91,2023-07-04,PL02
PO000152,2,MAT00121,211,570.64,2023-07-20,PL01
PO000153,1,MAT00022,127,590.19,2024-08-13,PL01
PO000153,2,MAT00331,35,265.46,2024-08-12,PL03
PO000153,3,MAT00299,55,623.06,2024-08-04,PL03
PO000154,1,MAT00391,433,440.46,2024-06-30,PL01
PO000154,2,MAT00144,494,561.36,2024-07-22,PL02
PO000155,1,MAT00073,317,146.39,2024-02-10,PL03
PO000156,1,MAT00221,219,516.76,2024-11-29,PL02
PO000157,1,MAT00106,199,382.22,2024-10-19,PL02
PO000158,1,MAT00109,364,263.23,2024-05-06,PL03
PO000158,2,MAT00031,206,462.83,2024-05-23,PL03
PO000159,1,MAT00020,40,41.46,2023-10-02,PL02
PO000159,2,MAT00011,475,235.46,2023-10-14,PL03
PO000159,3,MAT00057,420,392.06,2023-10-18,PL01
PO000160,1,MAT00150,205,202.21,2023-01-23,PL03
PO000160,2,MAT00309,466,367.24,2023-01-29,PL01
PO000160,3,MAT00090,267,324.4,2023-01-21,PL02
PO000161,1,MAT00042,82,175.18,2023-12-06,PL01
PO000161,2,MAT00236,456,632.9,2023-12-04,PL03
PO000162,1,MAT00329,323,540.6,2023-10-30,PL03
PO000162,2,MAT00200,170,287.77,2023-10-27,PL02
PO000163,1,MAT00042,294,555.65,2024-06-13,PL03
PO000164,1,MAT00313,28,309.9,2023-06-12,PL03
PO000165,1,MAT00214,30,291.46,2024-05-20,PL03
PO000165,2,MAT00108,262,80.22,2024-05-21,PL01
PO000166,1,MAT00018,102,544.04,2023-05-04,PL03
PO000166,2,MAT00260,308,648.72,2023-04-11,PL03
PO000167,1,MAT00342,356,68.54,2023-04-04,PL01
PO000167,2,MAT00054,211,247.82,2023-03-28,PL02
PO000168,1,MAT00313,347,316.07,2023-04-19,PL02
PO000168,2,MAT00231,32,429.26,2023-04-13,PL02
PO000168,3,MAT00332,451,39.25,2023-04-19,PL02
PO000169,1,MAT00387,205,67.42,2023-03-27,PL01
PO000169,2,MAT00117,55,21.17,2023-03-25,PL01
PO000169,3,MAT00301,155,423.48,2023-04-08,PL01
PO000170,1,MAT00228,422,599.73,2024-06-12,PL03
PO000170,2,MAT00220,272,136.32,2024-06-05,PL02
PO000170,3,MAT00255,397,279.27,2024-06-02,PL03
PO000171,1,MAT00313,356,151.96,2023-03-09,PL03
PO000171,2,MAT00194,279,412.18,2023-03-04,PL01
PO000172,1,MAT00344,163,103.41,2024-04-01,PL03
PO000172,2,MAT00226,472,200.86,2024-04-04,PL03
PO000173,1,MAT00376,292,57.13,2024-03-19,PL03
PO000174,1,MAT00060,378,372.96,2024-03-11,PL02
PO000174,2,MAT00399,140,383.93,2024-03-27,PL03
PO000174,3,MAT00035,18,81.15,2024-03-24,PL02
PO000175,1,MAT00245,33,61.47,2023-07-30,PL02
PO000175,2,MAT00319,329,526.63,2023-07-18,PL01
PO000176,1,MAT00050,19,11.75,2024-11-28,PL01
PO000176,2,MAT00283,97,429.02,2024-12-09,PL03
PO000176,3,MAT00073,217,565.76,2024-12-18,PL03
PO000177,1,MAT00036,194,451.41,2024-06-09,PL03
PO000177,2,MAT00138,54,88.31,2024-05-18,PL01
PO000177,3,MAT00077,366,631.07,2024-05-18,PL01
PO000178,1,MAT00373,449,515.19,2024-11-07,PL01
PO000178,2,MAT00300,85,312.3,2024-11-01,PL01
PO000178,3,MAT00307,388,459.07,2024-11-16,PL02
PO000179,1,MAT00144,301,540.51,2024-09-08,PL01
PO000179,2,MAT00252,62,412.72,2024-09-18,PL02
PO000180,1,MAT00291,158,31.77,2024-09-01,PL02
PO000180,2,MAT00052,375,46.97,2024-08-20,PL02
PO000180,3,MAT00351,147,581.23,2024-09-02,PL02
PO000181,1,MAT00044,239,455.8,2024-10-04,PL01
PO000181,2,MAT00303,157,474.23,2024-10-19,PL02
PO000182,1,MAT00184,310,591.62,2024-04-08,PL03
PO000183,1,MAT00048,223,542.84,2023-11-23,PL03
PO000183,2,MAT00186,419,631.34,2023-11-07,PL03
PO000184,1,MAT00357,257,90.88,2024-12-19,PL01
PO000184,2,MAT00091,416,275.06,2024-12-28,PL02
PO000184,3,MAT00349,295,38.21,2024-12-13,PL02
PO000185,1,MAT00345,26,525.98,2024-12-09,PL02
PO000185,2,MAT00198,71,368.79,2024-12-14,PL02
PO000185,3,MAT00216,403,37.97,2024-12-16,PL02
PO000186,1,MAT00267,419,301.48,2025-01-22,PL01
PO000186,2,MAT00165,64,509.82,2025-01-17,PL01
PO000187,1,MAT00147,95,412.41,2024-08-09,PL02
PO000188,1,MAT00244,236,497.18,2023-06-30,PL03
PO000188,2,MAT00339,341,241.52,2023-06-19,PL01
PO000188,3,MAT00169,222,501.84,2023-06-15,PL01
PO000189,1,MAT00247,146,247.1,2023-11-19,PL02
PO000190,1,MAT00036,225,513.39,2023-06-14,PL02
PO000190,2,MAT00095,497,555.23,2023-07-05,PL03
PO000190,3,MAT00052,84,502.44,2023-07-02,PL03
PO000191,1,MAT00286,232,47.46,2023-12-18,PL01
PO000192,1,MAT00364,458,341.7,2024-10-22,PL02
PO000192,2,MAT00013,215,576.67,2024-11-04,PL03
PO000192,3,MAT00351,457,203.38,2024-11-05,PL02
PO000193,1,MAT00399,470,346.84,2023-12-28,PL03
PO000193,2,MAT00190,216,294.45,2023-12-30,PL03
PO000194,1,MAT00181,236,455.78,2024-10-31,PL03
PO000194,2,MAT00352,53,31.73,2024-10-16,PL02
PO000194,3,MAT00065,119,67.59,2024-10-23,PL02
PO000195,1,MAT00011,313,174.08,2023-02-27,PL02
PO000195,2,MAT00270,440,247.45,2023-02-23,PL03
PO000195,3,MAT00305,239,199.29,2023-02-26,PL01
PO000196,1,MAT00265,411,531.28,2024-01-17,PL03
PO000196,2,MAT00320,276,481.48,2024-01-02,PL02
PO000196,3,MAT00317,242,70.91,2024-01-21,PL02
PO000197,1,MAT00274,253,145.89,2023-04-12,PL02
PO000198,1,MAT00001,296,341.16,2024-12-11,PL02
PO000198,2,MAT00212,235,450.35,2024-12-14,PL03
PO000198,3,MAT00254,83,332.71,2024-12-14,PL03
PO000199,1,MAT00397,70,453.85,2025-01-10,PL02
PO000199,2,MAT00132,493,366.9,2024-12-30,PL03
PO000199,3,MAT00111,71,245.27,2025-01-05,PL01
PO000200,1,MAT00157,165,196.74,2024-01-21,PL01
PO000200,2,MAT00249,34,609.44,2024-01-30,PL02
PO000201,1,MAT00177,188,51.38,2024-05-21,PL02
PO000201,2,MAT00070,256,375.9,2024-06-07,PL02
PO000201,3,MAT00311,470,224.88,2024-06-01,PL02
PO000202,1,MAT00327,268,416.61,2024-10-11,PL02
PO000203,1,MAT00288,176,65.34,2024-12-08,PL03
PO000203,2,MAT00320,129,585.96,2024-11-29,PL03
PO000203,3,MAT00019,386,186.07,2024-11-21,PL01
PO000204,1,MAT00374,296,62.67,2024-08-21,PL03
PO000204,2,MAT00343,394,313.49,2024-08-02,PL01
PO000204,3,MAT00292,150,513.1,2024-08-09,PL03
PO000205,1,MAT00360,311,36.88,2024-07-05,PL02
PO000205,2,MAT00251,222,23.44,2024-07-21,PL02
PO000206,1,MAT00069,287,115.96,2023-04-13,PL01
PO000207,1,MAT00131,167,619.29,2023-10-15,PL01
PO000208,1,MAT00316,209,71.39,2023-02-06,PL02
PO000208,2,MAT00277,202,612.49,2023-02-05,PL01
PO000209,1,MAT00365,270,491.03,2024-09-20,PL01
PO000209,2,MAT00284,172,306.42,2024-09-21,PL01
PO000210,1,MAT00159,147,363.72,2024-03-16,PL03
PO000211,1,MAT00232,165,372.81,2024-08-10,PL01
PO000212,1,MAT00370,410,165.39,2024-02-05,PL03
PO000213,1,MAT00123,158,427.26,2023-01-12,PL01
PO000213,2,MAT00357,316,169.07,2023-01-28,PL02
PO000213,3,MAT00351,33,111.63,2023-01-24,PL03
PO000214,1,MAT00077,381,365.26,2024-12-29,PL02
PO000215,1,MAT00142,462,445.91,2023-08-19,PL03
PO000215,2,MAT00387,149,165.89,2023-08-19,PL02
PO000216,1,MAT00162,78,423.02,2024-09-10,PL03
PO000216,2,MAT00245,471,14.15,2024-09-15,PL02
PO000216,3,MAT00205,285,60.1,2024-09-30,PL03
PO000217,1,MAT00013,190,632.05,2024-12-05,PL03
PO000218,1,MAT00057,14,88.1,2023-07-17,PL01
PO000218,2,MAT00336,398,188.49,2023-07-28,PL02
PO000218,3,MAT00393,129,637.24,2023-07-17,PL01
PO000219,1,MAT00220,212,79.23,2023-08-02,PL03
PO000219,2,MAT00138,266,325.16,2023-08-11,PL01
PO000219,3,MAT00174,347,482.32,2023-08-15,PL03
PO000220,1,MAT00375,311,90.33,2024-09-16,PL01
PO000221,1,MAT00093,108,552.2,2024-06-24,PL03
PO000221,2,MAT00200,11,610.13,2024-07-14,PL03
PO000222,1,MAT00282,150,86.14,2024-04-08,PL02
PO000222,2,MAT00252,34,186.43,2024-04-05,PL03
PO000223,1,MAT00210,423,24.29,2023-08-16,PL01
PO000223,2,MAT00144,479,168.49,2023-07-29,PL02
PO000223,3,MAT00012,330,409.44,2023-07-24,PL02
PO000224,1,MAT00300,440,168.76,2024-09-06,PL02
PO000224,2,MAT00069,430,222.16,2024-09-28,PL01
PO000225,1,MAT00152,53,633.65,2024-10-08,PL02
PO000226,1,MAT00367,38,201.54,2023-06-05,PL02
PO000226,2,MAT00346,43,73.37,2023-05-17,PL03
PO000227,1,MAT00163,215,69.52,2023-03-24,PL02
PO000227,2,MAT00360,242,254.48,2023-03-25,PL02
PO000228,1,MAT00381,242,340.05,2024-11-20,PL01
PO000229,1,MAT00044,375,51.36,2023-05-21,PL01
PO000229,2,MAT00016,473,376.0,2023-05-16,PL03
PO000229,3,MAT00166,141,236.16,2023-05-11,PL03
PO000230,1,MAT00338,80,519.69,2024-10-03,PL01
PO000231,1,MAT00019,169,382.71,2024-07-01,PL01
PO000231,2,MAT00214,85,309.43,2024-07-03,PL02
PO000232,1,MAT00345,275,384.49,2023-11-21,PL01
PO000233,1,MAT00152,449,43.06,2024-06-19,PL01
PO000233,2,MAT00184,184,129.57,2024-06-23,PL03
PO000233,3,MAT00064,446,379.34,2024-06-18,PL03
PO000234,1,MAT00136,263,148.86,2023-04-23,PL03
PO000235,1,MAT00286,256,479.6,2024-05-07,PL03
PO000236,1,MAT00332,195,14.35,2024-03-01,PL01
PO000237,1,MAT00165,309,593.96,2023-11-10,PL01
PO000237,2,MAT00376,111,190.39,2023-11-06,PL02
PO000237,3,MAT00182,443,363.99,2023-11-04,PL01
PO000238,1,MAT00135,435,442.92,2023-10-13,PL03
PO000239,1,MAT00289,166,300.88,2023-05-10,PL02
PO000240,1,MAT00312,461,601.31,2025-01-28,PL01
PO000241,1,MAT00308,201,212.12,2023-08-03,PL03
PO000241,2,MAT00319,400,403.49,2023-07-27,PL03
PO000241,3,MAT00121,177,166.68,2023-08-10,PL02
PO000242,1,MAT00091,414,433.97,2023-08-10,PL01
PO000242,2,MAT00096,265,341.13,2023-08-13,PL02
PO000243,1,MAT00150,215,417.66,2024-06-20,PL03
PO000243,2,MAT00285,122,582.52,2024-06-09,PL01
PO000243,3,MAT00348,166,280.86,2024-06-07,PL03
PO000244,1,MAT00200,394,61.95,2023-10-07,PL03
PO000245,1,MAT00354,328,223.95,2024-09-08,PL02
PO000245,2,MAT00387,231,270.55,2024-09-19,PL02
PO000245,3,MAT00108,172,183.28,2024-08-25,PL01
PO000246,1,MAT00113,48,238.54,2024-04-04,PL02
PO000246,2,MAT00287,484,154.21,2024-04-05,PL01
PO000246,3,MAT00056,289,136.6,2024-04-08,PL03
PO000247,1,MAT00066,442,184.21,2023-12-03,PL03
PO000247,2,MAT00369,14,502.39,2023-11-20,PL02
PO000247,3,MAT00043,430,380.33,2023-12-01,PL01
PO000248,1,MAT00207,393,142.74,2024-02-24,PL03
PO000248,2,MAT00105,184,516.41,2024-02-27,PL01
PO000248,3,MAT00239,117,289.63,2024-03-05,PL01
PO000249,1,MAT00119,492,481.67,2024-09-03,PL03
PO000249,2,MAT00400,224,281.31,2024-09-12,PL02
PO000250,1,MAT00279,482,97.32,2024-09-08,PL03
PO000251,1,MAT00251,303,564.58,2024-10-23,PL01
PO000251,2,MAT00010,106,312.81,2024-10-21,PL03
PO000251,3,MAT00341,97,74.97,2024-10-28,PL01
PO000252,1,MAT00229,155,140.18,2023-07-25,PL03
PO000252,2,MAT00337,39,244.67,2023-07-16,PL01
PO000253,1,MAT00132,76,352.4,2024-02-25,PL03
PO000254,1,MAT00214,168,285.47,2023-08-27,PL03
PO000255,1,MAT00267,490,207.22,2024-05-12,PL03
PO000255,2,MAT00399,113,12.78,2024-05-10,PL02
PO000255,3,MAT00138,319,526.46,2024-05-22,PL02
PO000256,1,MAT00109,56,192.84,2024-05-07,PL02
PO000256,2,MAT00230,323,536.64,2024-04-28,PL02
PO000256,3,MAT00220,470,404.59,2024-05-06,PL02
PO000257,1,MAT00183,367,615.13,2024-12-28,PL01
PO000257,2,MAT00088,351,596.26,2025-01-12,PL03
PO000258,1,MAT00082,72,646.99,2024-03-04,PL01
PO000258,2,MAT00121,268,500.12,2024-03-12,PL02
PO000258,3,MAT00297,240,113.83,2024-03-08,PL03
PO000259,1,MAT00090,337,453.86,2023-03-15,PL02
PO000260,1,MAT00201,29,14.89,2024-02-21,PL03
PO000260,2,MAT00314,258,304.19,2024-02-20,PL03
PO000261,1,MAT00050,97,546.31,2024-05-21,PL01
PO000262,1,MAT00041,356,183.43,2023-07-11,PL02
PO000263,1,MAT00350,467,441.38,2023-07-13,PL02
PO000264,1,MAT00325,36,392.05,2024-02-10,PL02
PO000264,2,MAT00366,201,591.42,2024-02-15,PL01
PO000265,1,MAT00203,430,131.36,2023-02-24,PL01
PO000265,2,MAT00199,122,623.51,2023-02-06,PL03
PO000266,1,MAT00213,222,337.03,2023-07-06,PL02
PO000267,1,MAT00100,71,157.21,2024-07-16,PL02
PO000267,2,MAT00304,17,266.17,2024-07-23,PL01
PO000268,1,MAT00250,427,186.77,2024-05-08,PL02
PO000268,2,MAT00323,463,148.32,2024-04-28,PL03
PO000268,3,MAT00351,374,352.23,2024-05-07,PL01
PO000269,1,MAT00245,366,257.46,2024-10-05,PL03
PO000269,2,MAT00199,99,415.9,2024-10-03,PL02
PO000269,3,MAT00379,181,19.33,2024-09-29,PL02
PO000270,1,MAT00149,129,21.62,2024-06-28,PL01
PO000271,1,MAT00340,50,46.47,2024-03-30,PL02
PO000271,2,MAT00381,114,420.19,2024-03-26,PL03
PO000271,3,MAT00104,78,186.56,2024-04-08,PL01
PO000272,1,MAT00260,179,228.03,2023-02-05,PL03
PO000272,2,MAT00226,420,449.28,2023-02-22,PL01
PO000272,3,MAT00219,103,292.0,2023-01-30,PL01
PO000273,1,MAT00062,490,139.11,2023-07-24,PL01
PO000274,1,MAT00252,130,333.77,2024-09-16,PL03
PO000275,1,MAT00184,227,121.27,2023-06-30,PL02
PO000276,1,MAT00060,50,618.55,2024-10-28,PL02
PO000276,2,MAT00308,251,291.36,2024-11-02,PL03
PO000277,1,MAT00010,228,556.3,2024-06-06,PL02
PO000277,2,MAT00127,314,352.88,2024-05-30,PL03
PO000278,1,MAT00157,166,299.21,2023-07-16,PL03
PO000278,2,MAT00351,180,95.73,2023-07-19,PL01
PO000279,1,MAT00013,383,473.67,2023-01-25,PL02
PO000279,2,MAT00133,483,274.96,2023-01-22,PL03
PO000279,3,MAT00024,201,254.55,2023-01-19,PL03
PO000280,1,MAT00322,481,87.91,2024-09-17,PL01
PO000281,1,MAT00388,404,594.2,2023-08-15,PL02
PO000281,2,MAT00008,366,45.05,2023-08-04,PL02
PO000282,1,MAT00187,333,461.61,2023-02-10,PL03
PO000282,2,MAT00144,350,422.3,2023-02-18,PL03
PO000283,1,MAT00331,140,166.84,2024-05-04,PL03
PO000284,1,MAT00241,339,464.85,2023-07-02,PL02
PO000285,1,MAT00257,275,592.19,2025-01-11,PL01
PO000286,1,MAT00176,347,577.23,2025-01-01,PL02
PO000286,2,MAT00020,65,416.43,2025-01-07,PL02
PO000286,3,MAT00112,393,142.52,2025-01-06,PL02
PO000287,1,MAT00117,59,52.84,2023-07-19,PL02
PO000288,1,MAT00172,370,94.24,2023-07-14,PL01
PO000289,1,MAT00274,112,45.87,2024-08-13,PL01
PO000290,1,MAT00338,454,416.59,2024-10-10,PL02
PO000291,1,MAT00131,42,227.66,2023-04-21,PL01
PO000291,2,MAT00110,354,496.26,2023-04-03,PL01
PO000292,1,MAT00030,59,143.51,2024-12-12,PL01
PO000293,1,MAT00180,319,283.71,2024-05-28,PL03
PO000293,2,MAT00148,428,161.82,2024-05-28,PL03
PO000294,1,MAT00293,457,220.02,2024-09-25,PL01
PO000294,2,MAT00142,243,566.89,2024-10-04,PL03
PO000295,1,MAT00328,454,348.66,2023-06-19,PL01
PO000296,1,MAT00383,347,566.45,2024-02-03,PL02
PO000296,2,MAT00148,336,622.75,2024-01-28,PL01
PO000296,3,MAT00380,423,480.39,2024-02-08,PL02
PO000297,1,MAT00057,188,282.72,2024-03-05,PL03
PO000298,1,MAT00100,83,566.45,2023-11-20,PL03
PO000298,2,MAT00242,264,519.56,2023-11-11,PL03
PO000298,3,MAT00398,468,294.52,2023-11-05,PL02
PO000299,1,MAT00227,368,65.42,2023-08-23,PL03
PO000299,2,MAT00170,485,604.4,2023-08-22,PL02
PO000299,3,MAT00245,350,313.79,2023-08-31,PL01
PO000300,1,MAT00008,456,151.68,2023-04-26,PL03
PO000300,2,MAT00004,476,468.6,2023-05-01,PL03
PO000301,1,MAT00254,54,79.51,2023-09-01,PL03
PO000301,2,MAT00102,303,244.09,2023-09-01,PL02
PO000302,1,MAT00094,443,257.19,2023-03-23,PL02
PO000303,1,MAT00197,123,76.43,2024-06-21,PL03
PO000303,2,MAT00017,84,531.97,2024-06-30,PL01
PO000303,3,MAT00121,85,394.14,2024-06-25,PL03
PO000304,1,MAT00268,73,183.56,2023-12-10,PL03
PO000304,2,MAT00040,263,195.14,2023-11-30,PL01
PO000304,3,MAT00080,433,468.16,2023-12-11,PL01
PO000305,1,MAT00059,427,431.24,2024-05-24,PL01
PO000305,2,MAT00228,226,443.21,2024-05-30,PL02
PO000306,1,MAT00108,366,600.61,2024-07-21,PL03
PO000306,2,MAT00273,77,215.63,2024-07-24,PL03
PO000307,1,MAT00315,80,291.69,2024-05-03,PL02
PO000307,2,MAT00378,121,524.4,2024-04-24,PL03
PO000307,3,MAT00065,381,557.64,2024-04-21,PL03
PO000308,1,MAT00272,484,44.16,2024-03-29,PL02
PO000309,1,MAT00211,183,388.96,2023-05-10,PL03
PO000309,2,MAT00048,379,267.36,2023-05-07,PL01
PO000309,3,MAT00375,133,262.65,2023-05-15,PL03
PO000310,1,MAT00237,391,248.99,2024-09-29,PL03
PO000310,2,MAT00166,347,65.53,2024-09-21,PL03
PO000310,3,MAT00360,205,184.69,2024-09-27,PL02
PO000311,1,MAT00320,52,86.36,2024-02-06,PL03
PO000312,1,MAT00121,303,641.88,2024-06-25,PL02
PO000312,2,MAT00155,206,318.85,2024-06-30,PL03
PO000312,3,MAT00228,302,88.4,2024-06-20,PL01
PO000313,1,MAT00152,428,352.38,2025-01-17,PL03
PO000313,2,MAT00336,260,49.04,2025-01-10,PL03
PO000313,3,MAT00230,375,533.69,2025-01-12,PL01
PO000314,1,MAT00326,102,561.41,2023-08-28,PL01
PO000315,1,MAT00061,72,33.13,2023-01-29,PL01
PO000315,2,MAT00372,297,172.84,2023-02-04,PL01
PO000316,1,MAT00048,97,279.6,2024-06-28,PL01
PO000316,2,MAT00077,33,615.47,2024-06-23,PL02
PO000316,3,MAT00146,305,322.86,2024-06-17,PL03
PO000317,1,MAT00206,131,31.58,2024-12-14,PL02
PO000318,1,MAT00252,292,146.7,2023-08-25,PL02
PO000318,2,MAT00372,75,476.09,2023-08-27,PL01
PO000318,3,MAT00201,291,171.69,2023-08-26,PL03
PO000319,1,MAT00104,493,171.18,2023-07-05,PL03
PO000320,1,MAT00399,334,455.35,2023-03-25,PL03
PO000320,2,MAT00262,224,535.45,2023-03-29,PL02
PO000321,1,MAT00338,73,349.2,2024-10-06,PL03
PO000321,2,MAT00222,178,418.99,2024-09-26,PL02
PO000322,1,MAT00188,203,636.83,2023-09-01,PL02
PO000323,1,MAT00265,311,535.3,2023-07-19,PL01
PO000323,2,MAT00123,292,182.02,2023-07-07,PL01
PO000324,1,MAT00360,357,629.46,2024-02-25,PL03
PO000324,2,MAT00234,313,89.9,2024-02-08,PL03
PO000324,3,MAT00129,83,251.19,2024-03-02,PL02
PO000325,1,MAT00036,321,276.51,2025-01-13,PL01
PO000325,2,MAT00360,267,192.14,2025-01-12,PL03
PO000325,3,MAT00073,335,558.79,2025-01-08,PL02
PO000326,1,MAT00386,94,377.35,2023-03-27,PL03
PO000327,1,MAT00143,356,334.57,2023-02-08,PL01
PO000327,2,MAT00392,255,327.59,2023-02-06,PL03
PO000328,1,MAT00257,17,403.66,2024-07-27,PL01
PO000328,2,MAT00366,135,646.29,2024-07-25,PL03
PO000329,1,MAT00371,472,152.49,2023-06-29,PL02
PO000329,2,MAT00035,497,40.68,2023-07-12,PL02
PO000329,3,MAT00222,67,224.97,2023-07-18,PL01
PO000330,1,MAT00037,119,9.43,2023-11-28,PL03
PO000330,2,MAT00090,482,203.69,2023-11-28,PL03
PO000331,1,MAT00067,192,11.78,2024-10-13,PL02
PO000332,1,MAT00036,215,235.61,2024-01-02,PL02
PO000333,1,MAT00395,13,107.91,2024-03-22,PL02
PO000333,2,MAT00058,125,310.19,2024-03-12,PL02
PO000334,1,MAT00018,284,529.01,2024-01-17,PL02
PO000335,1,MAT00112,12,238.63,2023-06-20,PL01
PO000335,2,MAT00058,155,33.84,2023-06-10,PL02
PO000336,1,MAT00142,350,639.04,2023-06-22,PL02
PO000336,2,MAT00383,419,445.67,2023-06-23,PL02
PO000337,1,MAT00059,415,21.58,2023-05-24,PL02
PO000338,1,MAT00169,131,41.41,2024-06-11,PL02
PO000338,2,MAT00379,315,481.43,2024-06-14,PL02
PO000338,3,MAT00187,158,189.19,2024-06-03,PL02
PO000339,1,MAT00195,271,127.96,2023-09-24,PL01
PO000339,2,MAT00210,351,534.83,2023-09-22,PL02
PO000339,3,MAT00200,106,645.22,2023-10-04,PL03
PO000340,1,MAT00354,150,643.84,2023-05-13,PL02
PO000341,1,MAT00027,452,40.71,2023-02-06,PL03
PO000342,1,MAT00296,41,335.33,2023-09-10,PL01
PO000342,2,MAT00396,147,241.42,2023-09-01,PL03
PO000343,1,MAT00364,30,8.34,2023-12-20,PL03
PO000344,1,MAT00205,230,126.67,2023-11-03,PL02
PO000345,1,MAT00125,352,16.77,2023-12-31,PL01
PO000346,1,MAT00395,280,396.23,2024-01-18,PL03
PO000346,2,MAT00289,309,254.56,2024-01-14,PL01
PO000346,3,MAT00091,310,629.67,2024-01-31,PL01
PO000347,1,MAT00376,326,228.14,2023-05-10,PL02
PO000347,2,MAT00350,399,137.68,2023-05-10,PL01
PO000347,3,MAT00205,32,90.07,2023-04-30,PL03
PO000348,1,MAT00394,187,582.53,2025-01-17,PL03
PO000348,2,MAT00022,44,317.97,2025-01-19,PL03
PO000348,3,MAT00077,316,184.0,2025-01-07,PL02
PO000349,1,MAT00078,263,447.57,2025-01-01,PL01
PO000349,2,MAT00085,394,334.96,2025-01-02,PL02
PO000350,1,MAT00124,302,147.83,2023-08-27,PL01
PO000351,1,MAT00325,372,180.39,2023-11-15,PL01
PO000351,2,MAT00091,30,418.63,2023-11-20,PL01
PO000352,1,MAT00224,342,231.07,2023-08-28,PL02
PO000353,1,MAT00022,379,93.78,2025-01-16,PL02
PO000353,2,MAT00109,431,236.22,2025-01-20,PL02
PO000354,1,MAT00232,141,566.56,2024-12-30,PL03
PO000354,2,MAT00035,122,216.18,2024-12-16,PL03
PO000354,3,MAT00161,238,156.77,2025-01-02,PL02
PO000355,1,MAT00313,245,126.79,2024-05-15,PL01
PO000356,1,MAT00054,102,423.74,2024-08-11,PL02
PO000356,2,MAT00141,428,261.07,2024-08-30,PL01
PO000356,3,MAT00069,46,281.75,2024-08-25,PL03
PO000357,1,MAT00082,318,72.03,2024-07-10,PL01
PO000358,1,MAT00266,488,36.08,2023-05-05,PL01
PO000358,2,MAT00316,500,516.25,2023-05-15,PL03
PO000358,3,MAT00230,81,316.43,2023-05-16,PL02
PO000359,1,MAT00297,288,452.29,2024-05-30,PL03
PO000360,1,MAT00129,62,336.41,2023-03-05,PL01
PO000360,2,MAT00092,10,593.61,2023-02-20,PL01
PO000361,1,MAT00209,345,192.16,2024-04-08,PL02
PO000361,2,MAT00234,96,644.07,2024-03-25,PL01
PO000362,1,MAT00027,194,600.77,2023-03-27,PL01
PO000363,1,MAT00229,102,444.2,2024-03-23,PL03
PO000363,2,MAT00368,188,570.01,2024-03-27,PL02
PO000363,3,MAT00307,425,590.28,2024-04-13,PL01
PO000364,1,MAT00050,209,294.78,2024-12-02,PL02
PO000365,1,MAT00095,382,186.78,2023-03-17,PL02
PO000365,2,MAT00089,75,124.76,2023-03-27,PL02
PO000366,1,MAT00066,365,632.57,2023-12-17,PL03
PO000366,2,MAT00371,420,614.07,2023-12-05,PL02
PO000367,1,MAT00044,284,535.34,2024-07-22,PL01
PO000367,2,MAT00152,369,64.01,2024-07-21,PL01
PO000367,3,MAT00078,195,366.48,2024-07-14,PL01
PO000368,1,MAT00056,160,303.57,2024-01-27,PL02
PO000369,1,MAT00277,370,99.86,2023-06-19,PL01
PO000369,2,MAT00272,366,627.47,2023-06-07,PL01
PO000369,3,MAT00279,369,76.06,2023-06-14,PL01
PO000370,1,MAT00313,25,102.3,2024-05-12,PL01
PO000371,1,MAT00296,390,97.95,2023-06-24,PL03
PO000371,2,MAT00227,379,224.57,2023-07-03,PL03
PO000372,1,MAT00233,26,395.88,2023-06-19,PL03
PO000372,2,MAT00182,92,14.98,2023-06-27,PL03
PO000372,3,MAT00222,495,570.38,2023-07-01,PL03
PO000373,1,MAT00198,166,463.4,2023-10-10,PL01
PO000373,2,MAT00085,149,632.74,2023-10-13,PL02
PO000373,3,MAT00204,496,88.34,2023-10-03,PL02
PO000374,1,MAT00120,104,536.05,2024-10-17,PL03
PO000374,2,MAT00002,440,57.57,2024-10-22,PL02
PO000375,1,MAT00041,217,539.1,2024-05-13,PL01
PO000375,2,MAT00198,109,181.29,2024-05-11,PL01
PO000375,3,MAT00284,24,161.78,2024-05-13,PL03
PO000376,1,MAT00191,106,362.19,2023-08-30,PL01
PO000376,2,MAT00396,53,635.02,2023-08-28,PL01
PO000377,1,MAT00223,14,637.51,2023-03-20,PL02
PO000377,2,MAT00259,171,490.68,2023-03-19,PL02
PO000378,1,MAT00035,267,72.84,2024-01-05,PL01
PO000378,2,MAT00325,254,384.44,2023-12-12,PL02
PO000378,3,MAT00323,359,305.31,2023-12-31,PL01
PO000379,1,MAT00233,92,645.77,2024-12-19,PL03
PO000379,2,MAT00047,412,92.23,2024-12-12,PL02
PO000379,3,MAT00108,466,465.59,2024-12-24,PL02
PO000380,1,MAT00290,300,411.04,2024-10-07,PL01
PO000381,1,MAT00298,265,68.42,2023-11-28,PL01
PO000382,1,MAT00262,190,65.29,2023-03-21,PL03
PO000382,2,MAT00167,252,636.19,2023-04-09,PL02
PO000383,1,MAT00377,449,192.01,2024-08-23,PL03
PO000383,2,MAT00349,197,337.01,2024-08-29,PL02
PO000384,1,MAT00331,144,571.3,2024-12-25,PL01
PO000384,2,MAT00224,368,535.23,2024-12-04,PL01
PO000385,1,MAT00319,447,54.85,2024-02-06,PL02
PO000385,2,MAT00111,248,308.77,2024-02-11,PL02
PO000386,1,MAT00226,403,286.06,2023-07-21,PL02
PO000386,2,MAT00095,185,647.71,2023-07-24,PL01
PO000387,1,MAT00187,89,616.96,2023-10-22,PL03
PO000387,2,MAT00376,300,28.11,2023-11-06,PL02
PO000387,3,MAT00092,414,284.13,2023-11-02,PL01
PO000388,1,MAT00010,226,181.24,2023-02-18,PL01
PO000388,2,MAT00351,52,99.0,2023-02-06,PL02
PO000388,3,MAT00113,51,199.53,2023-02-20,PL02
PO000389,1,MAT00045,467,174.57,2024-03-11,PL01
PO000389,2,MAT00220,395,198.61,2024-03-16,PL02
PO000389,3,MAT00132,253,351.8,2024-04-04,PL01
PO000390,1,MAT00148,297,510.73,2025-01-03,PL01
PO000391,1,MAT00108,390,537.8,2023-12-26,PL02
PO000391,2,MAT00384,469,302.46,2023-12-07,PL02
PO000391,3,MAT00110,415,630.72,2023-12-16,PL02
PO000392,1,MAT00371,306,70.56,2023-05-20,PL03
PO000392,2,MAT00068,366,358.59,2023-05-19,PL03
PO000392,3,MAT00399,188,142.67,2023-05-20,PL03
PO000393,1,MAT00246,267,533.83,2024-01-16,PL03
PO000393,2,MAT00304,265,424.6,2024-01-27,PL02
PO000394,1,MAT00161,228,343.88,2024-03-25,PL02
PO000394,2,MAT00131,244,283.02,2024-03-06,PL03
PO000394,3,MAT00370,205,190.99,2024-03-22,PL03
PO000395,1,MAT00250,54,525.41,2024-12-27,PL01
PO000396,1,MAT00372,484,357.72,2023-05-12,PL02
PO000396,2,MAT00362,446,278.05,2023-04-29,PL02
PO000396,3,MAT00389,110,557.77,2023-04-25,PL02
PO000397,1,MAT00237,212,12.88,2024-11-07,PL01
PO000397,2,MAT00215,460,430.87,2024-11-05,PL02
PO000397,3,MAT00145,470,591.62,2024-10-28,PL01
PO000398,1,MAT00218,429,483.88,2024-02-03,PL02
PO000398,2,MAT00123,294,632.98,2024-01-30,PL03
PO000398,3,MAT00216,75,611.09,2024-02-05,PL03
PO000399,1,MAT00209,420,89.1,2024-03-31,PL03
PO000399,2,MAT00354,438,362.97,2024-04-07,PL01
PO000399,3,MAT00298,23,288.82,2024-04-17,PL03
PO000400,1,MAT00156,302,253.5,2024-10-22,PL03
PO000401,1,MAT00196,105,161.9,2024-10-23,PL02
PO000401,2,MAT00119,381,508.78,2024-11-10,PL02
PO000402,1,MAT00037,331,22.86,2023-11-01,PL01
PO000403,1,MAT00044,72,76.74,2023-05-08,PL02
PO000403,2,MAT00358,49,325.31,2023-05-10,PL01
PO000403,3,MAT00233,261,518.67,2023-05-12,PL01
PO000404,1,MAT00320,465,209.32,2023-08-23,PL01
PO000404,2,MAT00044,15,588.14,2023-08-30,PL03
PO000405,1,MAT00060,324,393.2,2023-12-23,PL01
PO000405,2,MAT00236,277,484.17,2023-12-26,PL01
PO000406,1,MAT00189,275,336.54,2024-09-21,PL01
PO000407,1,MAT00181,25,218.28,2024-01-21,PL01
PO000408,1,MAT00225,150,317.17,2024-12-16,PL02
PO000408,2,MAT00319,372,362.06,2024-12-23,PL02
PO000409,1,MAT00053,482,131.94,2024-06-01,PL01
PO000409,2,MAT00169,62,382.7,2024-06-20,PL03
PO000410,1,MAT00177,231,574.79,2023-08-17,PL03
PO000410,2,MAT00210,392,182.41,2023-08-14,PL03
PO000411,1,MAT00239,112,372.11,2023-05-07,PL03
PO000411,2,MAT00381,95,579.03,2023-05-12,PL02
PO000412,1,MAT00257,496,627.62,2024-09-26,PL02
PO000412,2,MAT00275,229,515.76,2024-09-26,PL01
PO000412,3,MAT00259,84,508.45,2024-09-18,PL01
PO000413,1,MAT00056,470,157.36,2023-08-14,PL02
PO000413,2,MAT00236,279,147.61,2023-08-29,PL02
PO000414,1,MAT00166,426,213.52,2024-12-10,PL01
PO000414,2,MAT00354,150,278.43,2024-12-07,PL02
PO000415,1,MAT00246,19,421.23,2023-09-23,PL01
PO000415,2,MAT00189,77,548.33,2023-09-17,PL01
PO000416,1,MAT00356,58,540.76,2024-11-09,PL03
PO000416,2,MAT00010,164,184.34,2024-11-20,PL02
PO000417,1,MAT00079,262,401.11,2024-03-02,PL02
PO000417,2,MAT00182,366,639.71,2024-03-05,PL03
PO000418,1,MAT00162,62,26.8,2023-05-11,PL01
PO000418,2,MAT00001,125,117.26,2023-05-16,PL03
PO000418,3,MAT00322,488,449.85,2023-05-11,PL02
PO000419,1,MAT00335,145,219.43,2023-03-15,PL02
PO000420,1,MAT00187,308,303.77,2023-10-13,PL02
PO000421,1,MAT00262,277,346.71,2024-11-06,PL02
PO000422,1,MAT00135,125,66.94,2023-12-25,PL02
PO000422,2,MAT00352,347,423.46,2023-12-07,PL03
PO000423,1,MAT00319,249,533.48,2023-08-17,PL02
PO000424,1,MAT00011,399,346.75,2023-05-03,PL02
PO000424,2,MAT00387,444,331.9,2023-04-27,PL01
PO000424,3,MAT00357,241,565.17,2023-05-09,PL01
PO000425,1,MAT00350,361,205.19,2023-04-04,PL03
PO000426,1,MAT00005,66,162.44,2024-05-06,PL01
PO000426,2,MAT00392,190,178.5,2024-05-09,PL01
PO000426,3,MAT00397,213,330.41,2024-05-08,PL02
PO000427,1,MAT00088,384,603.79,2023-04-22,PL02
PO000427,2,MAT00109,106,266.53,2023-05-05,PL02
PO000428,1,MAT00198,231,78.1,2024-07-02,PL03
PO000428,2,MAT00195,122,81.95,2024-07-02,PL03
PO000428,3,MAT00222,43,349.63,2024-07-09,PL01
PO000429,1,MAT00305,431,572.66,2024-02-20,PL02
PO000429,2,MAT00284,115,117.8,2024-02-18,PL02
PO000429,3,MAT00377,336,192.89,2024-03-02,PL02
PO000430,1,MAT00073,474,457.7,2023-01-24,PL03
PO000430,2,MAT00044,166,555.35,2023-01-31,PL01
PO000430,3,MAT00398,97,210.3,2023-01-11,PL01
PO000431,1,MAT00293,82,625.76,2023-08-06,PL02
PO000431,2,MAT00181,20,121.96,2023-07-24,PL01
PO000432,1,MAT00074,308,8.65,2024-09-12,PL02
PO000432,2,MAT00240,429,19.16,2024-09-26,PL02
PO000433,1,MAT00233,165,524.1,2023-06-15,PL02
PO000434,1,MAT00273,244,16.71,2024-11-26,PL02
PO000434,2,MAT00384,67,181.3,2024-12-01,PL03
PO000435,1,MAT00202,82,237.32,2024-03-01,PL01
PO000435,2,MAT00203,115,485.88,2024-03-07,PL02
PO000435,3,MAT00248,500,570.45,2024-03-06,PL02
PO000436,1,MAT00012,168,130.35,2024-02-28,PL03
PO000436,2,MAT00149,231,518.6,2024-02-28,PL02
PO000437,1,MAT00030,85,307.38,2023-01-18,PL03
PO000437,2,MAT00368,165,320.54,2023-01-16,PL02
PO000437,3,MAT00282,30,147.52,2023-02-01,PL01
PO000438,1,MAT00314,348,543.5,2023-11-16,PL02
PO000438,2,MAT00071,80,232.84,2023-11-24,PL03
PO000439,1,MAT00359,89,620.27,2024-12-09,PL02
PO000439,2,MAT00025,83,647.38,2024-11-23,PL02
PO000439,3,MAT00034,309,597.52,2024-11-26,PL01
PO000440,1,MAT00069,137,529.12,2023-02-27,PL02
PO000440,2,MAT00171,472,71.01,2023-02-15,PL02
PO000441,1,MAT00329,421,379.18,2024-08-26,PL01
PO000441,2,MAT00106,223,363.85,2024-08-14,PL02
PO000442,1,MAT00182,289,125.72,2024-09-02,PL02
PO000442,2,MAT00134,59,96.99,2024-08-22,PL03
PO000443,1,MAT00181,374,237.55,2023-12-03,PL02
PO000443,2,MAT00025,220,304.14,2023-12-09,PL01
PO000443,3,MAT00390,396,98.26,2023-12-01,PL01
PO000444,1,MAT00202,459,196.33,2024-10-26,PL02
PO000444,2,MAT00366,353,11.82,2024-10-27,PL03
PO000444,3,MAT00235,53,43.11,2024-10-22,PL01
PO000445,1,MAT00180,179,562.89,2023-11-02,PL03
PO000445,2,MAT00353,274,100.55,2023-11-22,PL02
PO000445,3,MAT00112,468,441.79,2023-11-03,PL02
PO000446,1,MAT00185,68,51.11,2024-05-20,PL03
PO000447,1,MAT00399,22,542.61,2023-09-30,PL02
PO000447,2,MAT00289,163,267.73,2023-09-21,PL01
PO000448,1,MAT00166,84,416.44,2024-11-14,PL01
PO000448,2,MAT00105,271,484.15,2024-11-26,PL01
PO000449,1,MAT00006,311,324.48,2023-11-19,PL02
PO000450,1,MAT00003,223,530.26,2024-12-24,PL01
PO000450,2,MAT00277,15,380.71,2024-12-21,PL03
PO000451,1,MAT00188,461,472.21,2024-01-12,PL01
PO000451,2,MAT00224,91,237.67,2024-01-20,PL01
PO000452,1,MAT00017,209,337.37,2024-01-03,PL03
PO000452,2,MAT00153,87,233.9,2024-01-21,PL03
PO000452,3,MAT00252,183,302.99,2024-01-23,PL01
PO000453,1,MAT00004,165,600.87,2023-10-20,PL03
PO000453,2,MAT00363,304,462.86,2023-11-03,PL03
PO000453,3,MAT00387,311,621.23,2023-10-29,PL03
PO000454,1,MAT00040,91,156.75,2023-03-14,PL01
PO000454,2,MAT00381,265,607.78,2023-03-08,PL02
PO000454,3,MAT00252,399,156.65,2023-03-17,PL03
PO000455,1,MAT00134,382,580.97,2023-09-29,PL02
PO000456,1,MAT00258,68,32.02,2023-04-04,PL01
PO000456,2,MAT00251,236,498.07,2023-03-31,PL03
PO000457,1,MAT00142,65,456.58,2023-02-17,PL01
PO000457,2,MAT00060,336,376.37,2023-02-11,PL01
PO000458,1,MAT00150,156,152.77,2023-10-14,PL01
PO000458,2,MAT00221,54,381.71,2023-10-11,PL03
PO000458,3,MAT00378,27,528.03,2023-09-21,PL02
PO000459,1,MAT00383,500,592.85,2024-01-09,PL03
PO000459,2,MAT00042,436,141.2,2024-01-04,PL03
PO000459,3,MAT00245,326,585.64,2023-12-24,PL01
PO000460,1,MAT00131,301,58.17,2024-11-01,PL03
PO000461,1,MAT00324,317,355.03,2023-05-06,PL01
PO000462,1,MAT00343,456,567.49,2024-02-18,PL01
PO000463,1,MAT00085,367,580.54,2024-03-07,PL02
PO000463,2,MAT00102,26,225.03,2024-02-26,PL01
PO000463,3,MAT00118,81,139.12,2024-03-12,PL02
PO000464,1,MAT00090,473,399.62,2024-06-18,PL01
PO000464,2,MAT00176,187,637.84,2024-06-07,PL03
PO000464,3,MAT00006,388,401.18,2024-05-27,PL03
PO000465,1,MAT00319,380,34.8,2024-05-11,PL02
PO000465,2,MAT00306,269,152.61,2024-05-21,PL02
PO000466,1,MAT00028,20,605.86,2024-05-09,PL01
PO000467,1,MAT00320,402,250.18,2024-07-28,PL02
PO000467,2,MAT00076,69,289.17,2024-08-12,PL02
PO000468,1,MAT00088,131,156.97,2024-01-10,PL01
PO000469,1,MAT00124,457,470.13,2024-07-09,PL01
PO000470,1,MAT00342,170,232.49,2024-04-19,PL01
PO000471,1,MAT00340,72,429.53,2024-09-19,PL02
PO000471,2,MAT00258,371,480.01,2024-09-28,PL01
PO000471,3,MAT00040,492,243.57,2024-10-04,PL02
PO000472,1,MAT00388,63,42.67,2023-12-11,PL03
PO000472,2,MAT00336,50,138.68,2023-12-02,PL03
PO000472,3,MAT00039,389,363.0,2023-12-01,PL02
PO000473,1,MAT00058,401,299.32,2023-09-06,PL01
PO000473,2,MAT00084,148,186.46,2023-09-15,PL02
PO000473,3,MAT00215,152,556.64,2023-09-15,PL02
PO000474,1,MAT00324,115,251.53,2024-02-24,PL02
PO000475,1,MAT00012,489,24.69,2023-02-26,PL02
PO000475,2,MAT00220,397,25.56,2023-03-02,PL03
PO000476,1,MAT00283,208,619.49,2023-03-26,PL02
PO000476,2,MAT00226,303,469.74,2023-03-29,PL03
PO000476,3,MAT00269,391,645.26,2023-03-12,PL01
PO000477,1,MAT00389,161,224.7,2023-04-15,PL01
PO000477,2,MAT00358,325,184.08,2023-04-11,PL03
PO000477,3,MAT00331,138,510.32,2023-04-28,PL03
PO000478,1,MAT00110,348,214.08,2023-01-26,PL01
PO000478,2,MAT00118,237,305.07,2023-02-01,PL01
PO000478,3,MAT00358,248,31.76,2023-01-29,PL02
PO000479,1,MAT00142,219,45.61,2024-10-22,PL02
PO000480,1,MAT00302,142,565.93,2024-04-05,PL01
PO000480,2,MAT00141,456,404.72,2024-04-02,PL01
PO000481,1,MAT00210,306,211.73,2023-07-30,PL03
PO000481,2,MAT00043,497,466.74,2023-07-21,PL02
PO000482,1,MAT00103,130,232.53,2024-07-14,PL03
PO000482,2,MAT00078,271,57.72,2024-07-18,PL02
PO000482,3,MAT00351,46,420.09,2024-07-21,PL01
PO000483,1,MAT00315,218,584.13,2024-09-29,PL02
PO000483,2,MAT00117,92,244.45,2024-09-27,PL01
PO000484,1,MAT00147,271,467.52,2024-10-13,PL03
PO000484,2,MAT00088,203,541.33,2024-09-21,PL03
PO000485,1,MAT00228,500,608.6,2024-11-07,PL03
PO000486,1,MAT00400,290,479.2,2024-06-21,PL03
PO000486,2,MAT00297,72,552.16,2024-06-20,PL01
PO000486,3,MAT00122,320,311.24,2024-06-20,PL03
PO000487,1,MAT00134,438,377.31,2024-04-08,PL02
PO000488,1,MAT00349,69,452.95,2023-09-13,PL03
PO000488,2,MAT00247,50,233.97,2023-09-15,PL01
PO000488,3,MAT00102,319,155.88,2023-09-24,PL02
PO000489,1,MAT00124,355,383.41,2024-07-13,PL03
PO000489,2,MAT00212,184,209.49,2024-07-11,PL02
PO000490,1,MAT00123,470,123.51,2024-08-31,PL01
PO000491,1,MAT00274,374,605.14,2024-04-01,PL01
PO000491,2,MAT00052,436,284.97,2024-03-31,PL01
PO000491,3,MAT00305,273,564.54,2024-03-21,PL02
PO000492,1,MAT00343,374,196.36,2024-03-02,PL02
PO000493,1,MAT00197,496,296.19,2023-04-04,PL03
PO000493,2,MAT00091,158,494.42,2023-04-13,PL01
PO000494,1,MAT00067,313,245.46,2023-06-30,PL02
PO000494,2,MAT00203,270,471.87,2023-06-18,PL01
PO000494,3,MAT00102,34,370.17,2023-06-26,PL03
PO000495,1,MAT00071,498,99.93,2023-12-25,PL03
PO000496,1,MAT00201,170,71.86,2024-06-29,PL01
PO000496,2,MAT00268,150,320.42,2024-06-27,PL01
PO000496,3,MAT00113,320,491.73,2024-06-27,PL03
PO000497,1,MAT00365,396,116.4,2023-05-03,PL01
PO000497,2,MAT00235,260,542.47,2023-04-14,PL02
PO000497,3,MAT00243,492,616.54,2023-04-27,PL03
PO000498,1,MAT00114,376,461.46,2024-04-17,PL02
PO000499,1,MAT00388,152,477.71,2023-10-05,PL02
PO000500,1,MAT00038,382,55.73,2023-04-01,PL03
PO000501,1,MAT00206,354,506.86,2024-05-06,PL03
PO000501,2,MAT00191,231,72.48,2024-05-06,PL03
PO000501,3,MAT00298,440,366.35,2024-05-04,PL01
PO000502,1,MAT00373,354,133.63,2023-06-10,PL01
PO000503,1,MAT00305,335,570.3,2024-06-13,PL03
PO000504,1,MAT00364,322,141.89,2024-03-30,PL01
PO000504,2,MAT00240,224,449.68,2024-04-13,PL02
PO000504,3,MAT00037,333,382.86,2024-04-14,PL02
PO000505,1,MAT00347,459,200.66,2024-05-22,PL02
PO000506,1,MAT00018,288,316.78,2024-10-15,PL01
PO000506,2,MAT00350,224,630.33,2024-10-22,PL01
PO000507,1,MAT00362,348,80.89,2023-07-27,PL02
PO000507,2,MAT00244,440,524.63,2023-07-20,PL03
PO000508,1,MAT00052,120,579.26,2023-03-01,PL02
PO000508,2,MAT00107,143,441.34,2023-02-17,PL02
PO000508,3,MAT00354,214,175.37,2023-02-05,PL02
PO000509,1,MAT00372,167,295.38,2023-12-26,PL03
PO000510,1,MAT00046,322,219.66,2024-10-26,PL03
PO000510,2,MAT00029,20,618.08,2024-10-07,PL02
PO000510,3,MAT00007,56,509.04,2024-10-17,PL02
PO000511,1,MAT00076,275,143.12,2024-08-11,PL01
PO000512,1,MAT00160,450,468.84,2023-06-24,PL01
PO000512,2,MAT00247,120,362.99,2023-06-22,PL01
PO000513,1,MAT00375,31,108.76,2024-06-11,PL01
PO000513,2,MAT00398,27,182.92,2024-06-05,PL02
PO000514,1,MAT00051,47,331.9,2023-10-31,PL03
PO000515,1,MAT00122,109,541.8,2023-04-22,PL02
PO000515,2,MAT00002,164,183.94,2023-04-19,PL01
PO000516,1,MAT00331,123,628.74,2024-02-12,PL02
PO000517,1,MAT00372,205,19.05,2025-01-09,PL03
PO000518,1,MAT00201,124,379.0,2024-07-18,PL02
PO000518,2,MAT00144,199,314.11,2024-07-21,PL03
PO000519,1,MAT00063,58,368.09,2023-06-08,PL02
PO000520,1,MAT00218,277,472.19,2024-03-11,PL01
PO000520,2,MAT00126,139,272.41,2024-03-16,PL02
PO000521,1,MAT00057,218,567.46,2023-12-09,PL03
PO000521,2,MAT00042,289,328.88,2023-12-21,PL01
PO000521,3,MAT00302,372,318.08,2023-12-18,PL03
PO000522,1,MAT00186,75,493.92,2024-03-21,PL03
PO000522,2,MAT00251,111,288.94,2024-03-19,PL01
PO000523,1,MAT00040,259,97.79,2023-07-16,PL02
PO000523,2,MAT00160,161,83.49,2023-07-08,PL03
PO000523,3,MAT00143,324,579.09,2023-07-17,PL03
PO000524,1,MAT00076,421,402.19,2023-11-21,PL02
PO000525,1,MAT00214,484,487.42,2024-04-27,PL01
PO000525,2,MAT00020,172,275.27,2024-04-27,PL02
PO000526,1,MAT00064,365,68.25,2023-12-05,PL02
PO000527,1,MAT00151,44,232.99,2024-10-23,PL01
PO000528,1,MAT00088,309,476.23,2023-08-02,PL03
PO000528,2,MAT00372,297,355.33,2023-08-12,PL01
PO000529,1,MAT00397,101,176.81,2023-04-24,PL01
PO000529,2,MAT00243,304,503.61,2023-05-09,PL03
PO000530,1,MAT00034,120,66.64,2023-09-02,PL03
PO000531,1,MAT00029,175,57.94,2023-06-24,PL01
PO000532,1,MAT00006,266,495.92,2024-11-23,PL03
PO000532,2,MAT00315,406,255.51,2024-12-01,PL02
PO000533,1,MAT00102,441,145.32,2024-07-07,PL03
PO000533,2,MAT00017,436,186.31,2024-07-06,PL02
PO000533,3,MAT00171,296,291.54,2024-07-24,PL02
PO000534,1,MAT00145,343,231.53,2024-12-07,PL02
PO000534,2,MAT00179,447,307.22,2024-12-28,PL02
PO000535,1,MAT00096,458,648.65,2024-03-21,PL02
PO000535,2,MAT00300,487,487.98,2024-03-15,PL01
PO000535,3,MAT00083,279,133.12,2024-04-02,PL02
PO000536,1,MAT00056,481,16.34,2024-01-26,PL01
PO000536,2,MAT00342,341,184.52,2024-02-02,PL02
PO000536,3,MAT00308,32,647.26,2024-02-09,PL02
PO000537,1,MAT00044,431,27.53,2023-11-04,PL02
PO000537,2,MAT00350,98,311.95,2023-11-02,PL03
PO000537,3,MAT00210,199,26.51,2023-11-04,PL01
PO000538,1,MAT00244,38,292.65,2023-04-22,PL01
PO000539,1,MAT00123,345,402.19,2024-07-16,PL02
PO000540,1,MAT00349,274,17.1,2024-09-18,PL02
PO000540,2,MAT00219,43,131.87,2024-09-21,PL03
PO000541,1,MAT00102,151,398.68,2023-04-23,PL03
PO000542,1,MAT00181,169,183.76,2024-10-28,PL01
PO000543,1,MAT00221,299,605.24,2024-08-11,PL01
PO000544,1,MAT00159,20,500.24,2023-08-09,PL01
PO000544,2,MAT00109,245,60.18,2023-08-07,PL01
PO000544,3,MAT00243,392,493.24,2023-07-19,PL02
PO000545,1,MAT00095,81,370.76,2025-01-10,PL01
PO000545,2,MAT00326,462,135.9,2025-01-06,PL02
PO000546,1,MAT00097,196,231.97,2023-04-30,PL03
PO000546,2,MAT00336,28,617.69,2023-04-28,PL02
PO000546,3,MAT00099,369,286.53,2023-04-30,PL03
PO000547,1,MAT00023,292,540.77,2024-01-16,PL02
PO000547,2,MAT00355,142,148.12,2023-12-30,PL01
PO000547,3,MAT00088,253,97.76,2024-01-09,PL02
PO000548,1,MAT00182,175,458.23,2024-11-30,PL02
PO000549,1,MAT00005,341,587.71,2024-03-17,PL02
PO000549,2,MAT00381,249,359.03,2024-04-05,PL01
PO000550,1,MAT00359,384,264.37,2024-09-11,PL02
PO000550,2,MAT00299,257,443.63,2024-09-13,PL01
PO000551,1,MAT00391,498,378.75,2024-03-30,PL01
PO000551,2,MAT00232,482,200.97,2024-03-31,PL03
PO000552,1,MAT00141,56,206.55,2023-06-12,PL01
PO000553,1,MAT00026,347,102.69,2024-02-20,PL02
PO000554,1,MAT00179,233,65.89,2023-07-21,PL01
PO000555,1,MAT00064,251,360.99,2024-05-20,PL03
PO000556,1,MAT00346,371,163.84,2024-11-23,PL02
PO000556,2,MAT00138,400,608.44,2024-12-02,PL02
PO000557,1,MAT00137,187,321.49,2024-10-01,PL03
PO000558,1,MAT00307,198,240.58,2024-10-06,PL01
PO000559,1,MAT00017,106,36.41,2024-11-06,PL02
PO000559,2,MAT00028,206,427.9,2024-11-10,PL01
PO000560,1,MAT00175,27,175.57,2024-02-19,PL01
PO000560,2,MAT00129,359,340.14,2024-02-09,PL02
PO000561,1,MAT00061,451,267.67,2025-01-02,PL01
PO000561,2,MAT00117,75,376.95,2024-12-20,PL03
PO000561,3,MAT00016,258,427.75,2024-12-29,PL02
PO000562,1,MAT00037,334,82.45,2023-12-07,PL02
PO000562,2,MAT00246,374,223.11,2023-11-29,PL02
PO000562,3,MAT00234,227,349.36,2023-11-24,PL03
PO000563,1,MAT00064,312,173.53,2023-01-29,PL03
PO000563,2,MAT00137,34,306.38,2023-01-14,PL01
PO000563,3,MAT00054,197,40.15,2023-02-01,PL03
PO000564,1,MAT00273,402,533.91,2024-04-02,PL02
PO000564,2,MAT00399,192,275.75,2024-03-30,PL02
PO000565,1,MAT00176,28,349.07,2024-09-19,PL01
PO000565,2,MAT00134,99,61.96,2024-09-10,PL01
PO000565,3,MAT00019,382,100.86,2024-09-22,PL02
PO000566,1,MAT00305,362,404.27,2023-11-06,PL03
PO000566,2,MAT00049,49,217.67,2023-10-15,PL01
PO000567,1,MAT00154,182,603.42,2024-07-06,PL02
PO000568,1,MAT00201,496,487.42,2024-04-05,PL03
PO000569,1,MAT00249,143,646.74,2023-05-24,PL03
PO000569,2,MAT00182,201,376.08,2023-05-11,PL02
PO000569,3,MAT00150,266,439.06,2023-05-24,PL02
PO000570,1,MAT00226,410,274.0,2023-01-15,PL02
PO000571,1,MAT00342,172,70.37,2024-09-17,PL01
PO000571,2,MAT00379,323,192.79,2024-10-02,PL03
PO000571,3,MAT00364,287,257.76,2024-09-27,PL01
PO000572,1,MAT00061,265,143.23,2024-04-27,PL01
PO000572,2,MAT00071,216,28.72,2024-04-23,PL01
PO000572,3,MAT00011,52,141.25,2024-04-21,PL02
PO000573,1,MAT00285,25,108.09,2023-12-12,PL01
PO000573,2,MAT00026,222,647.32,2023-11-24,PL02
PO000574,1,MAT00285,203,397.77,2024-01-28,PL01
PO000575,1,MAT00129,302,193.76,2024-02-20,PL03
PO000576,1,MAT00161,471,392.72,2024-01-11,PL02
PO000576,2,MAT00315,125,559.51,2024-01-16,PL02
PO000577,1,MAT00067,282,540.77,2023-07-30,PL02
PO000578,1,MAT00372,224,271.41,2024-02-22,PL01
PO000578,2,MAT00305,322,405.99,2024-02-04,PL03
PO000579,1,MAT00057,301,409.57,2023-12-25,PL01
PO000580,1,MAT00100,209,362.42,2024-09-18,PL01
PO000580,2,MAT00307,251,609.64,2024-09-18,PL02
PO000580,3,MAT00282,115,378.82,2024-09-26,PL01
PO000581,1,MAT00306,338,79.36,2023-07-25,PL02
PO000581,2,MAT00334,456,598.74,2023-07-11,PL01
PO000581,3,MAT00133,246,471.55,2023-07-08,PL01
PO000582,1,MAT00275,453,341.69,2023-02-23,PL02
PO000582,2,MAT00171,500,174.94,2023-03-02,PL03
PO000583,1,MAT00023,40,196.08,2024-04-11,PL03
PO000583,2,MAT00249,214,468.07,2024-04-15,PL03
PO000583,3,MAT00389,413,87.64,2024-04-03,PL02
PO000584,1,MAT00195,82,594.13,2024-02-10,PL02
PO000584,2,MAT00374,59,219.88,2024-02-07,PL01
PO000585,1,MAT00340,161,450.46,2023-09-23,PL02
PO000585,2,MAT00266,399,97.89,2023-09-29,PL02
PO000586,1,MAT00348,91,372.42,2025-01-14,PL02
PO000586,2,MAT00070,89,485.48,2025-01-27,PL01
PO000586,3,MAT00377,449,254.67,2025-01-25,PL01
PO000587,1,MAT00118,16,174.55,2024-09-17,PL03
PO000587,2,MAT00231,326,585.8,2024-09-05,PL03
PO000587,3,MAT00136,277,248.34,2024-09-09,PL03
PO000588,1,MAT00343,17,437.33,2023-07-06,PL02
PO000588,2,MAT00289,115,152.01,2023-07-12,PL03
PO000589,1,MAT00023,477,418.0,2024-01-06,PL03
PO000589,2,MAT00009,196,434.44,2024-01-18,PL03
PO000589,3,MAT00056,269,51.14,2024-01-23,PL03
PO000590,1,MAT00382,135,172.4,2024-04-30,PL01
PO000591,1,MAT00075,30,636.76,2024-12-20,PL03
PO000592,1,MAT00259,473,587.81,2023-08-04,PL02
PO000593,1,MAT00194,254,306.06,2023-09-13,PL01
PO000593,2,MAT00333,110,315.07,2023-09-10,PL01
PO000593,3,MAT00252,61,356.2,2023-09-02,PL03
PO000594,1,MAT00359,450,589.0,2024-09-02,PL02
PO000594,2,MAT00205,408,420.57,2024-08-28,PL03
PO000595,1,MAT00247,138,492.43,2024-10-15,PL02
PO000596,1,MAT00277,497,422.27,2024-06-16,PL03
PO000596,2,MAT00069,150,443.17,2024-06-24,PL02
PO000597,1,MAT00030,467,633.54,2023-07-26,PL02
PO000597,2,MAT00008,43,496.2,2023-08-01,PL02
PO000598,1,MAT00109,431,125.26,2024-01-15,PL01
PO000598,2,MAT00324,167,330.14,2024-01-01,PL03
PO000598,3,MAT00034,360,200.64,2024-01-10,PL01
PO000599,1,MAT00119,412,118.28,2023-06-20,PL03
PO000599,2,MAT00267,499,339.57,2023-06-30,PL03
PO000600,1,MAT00169,488,557.7,2023-09-06,PL02
PO000600,2,MAT00336,84,204.6,2023-09-20,PL02
