invoice_id,po_id,vendor_id,invoice_date,due_date,amount,currency,payment_status
APINV000001,PO000002,VEND00052,2023-07-30,2023-09-13,34720.62,BRL,Paid
APINV000002,PO000003,VEND00114,2024-12-07,2025-01-21,11581.32,BRL,Open
APINV000003,PO000004,VEND00097,2024-02-02,2024-03-18,57290.69,BRL,Paid
APINV000004,PO000005,VEND00096,2023-12-02,2024-01-16,52095.9,BRL,Open
APINV000005,PO000006,VEND00076,2024-03-11,2024-04-25,20310.75,BRL,Paid
APINV000006,PO000008,VEND00144,2024-09-16,2024-10-31,22766.24,BRL,Paid
APINV000007,PO000009,VEND00144,2023-03-23,2023-05-07,44634.98,BRL,Paid
APINV000008,PO000010,VEND00046,2024-02-24,2024-04-09,35909.77,BRL,Paid
APINV000009,PO000011,VEND00111,2023-11-06,2023-12-21,44215.34,BRL,Paid
APINV000010,PO000012,VEND00048,2024-11-04,2024-12-19,9883.42,BRL,Overdue
APINV000011,PO000014,VEND00019,2023-06-18,2023-08-02,14746.87,BRL,Paid
APINV000012,PO000015,VEND00134,2023-11-17,2024-01-01,57108.43,BRL,Paid
APINV000013,PO000016,VEND00125,2024-07-27,2024-09-10,51091.35,BRL,Paid
APINV000014,PO000017,VEND00027,2024-11-22,2025-01-06,13106.47,BRL,Overdue
APINV000015,PO000018,VEND00127,2024-01-31,2024-03-16,30029.7,BRL,Paid
APINV000016,PO000019,VEND00108,2024-12-21,2025-02-04,42987.5,BRL,Paid
APINV000017,PO000020,VEND00056,2024-03-25,2024-05-09,53939.96,BRL,Paid
APINV000018,PO000021,VEND00031,2025-01-11,2025-02-25,28049.02,BRL,Paid
APINV000019,PO000023,VEND00022,2023-10-24,2023-12-08,30820.24,BRL,Paid
APINV000020,PO000024,VEND00050,2024-12-20,2025-02-03,5415.0,BRL,Paid
APINV000021,PO000026,VEND00084,2024-05-06,2024-06-20,40084.19,BRL,Paid
APINV000022,PO000027,VEND00018,2023-02-15,2023-04-01,16398.47,BRL,Paid
APINV000023,PO000028,VEND00039,2023-10-23,2023-12-07,42342.81,BRL,Paid
APINV000024,PO000029,VEND00113,2024-04-14,2024-05-29,27712.71,BRL,Paid
APINV000025,PO000030,VEND00016,2023-02-18,2023-04-04,9030.6,BRL,Open
APINV000026,PO000031,VEND00050,2023-07-25,2023-09-08,10169.22,BRL,Paid
APINV000027,PO000032,VEND00027,2024-08-29,2024-10-13,19527.96,BRL,Paid
APINV000028,PO000034,VEND00032,2024-04-17,2024-06-01,57913.45,BRL,Paid
APINV000029,PO000035,VEND00124,2024-04-25,2024-06-09,28337.45,BRL,Open
APINV000030,PO000037,VEND00095,2023-12-30,2024-02-13,10299.31,BRL,Paid
APINV000031,PO000038,VEND00062,2023-11-12,2023-12-27,13686.23,BRL,Open
APINV000032,PO000039,VEND00146,2024-08-12,2024-09-26,6381.56,BRL,Paid
APINV000033,PO000040,VEND00094,2024-06-06,2024-07-21,24378.42,BRL,Paid
APINV000034,PO000042,VEND00031,2024-04-04,2024-05-19,16349.84,BRL,Overdue
APINV000035,PO000043,VEND00130,2024-12-26,2025-02-09,57173.7,BRL,Open
APINV000036,PO000044,VEND00103,2024-07-24,2024-09-07,6588.79,BRL,Paid
APINV000037,PO000045,VEND00007,2023-06-16,2023-07-31,8165.74,BRL,Paid
APINV000038,PO000046,VEND00016,2024-04-22,2024-06-06,8712.2,BRL,Open
APINV000039,PO000047,VEND00110,2024-08-20,2024-10-04,41490.83,BRL,Overdue
APINV000040,PO000048,VEND00078,2024-05-05,2024-06-19,35357.1,BRL,Paid
APINV000041,PO000051,VEND00120,2023-10-28,2023-12-12,2286.21,BRL,Paid
APINV000042,PO000052,VEND00012,2024-10-11,2024-11-25,48748.62,BRL,Paid
APINV000043,PO000053,VEND00082,2023-07-20,2023-09-03,8229.13,BRL,Overdue
APINV000044,PO000054,VEND00118,2024-03-04,2024-04-18,10911.36,BRL,Paid
APINV000045,PO000055,VEND00089,2024-11-05,2024-12-20,30271.46,BRL,Paid
APINV000046,PO000056,VEND00095,2024-07-17,2024-08-31,11195.63,BRL,Paid
APINV000047,PO000057,VEND00006,2023-12-20,2024-02-03,17223.92,BRL,Paid
APINV000048,PO000058,VEND00087,2024-06-25,2024-08-09,3044.32,BRL,Paid
APINV000049,PO000060,VEND00002,2024-11-06,2024-12-21,39189.43,BRL,Paid
APINV000050,PO000062,VEND00082,2023-03-25,2023-05-09,4597.77,BRL,Paid
APINV000051,PO000063,VEND00054,2024-10-31,2024-12-15,25734.85,BRL,Paid
APINV000052,PO000065,VEND00025,2023-02-01,2023-03-18,38214.51,BRL,Open
APINV000053,PO000066,VEND00129,2024-02-10,2024-03-26,59374.81,BRL,Open
APINV000054,PO000067,VEND00028,2023-12-24,2024-02-07,29301.38,BRL,Open
APINV000055,PO000070,VEND00073,2024-11-05,2024-12-20,54847.94,BRL,Paid
APINV000056,PO000072,VEND00104,2023-03-05,2023-04-19,16955.71,BRL,Paid
APINV000057,PO000073,VEND00148,2024-03-24,2024-05-08,2728.9,BRL,Open
APINV000058,PO000074,VEND00028,2024-08-02,2024-09-16,4456.88,BRL,Overdue
APINV000059,PO000075,VEND00080,2023-02-02,2023-03-19,46243.69,BRL,Overdue
APINV000060,PO000076,VEND00005,2024-12-21,2025-02-04,6907.93,BRL,Paid
APINV000061,PO000078,VEND00104,2024-07-19,2024-09-02,32487.68,BRL,Open
APINV000062,PO000079,VEND00033,2023-06-19,2023-08-03,46078.93,BRL,Overdue
APINV000063,PO000080,VEND00136,2023-12-26,2024-02-09,21933.47,BRL,Open
APINV000064,PO000081,VEND00129,2024-04-10,2024-05-25,11389.92,BRL,Paid
APINV000065,PO000082,VEND00146,2024-02-05,2024-03-21,54924.82,BRL,Paid
APINV000066,PO000083,VEND00044,2024-02-17,2024-04-02,56905.97,BRL,Paid
APINV000067,PO000084,VEND00091,2023-05-05,2023-06-19,50365.11,BRL,Open
APINV000068,PO000085,VEND00063,2024-09-17,2024-11-01,32985.35,BRL,Paid
APINV000069,PO000087,VEND00086,2024-03-17,2024-05-01,6325.19,BRL,Paid
APINV000070,PO000088,VEND00121,2023-05-28,2023-07-12,2175.75,BRL,Paid
APINV000071,PO000089,VEND00076,2025-01-05,2025-02-19,55155.87,BRL,Paid
APINV000072,PO000090,VEND00144,2023-11-09,2023-12-24,21104.78,BRL,Paid
APINV000073,PO000091,VEND00093,2023-05-09,2023-06-23,4513.8,BRL,Paid
APINV000074,PO000092,VEND00076,2024-08-26,2024-10-10,46687.62,BRL,Open
APINV000075,PO000093,VEND00125,2023-07-28,2023-09-11,57672.97,BRL,Paid
APINV000076,PO000094,VEND00068,2023-11-14,2023-12-29,35574.98,BRL,Paid
APINV000077,PO000095,VEND00146,2024-08-30,2024-10-14,9050.65,BRL,Paid
APINV000078,PO000096,VEND00090,2023-11-06,2023-12-21,47718.71,BRL,Overdue
APINV000079,PO000097,VEND00055,2023-07-14,2023-08-28,11277.96,BRL,Overdue
APINV000080,PO000098,VEND00143,2023-02-11,2023-03-28,14171.0,BRL,Paid
APINV000081,PO000100,VEND00132,2024-12-05,2025-01-19,23324.66,BRL,Paid
APINV000082,PO000102,VEND00097,2024-01-19,2024-03-04,8513.55,BRL,Paid
APINV000083,PO000103,VEND00002,2023-07-04,2023-08-18,51194.66,BRL,Open
APINV000084,PO000104,VEND00097,2023-01-13,2023-02-27,11742.82,BRL,Paid
APINV000085,PO000105,VEND00100,2023-11-18,2024-01-02,38739.16,BRL,Paid
APINV000086,PO000106,VEND00023,2023-07-23,2023-09-06,9297.96,BRL,Paid
APINV000087,PO000107,VEND00128,2023-10-05,2023-11-19,21461.8,BRL,Paid
APINV000088,PO000108,VEND00119,2023-03-03,2023-04-17,49478.05,BRL,Paid
APINV000089,PO000109,VEND00111,2023-04-22,2023-06-06,27351.17,BRL,Paid
APINV000090,PO000110,VEND00023,2024-12-14,2025-01-28,41897.39,BRL,Paid
APINV000091,PO000112,VEND00053,2024-09-28,2024-11-12,43504.4,BRL,Paid
APINV000092,PO000113,VEND00113,2023-07-15,2023-08-29,44222.49,BRL,Overdue
APINV000093,PO000116,VEND00025,2023-03-20,2023-05-04,30091.84,BRL,Paid
APINV000094,PO000118,VEND00127,2023-04-29,2023-06-13,6984.29,BRL,Paid
APINV000095,PO000120,VEND00118,2023-08-20,2023-10-04,10596.73,BRL,Paid
APINV000096,PO000121,VEND00071,2023-04-01,2023-05-16,18399.61,BRL,Paid
APINV000097,PO000122,VEND00140,2023-08-28,2023-10-12,5377.82,BRL,Paid
APINV000098,PO000123,VEND00031,2024-04-10,2024-05-25,10493.37,BRL,Paid
APINV000099,PO000124,VEND00068,2025-01-07,2025-02-21,20939.08,BRL,Overdue
APINV000100,PO000125,VEND00104,2023-05-02,2023-06-16,42565.77,BRL,Paid
APINV000101,PO000126,VEND00013,2023-11-17,2024-01-01,36831.74,BRL,Paid
APINV000102,PO000127,VEND00060,2023-08-01,2023-09-15,6974.21,BRL,Paid
APINV000103,PO000128,VEND00102,2024-02-01,2024-03-17,25147.51,BRL,Paid
APINV000104,PO000130,VEND00018,2023-06-23,2023-08-07,39975.28,BRL,Paid
APINV000105,PO000131,VEND00074,2024-01-01,2024-02-15,3928.49,BRL,Paid
APINV000106,PO000133,VEND00029,2025-01-02,2025-02-16,10061.81,BRL,Paid
APINV000107,PO000134,VEND00150,2023-05-01,2023-06-15,6170.07,BRL,Open
APINV000108,PO000135,VEND00041,2024-10-11,2024-11-25,12780.81,BRL,Paid
APINV000109,PO000137,VEND00122,2024-11-08,2024-12-23,38653.25,BRL,Overdue
APINV000110,PO000138,VEND00143,2024-11-04,2024-12-19,50782.38,BRL,Paid
APINV000111,PO000139,VEND00143,2023-10-18,2023-12-02,28785.72,BRL,Open
APINV000112,PO000140,VEND00019,2023-10-25,2023-12-09,6377.08,BRL,Paid
APINV000113,PO000141,VEND00076,2023-04-06,2023-05-21,22890.21,BRL,Paid
APINV000114,PO000142,VEND00106,2024-06-28,2024-08-12,27300.74,BRL,Paid
APINV000115,PO000143,VEND00078,2023-05-09,2023-06-23,16540.65,BRL,Open
APINV000116,PO000144,VEND00025,2024-12-06,2025-01-20,9916.71,BRL,Paid
APINV000117,PO000147,VEND00017,2023-11-09,2023-12-24,6056.73,BRL,Paid
APINV000118,PO000148,VEND00072,2023-10-26,2023-12-10,58271.63,BRL,Paid
APINV000119,PO000152,VEND00104,2023-07-03,2023-08-17,50607.03,BRL,Open
APINV000120,PO000153,VEND00005,2024-08-12,2024-09-26,57972.03,BRL,Paid
APINV000121,PO000154,VEND00051,2024-07-12,2024-08-26,34790.14,BRL,Paid
APINV000122,PO000156,VEND00035,2024-12-08,2025-01-22,5658.35,BRL,Overdue
APINV000123,PO000157,VEND00044,2024-09-30,2024-11-14,30623.99,BRL,Overdue
APINV000124,PO000160,VEND00092,2023-01-15,2023-03-01,8096.63,BRL,Open
APINV000125,PO000161,VEND00026,2023-12-01,2024-01-15,56994.63,BRL,Paid
APINV000126,PO000163,VEND00109,2024-05-29,2024-07-13,48699.18,BRL,Paid
APINV000127,PO000165,VEND00068,2024-05-11,2024-06-25,5623.74,BRL,Paid
APINV000128,PO000166,VEND00093,2023-04-17,2023-06-01,59838.88,BRL,Paid
APINV000129,PO000167,VEND00004,2023-04-02,2023-05-17,19865.22,BRL,Paid
APINV000130,PO000168,VEND00124,2023-04-01,2023-05-16,6134.62,BRL,Paid
APINV000131,PO000169,VEND00057,2023-03-29,2023-05-13,51540.83,BRL,Paid
APINV000132,PO000170,VEND00083,2024-05-22,2024-07-06,47406.49,BRL,Paid
APINV000133,PO000171,VEND00063,2023-03-01,2023-04-15,7638.61,BRL,Paid
APINV000134,PO000173,VEND00074,2024-03-21,2024-05-05,55570.76,BRL,Paid
APINV000135,PO000175,VEND00032,2023-07-11,2023-08-25,47358.99,BRL,Open
APINV000136,PO000177,VEND00149,2024-05-29,2024-07-13,52795.72,BRL,Paid
APINV000137,PO000178,VEND00143,2024-11-16,2024-12-31,34749.37,BRL,Paid
APINV000138,PO000179,VEND00068,2024-09-01,2024-10-16,17249.43,BRL,Paid
APINV000139,PO000180,VEND00070,2024-09-01,2024-10-16,3288.17,BRL,Open
APINV000140,PO000182,VEND00085,2024-04-08,2024-05-23,41740.31,BRL,Paid
APINV000141,PO000183,VEND00119,2023-11-17,2024-01-01,55329.26,BRL,Open
APINV000142,PO000184,VEND00087,2024-12-13,2025-01-27,20934.1,BRL,Open
APINV000143,PO000185,VEND00036,2024-12-08,2025-01-22,17540.45,BRL,Paid
APINV000144,PO000188,VEND00018,2023-06-18,2023-08-02,58377.3,BRL,Paid
APINV000145,PO000189,VEND00134,2023-11-04,2023-12-19,58478.95,BRL,Paid
APINV000146,PO000190,VEND00115,2023-06-20,2023-08-04,16895.78,BRL,Paid
APINV000147,PO000191,VEND00115,2023-11-26,2024-01-10,12088.21,BRL,Paid
APINV000148,PO000194,VEND00051,2024-10-19,2024-12-03,44715.74,BRL,Open
APINV000149,PO000195,VEND00129,2023-02-14,2023-03-31,49440.03,BRL,Paid
APINV000150,PO000196,VEND00009,2024-01-04,2024-02-18,4871.4,BRL,Paid
APINV000151,PO000198,VEND00140,2024-12-11,2025-01-25,9003.34,BRL,Open
APINV000152,PO000199,VEND00146,2024-12-27,2025-02-10,11250.5,BRL,Open
APINV000153,PO000200,VEND00038,2024-01-27,2024-03-12,50381.62,BRL,Paid
APINV000154,PO000203,VEND00079,2024-12-03,2025-01-17,3983.0,BRL,Paid
APINV000155,PO000204,VEND00105,2024-08-08,2024-09-22,17164.67,BRL,Open
APINV000156,PO000205,VEND00042,2024-07-17,2024-08-31,38489.18,BRL,Paid
APINV000157,PO000207,VEND00021,2023-09-24,2023-11-08,15274.35,BRL,Paid
APINV000158,PO000208,VEND00117,2023-02-16,2023-04-02,11477.44,BRL,Open
APINV000159,PO000209,VEND00020,2024-09-19,2024-11-03,21310.69,BRL,Open
APINV000160,PO000210,VEND00128,2024-03-06,2024-04-20,45188.71,BRL,Paid
APINV000161,PO000211,VEND00010,2024-08-05,2024-09-19,2619.58,BRL,Paid
APINV000162,PO000212,VEND00022,2024-01-29,2024-03-14,51569.56,BRL,Paid
APINV000163,PO000213,VEND00143,2023-01-13,2023-02-27,16875.93,BRL,Paid
APINV000164,PO000215,VEND00041,2023-08-09,2023-09-23,52013.17,BRL,Overdue
APINV000165,PO000216,VEND00053,2024-09-10,2024-10-25,28971.74,BRL,Paid
APINV000166,PO000217,VEND00116,2024-11-28,2025-01-12,36467.38,BRL,Paid
APINV000167,PO000218,VEND00087,2023-07-14,2023-08-28,36892.29,BRL,Overdue
APINV000168,PO000220,VEND00121,2024-09-22,2024-11-06,26004.6,BRL,Paid
APINV000169,PO000221,VEND00058,2024-07-05,2024-08-19,28080.88,BRL,Paid
APINV000170,PO000222,VEND00146,2024-04-01,2024-05-16,40954.57,BRL,Open
APINV000171,PO000223,VEND00092,2023-08-05,2023-09-19,35484.74,BRL,Paid
APINV000172,PO000224,VEND00081,2024-09-14,2024-10-29,34125.97,BRL,Paid
APINV000173,PO000225,VEND00073,2024-10-16,2024-11-30,18610.08,BRL,Paid
APINV000174,PO000227,VEND00134,2023-03-02,2023-04-16,20840.74,BRL,Paid
APINV000175,PO000230,VEND00019,2024-10-12,2024-11-26,51828.0,BRL,Paid
APINV000176,PO000232,VEND00038,2023-11-09,2023-12-24,12113.24,BRL,Paid
APINV000177,PO000233,VEND00098,2024-06-15,2024-07-30,54081.54,BRL,Open
APINV000178,PO000234,VEND00124,2023-05-05,2023-06-19,39971.29,BRL,Paid
APINV000179,PO000235,VEND00043,2024-04-27,2024-06-11,39668.63,BRL,Overdue
APINV000180,PO000236,VEND00016,2024-02-27,2024-04-12,54507.78,BRL,Paid
APINV000181,PO000237,VEND00068,2023-10-31,2023-12-15,35398.4,BRL,Overdue
APINV000182,PO000239,VEND00052,2023-05-05,2023-06-19,21246.86,BRL,Paid
APINV000183,PO000241,VEND00138,2023-08-05,2023-09-19,54485.06,BRL,Paid
APINV000184,PO000242,VEND00014,2023-08-17,2023-10-01,50879.74,BRL,Open
APINV000185,PO000243,VEND00017,2024-05-31,2024-07-15,18333.26,BRL,Paid
APINV000186,PO000244,VEND00056,2023-10-01,2023-11-15,43786.01,BRL,Paid
APINV000187,PO000246,VEND00022,2024-04-07,2024-05-22,56868.48,BRL,Open
APINV000188,PO000247,VEND00111,2023-11-13,2023-12-28,14112.96,BRL,Paid
APINV000189,PO000248,VEND00062,2024-02-26,2024-04-11,25807.88,BRL,Open
APINV000190,PO000249,VEND00052,2024-08-30,2024-10-14,16372.99,BRL,Paid
APINV000191,PO000251,VEND00097,2024-10-14,2024-11-28,28761.66,BRL,Open
APINV000192,PO000252,VEND00038,2023-07-18,2023-09-01,28860.96,BRL,Paid
APINV000193,PO000253,VEND00095,2024-02-13,2024-03-29,52182.37,BRL,Paid
APINV000194,PO000255,VEND00132,2024-05-15,2024-06-29,25373.33,BRL,Open
APINV000195,PO000256,VEND00039,2024-04-27,2024-06-11,9104.55,BRL,Paid
APINV000196,PO000257,VEND00026,2025-01-03,2025-02-17,59244.3,BRL,Open
APINV000197,PO000259,VEND00088,2023-03-06,2023-04-20,9450.22,BRL,Open
APINV000198,PO000260,VEND00012,2024-02-23,2024-04-08,46957.53,BRL,Paid
APINV000199,PO000261,VEND00094,2024-05-07,2024-06-21,19491.43,BRL,Paid
APINV000200,PO000263,VEND00148,2023-07-21,2023-09-04,17138.14,BRL,Open
APINV000201,PO000264,VEND00074,2024-02-14,2024-03-30,35000.46,BRL,Paid
APINV000202,PO000266,VEND00096,2023-06-28,2023-08-12,8634.95,BRL,Paid
APINV000203,PO000267,VEND00078,2024-07-26,2024-09-09,24800.22,BRL,Overdue
APINV000204,PO000268,VEND00049,2024-05-01,2024-06-15,1275.48,BRL,Paid
APINV000205,PO000269,VEND00117,2024-09-22,2024-11-06,57054.05,BRL,Open
APINV000206,PO000270,VEND00089,2024-06-10,2024-07-25,2057.05,BRL,Paid
APINV000207,PO000271,VEND00144,2024-03-26,2024-05-10,14349.68,BRL,Open
APINV000208,PO000272,VEND00014,2023-02-08,2023-03-25,8606.92,BRL,Paid
APINV000209,PO000274,VEND00088,2024-09-12,2024-10-27,10854.19,BRL,Open
APINV000210,PO000275,VEND00036,2023-07-02,2023-08-16,56959.34,BRL,Paid
APINV000211,PO000276,VEND00136,2024-10-27,2024-12-11,26586.25,BRL,Paid
APINV000212,PO000278,VEND00072,2023-07-08,2023-08-22,21221.24,BRL,Overdue
APINV000213,PO000281,VEND00013,2023-08-03,2023-09-17,45256.82,BRL,Paid
APINV000214,PO000285,VEND00131,2025-01-10,2025-02-24,2128.36,BRL,Paid
APINV000215,PO000286,VEND00096,2024-12-18,2025-02-01,13460.22,BRL,Paid
APINV000216,PO000287,VEND00006,2023-07-02,2023-08-16,8266.56,BRL,Paid
APINV000217,PO000288,VEND00007,2023-06-30,2023-08-14,23136.35,BRL,Paid
APINV000218,PO000289,VEND00009,2024-08-09,2024-09-23,36041.52,BRL,Paid
APINV000219,PO000291,VEND00113,2023-04-06,2023-05-21,39560.49,BRL,Paid
APINV000220,PO000292,VEND00104,2024-11-20,2025-01-04,25589.76,BRL,Paid
APINV000221,PO000293,VEND00091,2024-05-25,2024-07-09,28989.38,BRL,Paid
APINV000222,PO000296,VEND00102,2024-01-18,2024-03-03,18765.87,BRL,Paid
APINV000223,PO000297,VEND00061,2024-02-27,2024-04-12,37745.07,BRL,Paid
APINV000224,PO000298,VEND00067,2023-11-15,2023-12-30,50008.51,BRL,Paid
APINV000225,PO000299,VEND00138,2023-08-13,2023-09-27,17679.7,BRL,Open
APINV000226,PO000300,VEND00051,2023-04-23,2023-06-07,12720.15,BRL,Paid
APINV000227,PO000301,VEND00137,2023-08-30,2023-10-14,50058.43,BRL,Overdue
APINV000228,PO000302,VEND00063,2023-03-21,2023-05-05,42502.77,BRL,Paid
APINV000229,PO000303,VEND00051,2024-06-22,2024-08-06,33340.19,BRL,Overdue
APINV000230,PO000304,VEND00041,2023-12-03,2024-01-17,20505.61,BRL,Paid
APINV000231,PO000305,VEND00005,2024-05-21,2024-07-05,54505.92,BRL,Open
APINV000232,PO000306,VEND00086,2024-07-14,2024-08-28,9799.53,BRL,Paid
APINV000233,PO000307,VEND00149,2024-04-20,2024-06-04,43690.25,BRL,Paid
APINV000234,PO000308,VEND00094,2024-03-26,2024-05-10,39015.87,BRL,Paid
APINV000235,PO000312,VEND00138,2024-06-19,2024-08-03,16583.38,BRL,Paid
APINV000236,PO000315,VEND00060,2023-01-16,2023-03-02,52574.29,BRL,Open
APINV000237,PO000316,VEND00148,2024-06-18,2024-08-02,48294.17,BRL,Paid
APINV000238,PO000319,VEND00072,2023-06-25,2023-08-09,6604.91,BRL,Open
APINV000239,PO000320,VEND00024,2023-03-20,2023-05-04,1570.67,BRL,Paid
APINV000240,PO000321,VEND00080,2024-09-20,2024-11-04,20390.99,BRL,Open
APINV000241,PO000322,VEND00041,2023-09-02,2023-10-17,52830.06,BRL,Paid
APINV000242,PO000323,VEND00076,2023-07-14,2023-08-28,11789.3,BRL,Paid
APINV000243,PO000324,VEND00123,2024-02-22,2024-04-07,17038.15,BRL,Paid
APINV000244,PO000325,VEND00081,2025-01-14,2025-02-28,48194.05,BRL,Paid
APINV000245,PO000326,VEND00020,2023-03-30,2023-05-14,7670.34,BRL,Paid
APINV000246,PO000328,VEND00060,2024-07-05,2024-08-19,58912.58,BRL,Open
APINV000247,PO000329,VEND00084,2023-06-30,2023-08-14,25545.64,BRL,Paid
APINV000248,PO000330,VEND00060,2023-11-22,2024-01-06,11694.37,BRL,Paid
APINV000249,PO000331,VEND00031,2024-10-10,2024-11-24,37070.15,BRL,Open
APINV000250,PO000332,VEND00112,2024-01-03,2024-02-17,29501.7,BRL,Paid
APINV000251,PO000334,VEND00035,2024-01-27,2024-03-12,27000.58,BRL,Paid
APINV000252,PO000335,VEND00064,2023-06-08,2023-07-23,1729.25,BRL,Open
APINV000253,PO000336,VEND00147,2023-06-26,2023-08-10,58695.84,BRL,Paid
APINV000254,PO000339,VEND00030,2023-09-26,2023-11-10,31626.88,BRL,Paid
APINV000255,PO000341,VEND00019,2023-01-27,2023-03-13,26538.03,BRL,Paid
APINV000256,PO000342,VEND00142,2023-09-05,2023-10-20,21399.22,BRL,Paid
APINV000257,PO000343,VEND00072,2023-12-11,2024-01-25,9770.61,BRL,Open
APINV000258,PO000345,VEND00007,2023-12-15,2024-01-29,1687.05,BRL,Overdue
APINV000259,PO000346,VEND00104,2024-01-26,2024-03-11,51260.4,BRL,Open
APINV000260,PO000348,VEND00066,2025-01-05,2025-02-19,45334.37,BRL,Paid
APINV000261,PO000349,VEND00019,2024-12-26,2025-02-09,58238.56,BRL,Paid
APINV000262,PO000350,VEND00009,2023-08-12,2023-09-26,33479.24,BRL,Paid
APINV000263,PO000351,VEND00055,2023-11-19,2024-01-03,5651.01,BRL,Paid
APINV000264,PO000352,VEND00088,2023-08-23,2023-10-07,6193.17,BRL,Paid
APINV000265,PO000353,VEND00042,2025-01-07,2025-02-21,8003.7,BRL,Paid
APINV000266,PO000354,VEND00129,2024-12-10,2025-01-24,7055.96,BRL,Paid
APINV000267,PO000356,VEND00058,2024-08-11,2024-09-25,49728.62,BRL,Open
APINV000268,PO000358,VEND00009,2023-05-07,2023-06-21,53516.54,BRL,Paid
APINV000269,PO000359,VEND00146,2024-05-24,2024-07-08,57070.95,BRL,Paid
APINV000270,PO000361,VEND00076,2024-03-19,2024-05-03,49178.73,BRL,Open
APINV000271,PO000362,VEND00053,2023-04-04,2023-05-19,34048.9,BRL,Paid
APINV000272,PO000363,VEND00045,2024-04-03,2024-05-18,43282.83,BRL,Paid
APINV000273,PO000366,VEND00043,2023-12-12,2024-01-26,7727.38,BRL,Open
APINV000274,PO000367,VEND00057,2024-07-17,2024-08-31,1129.62,BRL,Paid
APINV000275,PO000368,VEND00100,2024-01-19,2024-03-04,33313.74,BRL,Paid
APINV000276,PO000370,VEND00045,2024-05-11,2024-06-25,3700.91,BRL,Paid
APINV000277,PO000371,VEND00017,2023-06-12,2023-07-27,49488.48,BRL,Paid
APINV000278,PO000375,VEND00085,2024-05-21,2024-07-05,7310.73,BRL,Paid
APINV000279,PO000376,VEND00011,2023-08-16,2023-09-30,8124.0,BRL,Open
APINV000280,PO000377,VEND00101,2023-03-02,2023-04-16,27965.71,BRL,Open
APINV000281,PO000378,VEND00134,2023-12-21,2024-02-04,7358.18,BRL,Paid
APINV000282,PO000379,VEND00030,2024-12-06,2025-01-20,46556.57,BRL,Paid
APINV000283,PO000380,VEND00117,2024-09-26,2024-11-10,57867.43,BRL,Paid
APINV000284,PO000381,VEND00003,2023-11-19,2024-01-03,33640.35,BRL,Paid
APINV000285,PO000382,VEND00100,2023-03-31,2023-05-15,55537.88,BRL,Open
APINV000286,PO000383,VEND00135,2024-08-15,2024-09-29,41817.25,BRL,Paid
APINV000287,PO000384,VEND00140,2024-12-08,2025-01-22,7109.68,BRL,Paid
APINV000288,PO000385,VEND00119,2024-02-04,2024-03-20,30742.5,BRL,Paid
APINV000289,PO000386,VEND00012,2023-07-16,2023-08-30,17142.16,BRL,Overdue
APINV000290,PO000387,VEND00078,2023-10-27,2023-12-11,27717.9,BRL,Paid
APINV000291,PO000389,VEND00006,2024-03-23,2024-05-07,36548.94,BRL,Open
APINV000292,PO000390,VEND00065,2024-12-24,2025-02-07,50741.39,BRL,Paid
APINV000293,PO000391,VEND00030,2023-12-13,2024-01-27,43000.59,BRL,Overdue
APINV000294,PO000392,VEND00073,2023-05-20,2023-07-04,12852.46,BRL,Paid
APINV000295,PO000394,VEND00143,2024-03-10,2024-04-24,41510.07,BRL,Overdue
APINV000296,PO000395,VEND00106,2024-12-28,2025-02-11,58898.79,BRL,Paid
APINV000297,PO000396,VEND00058,2023-04-27,2023-06-11,30729.71,BRL,Paid
APINV000298,PO000397,VEND00049,2024-11-06,2024-12-21,42910.81,BRL,Open
APINV000299,PO000398,VEND00081,2024-02-08,2024-03-24,35385.57,BRL,Overdue
APINV000300,PO000399,VEND00062,2024-04-10,2024-05-25,40780.37,BRL,Open
APINV000301,PO000400,VEND00061,2024-10-08,2024-11-22,52771.16,BRL,Paid
APINV000302,PO000401,VEND00139,2024-10-16,2024-11-30,31841.07,BRL,Paid
APINV000303,PO000403,VEND00111,2023-05-03,2023-06-17,4130.83,BRL,Paid
APINV000304,PO000404,VEND00115,2023-08-17,2023-10-01,45260.92,BRL,Paid
APINV000305,PO000409,VEND00084,2024-06-05,2024-07-20,41320.03,BRL,Paid
APINV000306,PO000411,VEND00088,2023-04-27,2023-06-11,41745.1,BRL,Paid
APINV000307,PO000412,VEND00064,2024-09-16,2024-10-31,22162.26,BRL,Paid
APINV000308,PO000413,VEND00041,2023-08-19,2023-10-03,44802.35,BRL,Paid
APINV000309,PO000414,VEND00003,2024-12-11,2025-01-25,31144.42,BRL,Open
APINV000310,PO000415,VEND00035,2023-09-14,2023-10-29,41883.23,BRL,Paid
APINV000311,PO000418,VEND00130,2023-05-22,2023-07-06,23865.72,BRL,Overdue
APINV000312,PO000420,VEND00061,2023-10-19,2023-12-03,57984.16,BRL,Paid
APINV000313,PO000421,VEND00045,2024-10-27,2024-12-11,12982.15,BRL,Open
APINV000314,PO000422,VEND00052,2023-12-15,2024-01-29,49969.03,BRL,Overdue
APINV000315,PO000424,VEND00015,2023-05-04,2023-06-18,45551.35,BRL,Paid
APINV000316,PO000425,VEND00127,2023-03-23,2023-05-07,46792.66,BRL,Overdue
APINV000317,PO000426,VEND00129,2024-05-01,2024-06-15,27480.08,BRL,Overdue
APINV000318,PO000428,VEND00046,2024-07-03,2024-08-17,12031.62,BRL,Paid
APINV000319,PO000431,VEND00101,2023-07-19,2023-09-02,23254.7,BRL,Paid
APINV000320,PO000432,VEND00012,2024-09-13,2024-10-28,8673.93,BRL,Paid
APINV000321,PO000433,VEND00008,2023-06-13,2023-07-28,1333.06,BRL,Paid
APINV000322,PO000434,VEND00073,2024-11-19,2025-01-03,3356.49,BRL,Overdue
APINV000323,PO000435,VEND00146,2024-03-02,2024-04-16,46646.0,BRL,Paid
APINV000324,PO000436,VEND00012,2024-02-19,2024-04-04,29942.51,BRL,Paid
APINV000325,PO000437,VEND00016,2023-01-25,2023-03-11,5299.97,BRL,Paid
APINV000326,PO000440,VEND00142,2023-02-14,2023-03-31,57462.28,BRL,Paid
APINV000327,PO000441,VEND00065,2024-08-10,2024-09-24,25539.94,BRL,Paid
APINV000328,PO000443,VEND00109,2023-11-24,2024-01-08,21614.77,BRL,Open
APINV000329,PO000444,VEND00047,2024-10-12,2024-11-26,20532.93,BRL,Paid
APINV000330,PO000445,VEND00134,2023-11-14,2023-12-29,59801.23,BRL,Open
APINV000331,PO000446,VEND00122,2024-05-16,2024-06-30,7768.6,BRL,Paid
APINV000332,PO000447,VEND00131,2023-09-23,2023-11-07,54365.29,BRL,Paid
APINV000333,PO000448,VEND00074,2024-11-16,2024-12-31,57574.91,BRL,Paid
APINV000334,PO000449,VEND00143,2023-11-08,2023-12-23,23500.98,BRL,Open
APINV000335,PO000450,VEND00085,2024-12-23,2025-02-06,23766.68,BRL,Paid
APINV000336,PO000453,VEND00130,2023-10-27,2023-12-11,2457.64,BRL,Paid
APINV000337,PO000458,VEND00093,2023-10-02,2023-11-16,31344.23,BRL,Paid
APINV000338,PO000459,VEND00023,2024-01-04,2024-02-18,3587.25,BRL,Open
APINV000339,PO000460,VEND00005,2024-10-13,2024-11-27,19898.45,BRL,Paid
APINV000340,PO000461,VEND00120,2023-05-09,2023-06-23,10876.29,BRL,Overdue
APINV000341,PO000462,VEND00097,2024-02-09,2024-03-25,37989.05,BRL,Paid
APINV000342,PO000463,VEND00118,2024-02-24,2024-04-09,52032.1,BRL,Paid
APINV000343,PO000466,VEND00023,2024-05-12,2024-06-26,13129.19,BRL,Open
APINV000344,PO000467,VEND00131,2024-08-06,2024-09-20,39147.11,BRL,Overdue
APINV000345,PO000468,VEND00079,2023-12-27,2024-02-10,2401.42,BRL,Paid
APINV000346,PO000469,VEND00033,2024-07-09,2024-08-23,6163.73,BRL,Paid
APINV000347,PO000470,VEND00035,2024-04-07,2024-05-22,33926.97,BRL,Paid
APINV000348,PO000471,VEND00042,2024-09-24,2024-11-08,54748.21,BRL,Paid
APINV000349,PO000472,VEND00109,2023-12-12,2024-01-26,38182.82,BRL,Paid
APINV000350,PO000473,VEND00053,2023-09-03,2023-10-18,23980.61,BRL,Paid
APINV000351,PO000474,VEND00009,2024-02-03,2024-03-19,38843.94,BRL,Paid
APINV000352,PO000475,VEND00086,2023-02-08,2023-03-25,42352.04,BRL,Paid
APINV000353,PO000476,VEND00092,2023-03-08,2023-04-22,18100.36,BRL,Paid
APINV000354,PO000479,VEND00086,2024-10-22,2024-12-06,17609.53,BRL,Overdue
APINV000355,PO000480,VEND00017,2024-04-13,2024-05-28,24311.68,BRL,Paid
APINV000356,PO000481,VEND00102,2023-07-28,2023-09-11,10223.08,BRL,Paid
APINV000357,PO000482,VEND00088,2024-07-24,2024-09-07,48009.46,BRL,Open
APINV000358,PO000483,VEND00025,2024-09-27,2024-11-11,57647.92,BRL,Paid
APINV000359,PO000484,VEND00106,2024-10-01,2024-11-15,57486.11,BRL,Paid
APINV000360,PO000487,VEND00138,2024-04-05,2024-05-20,8270.87,BRL,Paid
APINV000361,PO000488,VEND00017,2023-09-11,2023-10-26,32691.97,BRL,Overdue
APINV000362,PO000489,VEND00094,2024-07-18,2024-09-01,13393.12,BRL,Paid
APINV000363,PO000490,VEND00069,2024-08-28,2024-10-12,13492.48,BRL,Overdue
APINV000364,PO000491,VEND00100,2024-03-13,2024-04-27,10496.31,BRL,Paid
APINV000365,PO000492,VEND00055,2024-02-29,2024-04-14,12465.25,BRL,Paid
APINV000366,PO000493,VEND00006,2023-03-23,2023-05-07,51231.88,BRL,Overdue
APINV000367,PO000494,VEND00004,2023-06-24,2023-08-08,39035.8,BRL,Paid
APINV000368,PO000495,VEND00117,2023-12-04,2024-01-18,15790.57,BRL,Paid
APINV000369,PO000496,VEND00018,2024-07-05,2024-08-19,57140.85,BRL,Paid
APINV000370,PO000497,VEND00150,2023-04-21,2023-06-05,6902.66,BRL,Paid
APINV000371,PO000498,VEND00090,2024-04-20,2024-06-04,19749.37,BRL,Paid
APINV000372,PO000500,VEND00020,2023-04-05,2023-05-20,41914.03,BRL,Paid
APINV000373,PO000501,VEND00112,2024-04-25,2024-06-09,48654.29,BRL,Overdue
APINV000374,PO000502,VEND00056,2023-05-31,2023-07-15,1285.08,BRL,Paid
APINV000375,PO000503,VEND00081,2024-06-04,2024-07-19,43019.75,BRL,Paid
APINV000376,PO000505,VEND00043,2024-05-23,2024-07-07,50566.49,BRL,Paid
APINV000377,PO000506,VEND00063,2024-10-22,2024-12-06,52795.26,BRL,Paid
APINV000378,PO000507,VEND00027,2023-07-16,2023-08-30,46711.25,BRL,Paid
APINV000379,PO000508,VEND00106,2023-02-07,2023-03-24,11370.44,BRL,Paid
APINV000380,PO000509,VEND00128,2023-12-27,2024-02-10,51664.11,BRL,Paid
APINV000381,PO000512,VEND00015,2023-06-21,2023-08-05,16530.84,BRL,Open
APINV000382,PO000513,VEND00102,2024-06-04,2024-07-19,43918.1,BRL,Open
APINV000383,PO000514,VEND00103,2023-10-09,2023-11-23,48945.9,BRL,Paid
APINV000384,PO000515,VEND00128,2023-04-19,2023-06-03,54471.91,BRL,Paid
APINV000385,PO000516,VEND00002,2024-02-10,2024-03-26,39580.58,BRL,Paid
APINV000386,PO000517,VEND00068,2025-01-06,2025-02-20,14175.09,BRL,Open
APINV000387,PO000518,VEND00008,2024-07-27,2024-09-10,8898.99,BRL,Paid
APINV000388,PO000519,VEND00096,2023-06-04,2023-07-19,24410.32,BRL,Paid
APINV000389,PO000520,VEND00136,2024-02-29,2024-04-14,51030.93,BRL,Open
APINV000390,PO000521,VEND00029,2023-12-06,2024-01-20,45675.16,BRL,Paid
APINV000391,PO000522,VEND00119,2024-03-21,2024-05-05,11569.57,BRL,Overdue
APINV000392,PO000523,VEND00060,2023-07-03,2023-08-17,44419.27,BRL,Paid
APINV000393,PO000524,VEND00134,2023-11-10,2023-12-25,3384.77,BRL,Open
APINV000394,PO000525,VEND00082,2024-04-30,2024-06-14,4708.81,BRL,Paid
APINV000395,PO000526,VEND00012,2023-11-22,2024-01-06,40446.55,BRL,Paid
APINV000396,PO000527,VEND00050,2024-10-17,2024-12-01,23897.49,BRL,Overdue
APINV000397,PO000528,VEND00019,2023-07-23,2023-09-06,3354.38,BRL,Paid
APINV000398,PO000529,VEND00149,2023-04-24,2023-06-08,42520.44,BRL,Paid
APINV000399,PO000530,VEND00136,2023-08-16,2023-09-30,50257.46,BRL,Paid
APINV000400,PO000531,VEND00056,2023-06-28,2023-08-12,23222.91,BRL,Paid
APINV000401,PO000532,VEND00052,2024-11-18,2025-01-02,31483.11,BRL,Paid
APINV000402,PO000535,VEND00116,2024-03-22,2024-05-06,31465.94,BRL,Paid
APINV000403,PO000537,VEND00027,2023-10-24,2023-12-08,29724.83,BRL,Paid
APINV000404,PO000538,VEND00106,2023-03-31,2023-05-15,30608.38,BRL,Paid
APINV000405,PO000539,VEND00064,2024-07-21,2024-09-04,14569.46,BRL,Paid
APINV000406,PO000540,VEND00064,2024-09-05,2024-10-20,13479.51,BRL,Paid
APINV000407,PO000541,VEND00085,2023-04-12,2023-05-27,36519.2,BRL,Open
APINV000408,PO000542,VEND00118,2024-10-24,2024-12-08,25462.21,BRL,Paid
APINV000409,PO000543,VEND00097,2024-08-12,2024-09-26,29409.48,BRL,Paid
APINV000410,PO000544,VEND00023,2023-07-21,2023-09-04,35856.66,BRL,Paid
APINV000411,PO000545,VEND00121,2025-01-10,2025-02-24,2324.32,BRL,Paid
APINV000412,PO000546,VEND00127,2023-04-15,2023-05-30,8948.72,BRL,Paid
APINV000413,PO000547,VEND00003,2023-12-26,2024-02-09,4298.81,BRL,Paid
APINV000414,PO000548,VEND00080,2024-11-15,2024-12-30,31481.8,BRL,Paid
APINV000415,PO000549,VEND00111,2024-03-12,2024-04-26,52832.03,BRL,Paid
APINV000416,PO000550,VEND00130,2024-09-13,2024-10-28,56887.98,BRL,Paid
APINV000417,PO000551,VEND00026,2024-03-27,2024-05-11,52170.84,BRL,Paid
APINV000418,PO000552,VEND00028,2023-06-01,2023-07-16,36449.48,BRL,Open
APINV000419,PO000553,VEND00087,2024-02-20,2024-04-05,37769.49,BRL,Paid
APINV000420,PO000554,VEND00145,2023-07-19,2023-09-02,43727.02,BRL,Paid
APINV000421,PO000555,VEND00142,2024-05-22,2024-07-06,36195.47,BRL,Paid
APINV000422,PO000556,VEND00040,2024-12-02,2025-01-16,23742.25,BRL,Paid
APINV000423,PO000557,VEND00072,2024-09-14,2024-10-29,31839.97,BRL,Overdue
APINV000424,PO000558,VEND00082,2024-10-03,2024-11-17,49764.34,BRL,Paid
APINV000425,PO000559,VEND00053,2024-11-02,2024-12-17,29076.28,BRL,Paid
APINV000426,PO000560,VEND00041,2024-02-07,2024-03-23,52787.41,BRL,Paid
APINV000427,PO000561,VEND00027,2024-12-11,2025-01-25,6498.21,BRL,Paid
APINV000428,PO000562,VEND00100,2023-11-12,2023-12-27,53921.17,BRL,Open
APINV000429,PO000563,VEND00052,2023-01-26,2023-03-12,31800.61,BRL,Paid
APINV000430,PO000564,VEND00009,2024-03-17,2024-05-01,42160.93,BRL,Paid
APINV000431,PO000566,VEND00079,2023-10-29,2023-12-13,47583.78,BRL,Paid
APINV000432,PO000568,VEND00043,2024-03-16,2024-04-30,26103.87,BRL,Paid
APINV000433,PO000569,VEND00107,2023-05-12,2023-06-26,54695.04,BRL,Paid
APINV000434,PO000570,VEND00041,2023-01-24,2023-03-10,16210.49,BRL,Paid
APINV000435,PO000571,VEND00018,2024-09-10,2024-10-25,35101.24,BRL,Paid
APINV000436,PO000572,VEND00103,2024-04-05,2024-05-20,23126.76,BRL,Paid
APINV000437,PO000573,VEND00121,2023-12-04,2024-01-18,25121.86,BRL,Paid
APINV000438,PO000575,VEND00050,2024-02-28,2024-04-13,39442.98,BRL,Paid
APINV000439,PO000576,VEND00089,2024-01-14,2024-02-28,34315.54,BRL,Paid
APINV000440,PO000577,VEND00072,2023-07-18,2023-09-01,45543.34,BRL,Paid
APINV000441,PO000578,VEND00034,2024-02-17,2024-04-02,11544.46,BRL,Paid
APINV000442,PO000579,VEND00012,2023-12-19,2024-02-02,15972.88,BRL,Paid
APINV000443,PO000580,VEND00139,2024-09-23,2024-11-07,46677.47,BRL,Paid
APINV000444,PO000582,VEND00018,2023-02-12,2023-03-29,51444.94,BRL,Paid
APINV000445,PO000583,VEND00077,2024-04-06,2024-05-21,27349.1,BRL,Paid
APINV000446,PO000584,VEND00120,2024-01-21,2024-03-06,6916.44,BRL,Paid
APINV000447,PO000585,VEND00014,2023-09-23,2023-11-07,48250.37,BRL,Paid
APINV000448,PO000586,VEND00045,2025-01-06,2025-02-20,10483.54,BRL,Overdue
APINV000449,PO000587,VEND00022,2024-08-25,2024-10-09,48457.79,BRL,Open
APINV000450,PO000588,VEND00132,2023-07-19,2023-09-02,55625.85,BRL,Paid
APINV000451,PO000589,VEND00008,2024-01-08,2024-02-22,16522.43,BRL,Paid
APINV000452,PO000590,VEND00106,2024-04-08,2024-05-23,43745.19,BRL,Overdue
APINV000453,PO000591,VEND00146,2024-12-24,2025-02-07,37223.97,BRL,Paid
APINV000454,PO000592,VEND00047,2023-07-20,2023-09-03,56797.24,BRL,Open
APINV000455,PO000593,VEND00024,2023-09-11,2023-10-26,26899.35,BRL,Paid
APINV000456,PO000595,VEND00042,2024-10-05,2024-11-19,12490.04,BRL,Open
APINV000457,PO000596,VEND00041,2024-06-15,2024-07-30,37296.21,BRL,Paid
APINV000458,PO000597,VEND00045,2023-07-22,2023-09-05,15116.14,BRL,Paid
APINV000459,PO000598,VEND00084,2023-12-27,2024-02-10,6123.73,BRL,Paid
APINV000460,PO000599,VEND00147,2023-06-27,2023-08-11,21834.53,BRL,Paid
