posting_id,cost_center,gl_account,fiscal_year,period,amount,posting_date
COP000001,CC0009,400000,2024,10,1738.03,2024-10-16
COP000002,CC0014,410000,2023,10,11548.93,2023-10-09
COP000003,CC0016,440000,2023,4,4803.47,2023-04-15
COP000004,CC0025,400000,2024,3,1974.96,2024-03-08
COP000005,CC0019,410000,2023,8,25515.09,2023-08-12
COP000006,CC0011,440000,2023,1,10342.46,2023-01-28
COP000007,CC0008,440000,2024,10,21266.23,2024-10-27
COP000008,CC0017,440000,2024,4,14270.44,2024-04-04
COP000009,CC0019,410000,2023,1,35057.9,2023-01-07
COP000010,CC0010,420000,2023,12,8196.24,2023-12-15
COP000011,CC0012,400000,2023,12,5090.92,2023-12-11
COP000012,CC0019,420000,2023,4,42450.97,2023-04-10
COP000013,CC0015,420000,2024,9,40452.85,2024-09-10
COP000014,CC0023,440000,2024,4,6678.9,2024-04-15
COP000015,CC0002,400000,2024,1,27826.01,2024-01-23
COP000016,CC0004,440000,2024,10,44329.86,2024-10-05
COP000017,CC0005,440000,2024,1,10018.29,2024-01-06
COP000018,CC0019,400000,2023,3,33232.53,2023-03-13
COP000019,CC0022,400000,2023,10,42838.23,2023-10-24
COP000020,CC0009,430000,2023,4,14259.69,2023-04-14
COP000021,CC0016,420000,2024,10,8551.38,2024-10-12
COP000022,CC0018,410000,2023,12,33673.67,2023-12-30
COP000023,CC0017,400000,2024,12,30651.98,2024-12-19
COP000024,CC0002,440000,2023,6,36591.78,2023-06-25
COP000025,CC0008,430000,2023,6,19283.04,2023-06-17
COP000026,CC0023,440000,2024,10,11370.95,2024-10-17
COP000027,CC0015,400000,2023,11,11837.88,2023-11-29
COP000028,CC0018,420000,2023,2,20357.66,2023-02-02
COP000029,CC0024,410000,2023,3,45700.24,2023-03-09
COP000030,CC0008,420000,2024,8,11025.01,2024-08-03
COP000031,CC0004,430000,2024,5,44291.82,2024-05-26
COP000032,CC0008,430000,2024,10,7572.14,2024-10-20
COP000033,CC0021,410000,2023,5,37376.95,2023-05-23
COP000034,CC0003,420000,2024,7,37477.18,2024-07-05
COP000035,CC0018,440000,2024,3,20270.33,2024-03-14
COP000036,CC0013,410000,2023,8,25721.55,2023-08-13
COP000037,CC0025,400000,2023,4,43124.59,2023-04-04
COP000038,CC0016,410000,2023,6,39707.93,2023-06-06
COP000039,CC0014,440000,2024,3,3644.62,2024-03-08
COP000040,CC0001,440000,2024,1,49808.01,2024-01-26
COP000041,CC0020,420000,2024,6,48568.38,2024-06-25
COP000042,CC0019,400000,2023,1,34244.66,2023-01-12
COP000043,CC0013,420000,2024,7,38545.64,2024-07-03
COP000044,CC0017,400000,2023,12,15028.26,2023-12-15
COP000045,CC0009,430000,2023,6,660.64,2023-06-11
COP000046,CC0009,440000,2023,9,38217.13,2023-09-27
COP000047,CC0017,400000,2024,6,43590.67,2024-06-03
COP000048,CC0020,440000,2023,11,30644.03,2023-11-02
COP000049,CC0013,420000,2023,6,38244.28,2023-06-06
COP000050,CC0014,440000,2024,7,45965.43,2024-07-06
COP000051,CC0023,420000,2024,9,24685.98,2024-09-05
COP000052,CC0011,420000,2023,4,43996.73,2023-04-25
COP000053,CC0004,410000,2023,11,3367.3,2023-11-11
COP000054,CC0019,400000,2024,8,4739.85,2024-08-03
COP000055,CC0013,400000,2024,5,48910.23,2024-05-12
COP000056,CC0011,410000,2024,6,6855.38,2024-06-29
COP000057,CC0021,440000,2024,5,8673.78,2024-05-01
COP000058,CC0024,440000,2024,6,21445.33,2024-06-24
COP000059,CC0018,440000,2023,8,37885.63,2023-08-05
COP000060,CC0016,410000,2024,12,35790.97,2024-12-07
COP000061,CC0011,420000,2024,2,22185.95,2024-02-13
COP000062,CC0001,430000,2024,6,6489.71,2024-06-13
COP000063,CC0015,400000,2023,8,17235.24,2023-08-19
COP000064,CC0022,440000,2024,8,11890.68,2024-08-25
COP000065,CC0021,400000,2023,8,4014.16,2023-08-14
COP000066,CC0019,400000,2024,10,11832.62,2024-10-08
COP000067,CC0021,420000,2023,2,4007.44,2023-02-02
COP000068,CC0012,420000,2023,9,33614.4,2023-09-01
COP000069,CC0022,440000,2023,8,7049.44,2023-08-08
COP000070,CC0024,440000,2024,8,23897.22,2024-08-07
COP000071,CC0016,430000,2024,4,9925.29,2024-04-29
COP000072,CC0019,430000,2023,4,18037.73,2023-04-10
COP000073,CC0011,430000,2024,2,43259.92,2024-02-25
COP000074,CC0017,400000,2023,2,3500.33,2023-02-25
COP000075,CC0007,400000,2023,12,12808.49,2023-12-14
COP000076,CC0020,440000,2023,7,22706.37,2023-07-14
COP000077,CC0021,410000,2024,3,14287.98,2024-03-08
COP000078,CC0020,400000,2023,9,22434.97,2023-09-13
COP000079,CC0017,400000,2024,7,3004.12,2024-07-17
COP000080,CC0014,400000,2024,7,48465.31,2024-07-07
COP000081,CC0024,410000,2023,8,20617.5,2023-08-31
COP000082,CC0008,410000,2024,5,43300.19,2024-05-07
COP000083,CC0001,410000,2023,3,19259.17,2023-03-02
COP000084,CC0023,420000,2024,2,46362.64,2024-02-04
COP000085,CC0013,420000,2024,4,21438.87,2024-04-10
COP000086,CC0002,430000,2024,7,8162.44,2024-07-23
COP000087,CC0016,410000,2023,10,48451.11,2023-10-31
COP000088,CC0017,440000,2024,8,3517.4,2024-08-16
COP000089,CC0016,400000,2023,11,2982.05,2023-11-18
COP000090,CC0024,440000,2024,5,46009.66,2024-05-03
COP000091,CC0012,410000,2024,6,3315.54,2024-06-27
COP000092,CC0019,400000,2024,6,42641.46,2024-06-04
COP000093,CC0013,440000,2023,3,3864.06,2023-03-12
COP000094,CC0012,430000,2023,8,6434.39,2023-08-29
COP000095,CC0014,410000,2024,8,29156.49,2024-08-06
COP000096,CC0014,440000,2023,2,4558.18,2023-02-10
COP000097,CC0008,440000,2024,11,28478.73,2024-11-04
COP000098,CC0025,420000,2023,11,10610.83,2023-11-20
COP000099,CC0017,410000,2023,11,13647.92,2023-11-18
COP000100,CC0005,420000,2023,5,23132.62,2023-05-15
COP000101,CC0011,400000,2023,3,23185.13,2023-03-16
COP000102,CC0017,400000,2024,7,4126.41,2024-07-30
COP000103,CC0025,440000,2023,8,13627.42,2023-08-07
COP000104,CC0013,400000,2023,12,44023.88,2023-12-24
COP000105,CC0010,420000,2024,1,8308.47,2024-01-14
COP000106,CC0004,420000,2024,7,30778.05,2024-07-10
COP000107,CC0022,440000,2024,10,887.24,2024-10-31
COP000108,CC0004,420000,2024,7,46621.92,2024-07-21
COP000109,CC0012,410000,2023,4,13591.06,2023-04-17
COP000110,CC0023,440000,2023,4,8194.67,2023-04-20
COP000111,CC0006,440000,2023,10,10926.17,2023-10-16
COP000112,CC0024,410000,2023,12,34531.11,2023-12-18
COP000113,CC0015,440000,2023,9,24682.33,2023-09-28
COP000114,CC0024,400000,2023,2,31897.08,2023-02-22
COP000115,CC0010,400000,2023,10,675.51,2023-10-11
COP000116,CC0013,420000,2023,5,8498.31,2023-05-14
COP000117,CC0019,440000,2024,3,35430.54,2024-03-28
COP000118,CC0011,400000,2024,7,6037.76,2024-07-28
COP000119,CC0009,410000,2024,12,27506.72,2024-12-08
COP000120,CC0010,440000,2024,1,27849.99,2024-01-14
COP000121,CC0024,410000,2024,3,2570.53,2024-03-16
COP000122,CC0016,400000,2024,1,44996.77,2024-01-09
COP000123,CC0025,410000,2023,8,33513.2,2023-08-04
COP000124,CC0015,440000,2023,12,44264.67,2023-12-29
COP000125,CC0006,440000,2024,2,37599.14,2024-02-21
COP000126,CC0005,410000,2023,8,48822.2,2023-08-31
COP000127,CC0020,430000,2023,7,1726.92,2023-07-01
COP000128,CC0005,430000,2023,12,40210.64,2023-12-07
COP000129,CC0023,420000,2023,9,8380.29,2023-09-12
COP000130,CC0009,400000,2024,12,19435.82,2024-12-19
COP000131,CC0024,430000,2023,2,11510.47,2023-02-09
COP000132,CC0001,420000,2024,4,15606.95,2024-04-16
COP000133,CC0008,410000,2023,8,1671.39,2023-08-22
COP000134,CC0013,430000,2023,7,16748.97,2023-07-17
COP000135,CC0019,420000,2023,3,17881.73,2023-03-13
COP000136,CC0025,430000,2024,6,34136.15,2024-06-05
COP000137,CC0007,420000,2024,7,46992.24,2024-07-03
COP000138,CC0015,420000,2023,4,9339.11,2023-04-29
COP000139,CC0018,400000,2023,9,5865.93,2023-09-29
COP000140,CC0021,420000,2024,3,36562.98,2024-03-20
COP000141,CC0005,430000,2023,11,30507.34,2023-11-18
COP000142,CC0004,400000,2024,6,19567.17,2024-06-07
COP000143,CC0016,410000,2024,8,13108.76,2024-08-13
COP000144,CC0011,430000,2024,12,583.72,2024-12-26
COP000145,CC0005,410000,2024,7,18528.96,2024-07-05
COP000146,CC0020,420000,2023,3,31346.19,2023-03-13
COP000147,CC0019,400000,2024,11,36127.84,2024-11-10
COP000148,CC0014,440000,2023,11,15809.59,2023-11-04
COP000149,CC0024,420000,2024,2,20418.82,2024-02-23
COP000150,CC0020,440000,2023,10,6800.75,2023-10-30
COP000151,CC0025,430000,2024,3,34027.24,2024-03-06
COP000152,CC0024,440000,2023,6,28670.71,2023-06-28
COP000153,CC0016,440000,2024,2,41769.4,2024-02-20
COP000154,CC0012,420000,2023,11,10904.04,2023-11-08
COP000155,CC0010,440000,2024,8,32907.93,2024-08-16
COP000156,CC0013,430000,2024,4,22386.91,2024-04-21
COP000157,CC0019,440000,2023,8,23922.72,2023-08-07
COP000158,CC0004,400000,2023,6,14547.43,2023-06-23
COP000159,CC0023,440000,2024,11,17091.82,2024-11-10
COP000160,CC0005,420000,2023,8,11619.71,2023-08-29
COP000161,CC0018,410000,2023,7,1709.06,2023-07-23
COP000162,CC0006,430000,2023,9,30758.06,2023-09-08
COP000163,CC0018,430000,2023,3,21014.83,2023-03-16
COP000164,CC0023,440000,2024,10,10124.54,2024-10-06
COP000165,CC0019,430000,2024,12,24971.67,2024-12-14
COP000166,CC0025,410000,2023,9,32974.87,2023-09-07
COP000167,CC0006,400000,2023,1,39031.81,2023-01-06
COP000168,CC0006,410000,2023,8,40303.44,2023-08-13
COP000169,CC0002,440000,2024,12,23495.22,2024-12-13
COP000170,CC0023,410000,2024,7,45914.77,2024-07-24
COP000171,CC0018,430000,2023,5,7100.29,2023-05-05
COP000172,CC0014,440000,2024,4,49400.68,2024-04-20
COP000173,CC0021,420000,2024,9,47526.96,2024-09-01
COP000174,CC0017,440000,2024,3,40842.82,2024-03-29
COP000175,CC0011,430000,2024,5,41613.17,2024-05-31
COP000176,CC0001,430000,2024,7,44911.8,2024-07-15
COP000177,CC0002,430000,2024,5,13329.98,2024-05-01
COP000178,CC0022,420000,2023,9,38407.78,2023-09-11
COP000179,CC0018,430000,2024,6,31524.05,2024-06-17
COP000180,CC0014,430000,2023,10,4335.43,2023-10-09
COP000181,CC0020,410000,2023,10,13949.9,2023-10-20
COP000182,CC0005,440000,2023,11,4488.59,2023-11-24
COP000183,CC0020,410000,2023,6,19460.25,2023-06-04
COP000184,CC0009,410000,2023,6,3679.33,2023-06-06
COP000185,CC0007,420000,2024,2,27359.25,2024-02-22
COP000186,CC0016,400000,2024,3,10738.3,2024-03-01
COP000187,CC0001,430000,2024,3,45289.5,2024-03-06
COP000188,CC0007,400000,2024,8,42908.24,2024-08-21
COP000189,CC0005,430000,2024,8,24110.5,2024-08-12
COP000190,CC0012,420000,2023,12,37797.02,2023-12-27
COP000191,CC0022,440000,2024,3,37502.03,2024-03-05
COP000192,CC0005,440000,2024,7,44941.66,2024-07-13
COP000193,CC0016,410000,2024,5,14010.3,2024-05-14
COP000194,CC0010,400000,2024,5,19748.43,2024-05-12
COP000195,CC0006,430000,2024,11,36346.98,2024-11-15
COP000196,CC0015,410000,2024,4,49045.74,2024-04-23
COP000197,CC0025,400000,2024,6,45392.98,2024-06-30
COP000198,CC0013,440000,2024,8,33318.49,2024-08-29
COP000199,CC0018,430000,2023,3,7217.12,2023-03-27
COP000200,CC0004,410000,2024,4,2989.09,2024-04-17
COP000201,CC0008,420000,2024,1,10977.18,2024-01-24
COP000202,CC0018,420000,2023,12,38180.87,2023-12-01
COP000203,CC0024,420000,2024,1,37724.49,2024-01-24
COP000204,CC0023,420000,2024,3,41828.09,2024-03-07
COP000205,CC0020,400000,2024,4,37576.7,2024-04-26
COP000206,CC0020,420000,2023,2,11599.0,2023-02-23
COP000207,CC0022,400000,2023,3,37834.54,2023-03-12
COP000208,CC0002,410000,2023,9,42041.83,2023-09-11
COP000209,CC0007,410000,2024,9,12307.97,2024-09-28
COP000210,CC0013,400000,2024,4,28416.49,2024-04-29
COP000211,CC0019,430000,2023,8,35123.52,2023-08-12
COP000212,CC0007,410000,2024,1,30491.69,2024-01-13
COP000213,CC0014,410000,2023,4,48253.68,2023-04-28
COP000214,CC0016,440000,2023,4,1771.08,2023-04-21
COP000215,CC0014,440000,2023,11,34028.69,2023-11-16
COP000216,CC0019,430000,2024,1,47102.79,2024-01-20
COP000217,CC0006,400000,2023,7,29808.84,2023-07-23
COP000218,CC0014,410000,2024,10,5544.11,2024-10-04
COP000219,CC0010,440000,2023,11,40373.63,2023-11-05
COP000220,CC0016,400000,2024,8,17686.59,2024-08-02
COP000221,CC0003,420000,2024,3,3913.36,2024-03-14
COP000222,CC0002,420000,2024,10,1126.28,2024-10-25
COP000223,CC0006,430000,2024,3,5724.17,2024-03-06
COP000224,CC0016,430000,2024,1,35511.78,2024-01-06
COP000225,CC0016,410000,2024,3,36822.87,2024-03-21
COP000226,CC0022,420000,2024,10,30987.66,2024-10-28
COP000227,CC0012,430000,2024,7,23511.25,2024-07-05
COP000228,CC0007,420000,2024,8,16454.08,2024-08-29
COP000229,CC0008,400000,2023,9,14306.95,2023-09-09
COP000230,CC0016,410000,2024,4,37648.58,2024-04-06
COP000231,CC0016,440000,2024,8,33575.33,2024-08-06
COP000232,CC0007,400000,2023,12,24968.17,2023-12-11
COP000233,CC0008,410000,2023,11,24633.72,2023-11-29
COP000234,CC0020,420000,2023,12,17346.77,2023-12-30
COP000235,CC0001,420000,2024,9,28011.66,2024-09-02
COP000236,CC0017,410000,2024,6,4737.84,2024-06-13
COP000237,CC0007,430000,2024,2,27981.22,2024-02-21
COP000238,CC0006,430000,2023,9,32472.19,2023-09-04
COP000239,CC0012,430000,2024,5,39750.18,2024-05-17
COP000240,CC0013,420000,2023,4,11469.02,2023-04-06
COP000241,CC0006,410000,2024,12,15657.2,2024-12-09
COP000242,CC0008,420000,2024,8,23926.39,2024-08-18
COP000243,CC0015,420000,2024,6,21562.44,2024-06-27
COP000244,CC0003,420000,2024,7,17914.62,2024-07-17
COP000245,CC0006,420000,2024,4,15677.84,2024-04-09
COP000246,CC0020,400000,2023,8,36203.57,2023-08-25
COP000247,CC0003,400000,2023,11,37272.61,2023-11-20
COP000248,CC0018,410000,2024,12,9981.28,2024-12-07
COP000249,CC0003,420000,2024,5,36366.96,2024-05-10
COP000250,CC0002,440000,2024,6,14508.44,2024-06-21
COP000251,CC0019,410000,2023,4,15164.2,2023-04-13
COP000252,CC0012,410000,2024,1,15462.25,2024-01-05
COP000253,CC0023,440000,2024,12,6765.86,2024-12-26
COP000254,CC0001,400000,2023,2,27891.27,2023-02-16
COP000255,CC0014,410000,2024,12,32074.55,2024-12-15
COP000256,CC0002,400000,2024,5,43699.63,2024-05-17
COP000257,CC0016,420000,2024,8,23735.15,2024-08-10
COP000258,CC0024,420000,2024,3,9626.0,2024-03-27
COP000259,CC0003,420000,2023,2,47082.65,2023-02-22
COP000260,CC0010,400000,2024,5,41194.72,2024-05-04
COP000261,CC0013,430000,2024,2,4167.07,2024-02-15
COP000262,CC0002,400000,2024,10,8010.49,2024-10-06
COP000263,CC0009,420000,2024,7,4716.45,2024-07-30
COP000264,CC0025,400000,2023,9,28124.62,2023-09-12
COP000265,CC0009,440000,2024,3,30008.28,2024-03-02
COP000266,CC0020,410000,2024,9,38896.83,2024-09-25
COP000267,CC0020,430000,2024,1,45470.97,2024-01-25
COP000268,CC0025,440000,2023,11,49506.55,2023-11-01
COP000269,CC0014,440000,2023,11,31240.85,2023-11-09
COP000270,CC0020,400000,2024,9,47405.71,2024-09-16
COP000271,CC0010,410000,2023,8,13599.98,2023-08-01
COP000272,CC0025,410000,2023,3,12373.33,2023-03-25
COP000273,CC0004,400000,2024,7,8248.36,2024-07-19
COP000274,CC0018,430000,2024,2,34623.87,2024-02-23
COP000275,CC0022,420000,2024,4,2115.67,2024-04-26
COP000276,CC0018,420000,2023,10,35297.88,2023-10-23
COP000277,CC0019,400000,2024,4,34525.55,2024-04-09
COP000278,CC0001,440000,2023,9,33228.56,2023-09-28
COP000279,CC0024,430000,2023,7,6181.43,2023-07-22
COP000280,CC0009,410000,2023,8,45466.37,2023-08-19
COP000281,CC0021,400000,2023,5,3452.08,2023-05-26
COP000282,CC0014,440000,2023,11,37573.41,2023-11-11
COP000283,CC0025,420000,2024,8,22238.1,2024-08-05
COP000284,CC0014,420000,2024,4,35136.82,2024-04-24
COP000285,CC0024,440000,2023,10,27229.09,2023-10-06
COP000286,CC0011,400000,2024,3,30102.81,2024-03-24
COP000287,CC0020,420000,2024,3,30383.83,2024-03-18
COP000288,CC0009,400000,2023,1,11831.76,2023-01-27
COP000289,CC0015,440000,2024,11,29562.59,2024-11-21
COP000290,CC0022,420000,2023,1,29024.23,2023-01-22
COP000291,CC0010,430000,2023,6,26188.71,2023-06-29
COP000292,CC0017,420000,2024,3,9483.71,2024-03-28
COP000293,CC0003,430000,2024,8,31921.84,2024-08-22
COP000294,CC0016,400000,2024,5,23765.51,2024-05-18
COP000295,CC0005,420000,2024,2,16392.38,2024-02-23
COP000296,CC0006,410000,2023,4,16825.28,2023-04-18
COP000297,CC0003,430000,2024,12,14766.78,2024-12-11
COP000298,CC0012,440000,2024,2,2316.51,2024-02-15
COP000299,CC0017,420000,2023,4,12993.74,2023-04-01
COP000300,CC0016,430000,2023,4,43313.07,2023-04-29
COP000301,CC0009,440000,2023,1,23367.83,2023-01-02
COP000302,CC0019,410000,2023,2,26162.75,2023-02-25
COP000303,CC0001,430000,2024,9,31457.73,2024-09-29
COP000304,CC0002,410000,2023,2,13719.28,2023-02-22
COP000305,CC0004,420000,2023,5,22186.75,2023-05-15
COP000306,CC0014,430000,2024,12,6510.59,2024-12-16
COP000307,CC0001,440000,2024,10,40066.03,2024-10-07
COP000308,CC0015,410000,2024,12,15882.13,2024-12-27
COP000309,CC0011,440000,2023,1,20695.54,2023-01-15
COP000310,CC0009,400000,2023,8,23341.67,2023-08-19
COP000311,CC0023,410000,2023,5,25169.59,2023-05-01
COP000312,CC0009,440000,2023,10,35417.88,2023-10-26
COP000313,CC0019,430000,2024,3,49022.11,2024-03-01
COP000314,CC0003,430000,2023,9,27787.62,2023-09-07
COP000315,CC0021,410000,2024,1,46132.47,2024-01-28
COP000316,CC0016,410000,2024,6,43269.33,2024-06-04
COP000317,CC0006,430000,2023,10,17323.82,2023-10-10
COP000318,CC0023,420000,2024,6,41117.2,2024-06-03
COP000319,CC0008,420000,2023,10,41955.06,2023-10-17
COP000320,CC0010,430000,2024,8,43330.4,2024-08-16
COP000321,CC0011,440000,2024,4,24474.9,2024-04-02
COP000322,CC0018,440000,2023,12,38262.2,2023-12-07
COP000323,CC0004,430000,2024,1,46676.19,2024-01-22
COP000324,CC0010,410000,2023,7,28803.98,2023-07-13
COP000325,CC0014,430000,2023,8,2660.54,2023-08-28
COP000326,CC0013,430000,2024,4,19610.9,2024-04-29
COP000327,CC0008,410000,2024,11,25018.77,2024-11-10
COP000328,CC0010,410000,2023,2,25363.41,2023-02-07
COP000329,CC0018,420000,2024,8,43550.17,2024-08-27
COP000330,CC0001,400000,2024,3,26534.58,2024-03-26
COP000331,CC0015,400000,2024,4,36260.97,2024-04-12
COP000332,CC0019,410000,2024,2,4204.0,2024-02-24
COP000333,CC0016,420000,2023,9,31351.34,2023-09-29
COP000334,CC0009,400000,2024,2,42662.38,2024-02-12
COP000335,CC0008,440000,2024,11,19310.47,2024-11-21
COP000336,CC0025,430000,2023,11,43682.96,2023-11-21
COP000337,CC0008,440000,2023,2,3886.83,2023-02-06
COP000338,CC0009,420000,2024,10,49872.58,2024-10-08
COP000339,CC0007,430000,2023,4,48927.72,2023-04-03
COP000340,CC0009,400000,2024,10,22462.09,2024-10-10
COP000341,CC0018,420000,2024,12,45219.49,2024-12-11
COP000342,CC0024,420000,2023,2,39909.1,2023-02-17
COP000343,CC0003,420000,2023,10,19054.63,2023-10-28
COP000344,CC0023,410000,2023,5,26792.73,2023-05-30
COP000345,CC0005,410000,2024,8,8914.19,2024-08-02
COP000346,CC0015,440000,2023,3,43606.56,2023-03-22
COP000347,CC0011,410000,2024,9,25134.53,2024-09-26
COP000348,CC0003,410000,2024,8,11993.33,2024-08-20
COP000349,CC0015,420000,2024,10,23248.74,2024-10-15
COP000350,CC0025,400000,2024,11,44995.97,2024-11-13
COP000351,CC0001,420000,2024,4,34041.74,2024-04-21
COP000352,CC0015,400000,2023,6,22365.62,2023-06-11
COP000353,CC0015,440000,2023,12,15308.14,2023-12-20
COP000354,CC0013,420000,2024,3,23113.37,2024-03-10
COP000355,CC0009,410000,2023,11,49968.99,2023-11-06
COP000356,CC0016,400000,2024,5,12241.68,2024-05-09
COP000357,CC0020,420000,2024,8,28953.19,2024-08-08
COP000358,CC0013,420000,2024,12,1586.01,2024-12-17
COP000359,CC0004,430000,2024,11,14086.78,2024-11-05
COP000360,CC0017,400000,2024,8,45575.54,2024-08-02
COP000361,CC0021,420000,2024,5,38899.18,2024-05-23
COP000362,CC0019,440000,2023,8,40195.63,2023-08-24
COP000363,CC0016,410000,2023,8,31234.11,2023-08-13
COP000364,CC0017,410000,2024,11,31598.28,2024-11-25
COP000365,CC0009,400000,2024,10,15792.18,2024-10-04
COP000366,CC0003,400000,2024,3,29188.9,2024-03-27
COP000367,CC0011,400000,2023,5,45526.58,2023-05-15
COP000368,CC0019,430000,2023,12,9194.18,2023-12-01
COP000369,CC0018,440000,2023,5,43884.8,2023-05-16
COP000370,CC0004,440000,2024,1,25338.84,2024-01-10
COP000371,CC0002,410000,2023,10,13220.02,2023-10-07
COP000372,CC0006,420000,2024,5,37454.69,2024-05-08
COP000373,CC0023,400000,2023,12,23682.4,2023-12-13
COP000374,CC0007,410000,2023,3,37830.5,2023-03-19
COP000375,CC0024,430000,2023,8,48379.85,2023-08-20
COP000376,CC0004,420000,2024,7,4969.99,2024-07-24
COP000377,CC0012,400000,2024,2,13590.7,2024-02-09
COP000378,CC0002,430000,2023,5,18744.99,2023-05-07
COP000379,CC0005,420000,2024,11,29435.72,2024-11-19
COP000380,CC0025,420000,2024,10,5863.13,2024-10-15
COP000381,CC0016,430000,2023,8,1738.72,2023-08-28
COP000382,CC0011,420000,2024,7,45805.17,2024-07-28
COP000383,CC0007,400000,2023,8,31952.49,2023-08-15
COP000384,CC0016,420000,2024,4,32637.35,2024-04-20
COP000385,CC0010,410000,2023,4,2744.67,2023-04-30
COP000386,CC0005,420000,2023,2,49798.41,2023-02-08
COP000387,CC0004,400000,2023,4,12122.6,2023-04-29
COP000388,CC0013,410000,2024,7,19737.97,2024-07-04
COP000389,CC0015,440000,2024,1,21246.77,2024-01-15
COP000390,CC0017,430000,2023,6,32918.63,2023-06-08
COP000391,CC0021,440000,2024,5,20701.74,2024-05-16
COP000392,CC0005,400000,2023,10,34668.89,2023-10-14
COP000393,CC0024,430000,2023,8,22512.45,2023-08-11
COP000394,CC0022,420000,2023,8,5418.05,2023-08-30
COP000395,CC0018,420000,2024,12,27451.06,2024-12-03
COP000396,CC0020,420000,2024,10,3497.23,2024-10-22
COP000397,CC0016,410000,2023,10,48426.24,2023-10-10
COP000398,CC0012,400000,2024,4,33307.05,2024-04-10
COP000399,CC0012,440000,2024,10,48569.12,2024-10-19
COP000400,CC0007,420000,2023,2,12556.66,2023-02-21
COP000401,CC0024,440000,2023,5,10657.68,2023-05-09
COP000402,CC0007,410000,2024,7,29525.96,2024-07-21
COP000403,CC0022,420000,2023,8,38831.24,2023-08-27
COP000404,CC0020,400000,2024,9,14225.1,2024-09-02
COP000405,CC0012,410000,2023,5,27240.67,2023-05-29
COP000406,CC0007,400000,2023,6,33222.35,2023-06-28
COP000407,CC0005,410000,2023,1,1235.59,2023-01-27
COP000408,CC0012,440000,2023,9,16526.69,2023-09-01
COP000409,CC0013,420000,2023,6,3093.75,2023-06-28
COP000410,CC0008,440000,2024,3,6125.64,2024-03-07
COP000411,CC0018,430000,2023,3,22689.62,2023-03-07
COP000412,CC0020,440000,2024,1,29886.47,2024-01-06
COP000413,CC0009,440000,2024,4,11466.71,2024-04-07
COP000414,CC0019,400000,2024,9,36498.53,2024-09-21
COP000415,CC0013,440000,2024,11,15430.7,2024-11-05
COP000416,CC0001,400000,2024,10,3510.86,2024-10-20
COP000417,CC0012,430000,2024,5,21600.54,2024-05-05
COP000418,CC0011,430000,2023,4,35763.87,2023-04-21
COP000419,CC0024,400000,2024,3,45013.7,2024-03-30
COP000420,CC0016,440000,2023,11,7842.52,2023-11-26
COP000421,CC0020,420000,2023,5,31403.72,2023-05-10
COP000422,CC0006,440000,2024,8,35751.56,2024-08-22
COP000423,CC0016,440000,2024,1,26762.56,2024-01-26
COP000424,CC0015,440000,2024,4,30468.63,2024-04-09
COP000425,CC0016,400000,2023,4,42713.24,2023-04-12
COP000426,CC0008,440000,2024,10,36181.58,2024-10-28
COP000427,CC0021,430000,2023,8,22851.97,2023-08-09
COP000428,CC0017,430000,2023,8,17277.12,2023-08-22
COP000429,CC0013,430000,2024,4,21091.49,2024-04-09
COP000430,CC0011,420000,2023,4,21624.82,2023-04-08
COP000431,CC0008,420000,2024,11,19027.9,2024-11-12
COP000432,CC0006,430000,2023,6,3823.1,2023-06-06
COP000433,CC0009,400000,2023,3,21877.89,2023-03-29
COP000434,CC0016,410000,2024,1,28040.35,2024-01-17
COP000435,CC0016,440000,2024,8,28303.33,2024-08-23
COP000436,CC0008,400000,2024,11,20835.03,2024-11-17
COP000437,CC0017,430000,2024,11,43470.56,2024-11-12
COP000438,CC0021,420000,2023,2,30220.3,2023-02-22
COP000439,CC0020,400000,2023,12,29106.97,2023-12-27
COP000440,CC0025,410000,2023,8,33008.45,2023-08-06
COP000441,CC0023,400000,2023,8,17830.64,2023-08-18
COP000442,CC0022,420000,2024,7,6186.82,2024-07-23
COP000443,CC0020,440000,2023,10,11694.88,2023-10-13
COP000444,CC0015,440000,2024,3,48740.06,2024-03-15
COP000445,CC0018,440000,2024,9,33911.35,2024-09-28
COP000446,CC0007,400000,2024,7,30645.25,2024-07-24
COP000447,CC0007,420000,2024,11,1933.18,2024-11-04
COP000448,CC0017,420000,2023,10,46116.11,2023-10-07
COP000449,CC0013,400000,2023,12,9479.58,2023-12-26
COP000450,CC0022,440000,2023,5,33038.56,2023-05-27
COP000451,CC0002,410000,2023,3,37177.97,2023-03-13
COP000452,CC0008,400000,2023,2,37432.53,2023-02-01
COP000453,CC0008,430000,2023,8,21281.71,2023-08-09
COP000454,CC0007,410000,2023,12,18817.63,2023-12-16
COP000455,CC0023,440000,2023,11,30013.08,2023-11-29
COP000456,CC0025,410000,2023,2,8291.79,2023-02-23
COP000457,CC0006,400000,2024,9,33861.45,2024-09-24
COP000458,CC0007,430000,2023,10,33265.97,2023-10-06
COP000459,CC0020,440000,2024,5,22381.19,2024-05-12
COP000460,CC0022,410000,2023,10,37869.69,2023-10-07
COP000461,CC0011,420000,2023,4,21780.72,2023-04-27
COP000462,CC0007,440000,2023,10,24588.32,2023-10-18
COP000463,CC0016,420000,2024,11,2748.16,2024-11-14
COP000464,CC0003,440000,2024,2,3211.71,2024-02-09
COP000465,CC0007,420000,2023,7,47293.54,2023-07-29
COP000466,CC0009,420000,2023,5,14827.63,2023-05-21
COP000467,CC0012,400000,2023,5,25120.57,2023-05-03
COP000468,CC0008,410000,2024,3,6894.69,2024-03-16
COP000469,CC0016,410000,2024,6,25262.99,2024-06-29
COP000470,CC0011,420000,2024,11,4067.74,2024-11-15
COP000471,CC0012,430000,2023,2,1427.71,2023-02-13
COP000472,CC0022,420000,2023,3,29000.08,2023-03-21
COP000473,CC0013,430000,2024,8,35620.2,2024-08-10
COP000474,CC0009,420000,2024,3,6201.08,2024-03-03
COP000475,CC0010,420000,2023,1,9007.72,2023-01-22
COP000476,CC0012,430000,2024,9,41685.28,2024-09-24
COP000477,CC0017,400000,2024,1,22117.23,2024-01-06
COP000478,CC0009,410000,2023,4,22065.99,2023-04-19
COP000479,CC0002,440000,2024,2,4393.03,2024-02-15
COP000480,CC0019,420000,2023,11,11467.82,2023-11-14
COP000481,CC0009,400000,2023,6,25768.92,2023-06-22
COP000482,CC0006,440000,2023,4,25742.63,2023-04-27
COP000483,CC0021,420000,2023,12,36505.27,2023-12-24
COP000484,CC0012,410000,2024,10,12195.31,2024-10-22
COP000485,CC0024,420000,2023,5,10264.95,2023-05-30
COP000486,CC0011,410000,2024,9,38130.66,2024-09-08
COP000487,CC0011,400000,2024,11,9268.73,2024-11-02
COP000488,CC0025,430000,2024,10,23465.68,2024-10-05
COP000489,CC0021,440000,2024,7,22720.81,2024-07-31
COP000490,CC0008,440000,2024,8,16498.81,2024-08-01
COP000491,CC0005,420000,2024,10,7972.39,2024-10-04
COP000492,CC0017,430000,2023,3,22389.3,2023-03-11
COP000493,CC0022,420000,2023,11,29775.28,2023-11-07
COP000494,CC0001,440000,2023,12,4172.44,2023-12-27
COP000495,CC0012,430000,2024,4,2361.56,2024-04-17
COP000496,CC0004,420000,2024,1,4298.18,2024-01-13
COP000497,CC0004,440000,2023,4,29906.95,2023-04-03
COP000498,CC0011,430000,2024,1,29226.31,2024-01-29
COP000499,CC0020,430000,2023,2,45497.97,2023-02-12
COP000500,CC0006,410000,2024,8,16415.57,2024-08-08
COP000501,CC0003,440000,2024,5,7967.62,2024-05-02
COP000502,CC0019,430000,2023,3,5623.34,2023-03-05
COP000503,CC0004,400000,2023,12,25475.18,2023-12-18
COP000504,CC0010,400000,2023,6,12763.31,2023-06-26
COP000505,CC0014,430000,2024,3,26441.39,2024-03-24
COP000506,CC0007,410000,2024,9,18512.95,2024-09-16
COP000507,CC0025,430000,2023,10,20734.09,2023-10-17
COP000508,CC0002,440000,2023,12,3092.09,2023-12-13
COP000509,CC0023,420000,2024,10,3762.64,2024-10-08
COP000510,CC0013,440000,2023,4,34079.78,2023-04-07
COP000511,CC0007,420000,2023,10,36324.82,2023-10-18
COP000512,CC0009,440000,2024,11,43727.34,2024-11-03
COP000513,CC0003,400000,2023,12,29345.61,2023-12-08
COP000514,CC0015,420000,2023,5,15856.47,2023-05-25
COP000515,CC0008,430000,2024,11,6883.11,2024-11-02
COP000516,CC0011,400000,2024,12,15824.3,2024-12-26
COP000517,CC0023,420000,2024,1,40752.65,2024-01-21
COP000518,CC0002,440000,2024,11,5125.92,2024-11-17
COP000519,CC0008,430000,2024,11,25670.18,2024-11-17
COP000520,CC0024,420000,2023,1,15788.87,2023-01-19
COP000521,CC0018,420000,2023,8,47409.58,2023-08-08
COP000522,CC0023,410000,2024,5,11713.88,2024-05-12
COP000523,CC0025,410000,2023,5,4319.67,2023-05-21
COP000524,CC0024,440000,2023,4,38658.3,2023-04-14
COP000525,CC0005,400000,2024,6,33265.5,2024-06-23
COP000526,CC0010,410000,2024,9,30063.7,2024-09-24
COP000527,CC0016,410000,2023,6,9451.88,2023-06-07
COP000528,CC0013,440000,2024,12,40547.66,2024-12-10
COP000529,CC0016,430000,2023,6,2662.78,2023-06-19
COP000530,CC0010,410000,2024,1,48494.64,2024-01-09
COP000531,CC0003,420000,2024,9,37743.36,2024-09-17
COP000532,CC0016,410000,2024,4,26933.55,2024-04-04
COP000533,CC0017,430000,2023,11,45246.73,2023-11-13
COP000534,CC0021,420000,2023,7,34076.19,2023-07-18
COP000535,CC0015,430000,2024,8,23353.16,2024-08-07
COP000536,CC0015,430000,2023,10,25393.88,2023-10-16
COP000537,CC0006,410000,2024,3,40936.12,2024-03-04
COP000538,CC0021,410000,2024,9,43713.6,2024-09-11
COP000539,CC0024,430000,2023,2,43768.79,2023-02-23
COP000540,CC0019,400000,2024,7,35714.35,2024-07-21
COP000541,CC0025,400000,2024,6,14610.62,2024-06-12
COP000542,CC0003,420000,2023,6,22741.3,2023-06-14
COP000543,CC0003,410000,2024,6,41636.81,2024-06-09
COP000544,CC0006,410000,2023,4,40926.81,2023-04-04
COP000545,CC0015,400000,2023,12,21037.4,2023-12-24
COP000546,CC0010,440000,2024,2,19011.09,2024-02-10
COP000547,CC0011,400000,2024,1,19058.18,2024-01-31
COP000548,CC0024,420000,2023,1,46575.88,2023-01-29
COP000549,CC0013,420000,2024,10,39673.34,2024-10-27
COP000550,CC0023,400000,2023,5,14700.53,2023-05-21
COP000551,CC0013,410000,2024,4,38062.64,2024-04-28
COP000552,CC0024,430000,2024,4,30959.74,2024-04-25
COP000553,CC0009,400000,2023,3,13168.23,2023-03-23
COP000554,CC0021,440000,2023,6,47041.18,2023-06-03
COP000555,CC0004,440000,2024,9,21451.11,2024-09-15
COP000556,CC0004,410000,2023,10,15406.98,2023-10-23
COP000557,CC0025,410000,2023,2,21281.36,2023-02-18
COP000558,CC0016,430000,2024,9,3608.95,2024-09-29
COP000559,CC0023,440000,2024,5,27034.66,2024-05-26
COP000560,CC0010,440000,2024,10,28964.85,2024-10-09
COP000561,CC0013,420000,2023,5,21747.33,2023-05-28
COP000562,CC0003,420000,2024,9,12407.93,2024-09-21
COP000563,CC0017,410000,2024,3,33386.38,2024-03-02
COP000564,CC0018,440000,2023,3,48745.4,2023-03-29
COP000565,CC0003,440000,2023,3,27432.06,2023-03-11
COP000566,CC0012,440000,2024,6,1506.55,2024-06-03
COP000567,CC0001,400000,2024,4,31965.7,2024-04-26
COP000568,CC0020,420000,2024,1,37492.17,2024-01-18
COP000569,CC0015,400000,2024,1,17567.72,2024-01-01
COP000570,CC0004,400000,2024,11,38689.32,2024-11-03
COP000571,CC0015,410000,2023,12,2694.62,2023-12-07
COP000572,CC0017,420000,2024,7,40768.69,2024-07-13
COP000573,CC0011,430000,2023,6,49050.55,2023-06-29
COP000574,CC0011,410000,2024,5,40669.14,2024-05-05
COP000575,CC0010,430000,2023,3,2330.7,2023-03-06
COP000576,CC0023,400000,2023,7,39659.91,2023-07-26
COP000577,CC0016,420000,2023,2,46701.86,2023-02-12
COP000578,CC0025,430000,2024,6,49461.57,2024-06-11
COP000579,CC0013,430000,2024,7,13039.03,2024-07-10
COP000580,CC0024,410000,2024,10,14662.49,2024-10-24
COP000581,CC0012,420000,2023,2,14024.22,2023-02-18
COP000582,CC0019,430000,2024,1,44529.58,2024-01-12
COP000583,CC0012,430000,2024,3,17282.31,2024-03-26
COP000584,CC0021,430000,2023,7,34757.39,2023-07-11
COP000585,CC0004,440000,2024,1,13702.67,2024-01-12
COP000586,CC0008,430000,2023,3,4406.89,2023-03-26
COP000587,CC0009,410000,2024,9,27500.98,2024-09-08
COP000588,CC0006,400000,2023,11,4463.41,2023-11-25
COP000589,CC0025,420000,2024,11,15671.54,2024-11-07
COP000590,CC0009,430000,2024,9,8748.92,2024-09-09
COP000591,CC0001,420000,2024,3,22632.92,2024-03-30
COP000592,CC0018,440000,2023,12,49908.45,2023-12-28
COP000593,CC0023,400000,2023,10,4214.54,2023-10-09
COP000594,CC0023,430000,2024,10,18483.9,2024-10-14
COP000595,CC0006,410000,2024,11,47663.08,2024-11-26
COP000596,CC0014,440000,2023,5,34065.4,2023-05-27
COP000597,CC0008,400000,2024,3,6748.39,2024-03-24
COP000598,CC0020,420000,2023,8,18426.45,2023-08-30
COP000599,CC0009,400000,2024,8,30452.19,2024-08-03
COP000600,CC0008,430000,2024,11,47466.76,2024-11-26
COP000601,CC0007,430000,2024,1,38272.68,2024-01-16
COP000602,CC0024,410000,2024,8,26708.26,2024-08-10
COP000603,CC0005,420000,2024,2,32653.26,2024-02-12
COP000604,CC0004,400000,2023,9,1782.71,2023-09-13
COP000605,CC0022,430000,2023,7,26128.39,2023-07-10
COP000606,CC0020,400000,2024,7,13457.95,2024-07-29
COP000607,CC0018,430000,2023,9,11121.24,2023-09-24
COP000608,CC0005,420000,2024,9,34852.04,2024-09-18
COP000609,CC0002,410000,2024,5,6570.55,2024-05-17
COP000610,CC0021,430000,2023,3,9046.49,2023-03-17
COP000611,CC0023,430000,2024,12,49864.49,2024-12-31
COP000612,CC0023,420000,2024,11,33558.07,2024-11-29
COP000613,CC0005,400000,2024,12,27724.86,2024-12-27
COP000614,CC0003,420000,2023,10,42642.42,2023-10-25
COP000615,CC0006,410000,2024,12,39787.97,2024-12-29
COP000616,CC0005,410000,2024,6,6507.44,2024-06-04
COP000617,CC0017,410000,2023,7,12218.44,2023-07-25
COP000618,CC0011,400000,2024,5,18364.38,2024-05-20
COP000619,CC0017,420000,2024,8,23636.59,2024-08-09
COP000620,CC0004,410000,2024,7,30791.44,2024-07-18
COP000621,CC0016,400000,2023,3,15809.89,2023-03-30
COP000622,CC0022,440000,2024,5,20834.36,2024-05-05
COP000623,CC0022,440000,2024,2,4150.66,2024-02-24
COP000624,CC0023,400000,2023,11,22773.74,2023-11-21
COP000625,CC0018,440000,2024,11,17553.48,2024-11-27
COP000626,CC0003,440000,2024,7,9507.18,2024-07-18
COP000627,CC0003,430000,2023,5,25391.76,2023-05-13
COP000628,CC0017,400000,2023,2,26146.06,2023-02-26
COP000629,CC0002,410000,2023,11,8517.36,2023-11-08
COP000630,CC0020,410000,2024,12,17628.14,2024-12-27
COP000631,CC0004,420000,2024,6,42373.72,2024-06-15
COP000632,CC0006,410000,2023,9,31935.33,2023-09-14
COP000633,CC0014,420000,2024,7,6695.93,2024-07-18
COP000634,CC0011,440000,2023,11,26907.16,2023-11-07
COP000635,CC0017,410000,2024,5,29794.52,2024-05-29
COP000636,CC0012,410000,2024,8,8974.43,2024-08-17
COP000637,CC0023,440000,2024,10,17212.17,2024-10-01
COP000638,CC0025,400000,2024,7,41349.2,2024-07-31
COP000639,CC0014,400000,2023,1,2750.36,2023-01-30
COP000640,CC0022,440000,2024,10,13600.47,2024-10-18
COP000641,CC0001,440000,2023,8,21121.05,2023-08-04
COP000642,CC0017,400000,2024,10,25152.88,2024-10-16
COP000643,CC0015,440000,2024,10,14838.75,2024-10-04
COP000644,CC0019,430000,2023,11,12621.46,2023-11-06
COP000645,CC0022,430000,2024,12,15222.98,2024-12-02
COP000646,CC0020,400000,2023,3,8324.98,2023-03-16
COP000647,CC0002,430000,2024,3,23489.89,2024-03-01
COP000648,CC0001,440000,2023,12,7611.6,2023-12-15
COP000649,CC0015,420000,2023,11,48781.02,2023-11-23
COP000650,CC0009,420000,2023,5,25991.52,2023-05-14
COP000651,CC0015,420000,2023,4,12466.02,2023-04-19
COP000652,CC0002,420000,2023,5,22755.0,2023-05-06
COP000653,CC0009,400000,2023,5,3004.96,2023-05-25
COP000654,CC0003,440000,2024,1,21197.67,2024-01-29
COP000655,CC0017,420000,2023,6,46720.7,2023-06-13
COP000656,CC0024,410000,2023,11,38274.51,2023-11-17
COP000657,CC0011,440000,2024,5,23607.35,2024-05-25
COP000658,CC0004,430000,2023,11,1647.23,2023-11-12
COP000659,CC0016,440000,2024,2,23132.92,2024-02-07
COP000660,CC0010,410000,2023,9,29375.53,2023-09-04
COP000661,CC0022,400000,2023,2,14427.14,2023-02-19
COP000662,CC0001,430000,2024,9,14644.54,2024-09-03
COP000663,CC0025,400000,2023,1,21830.92,2023-01-09
COP000664,CC0012,420000,2023,9,38310.91,2023-09-28
COP000665,CC0008,400000,2024,1,20328.79,2024-01-10
COP000666,CC0013,440000,2024,8,10135.44,2024-08-06
COP000667,CC0011,420000,2024,7,4139.82,2024-07-20
COP000668,CC0009,430000,2024,5,38338.0,2024-05-31
COP000669,CC0008,440000,2023,10,34179.73,2023-10-14
COP000670,CC0006,410000,2023,5,48766.6,2023-05-02
COP000671,CC0013,420000,2024,2,39847.41,2024-02-08
COP000672,CC0023,440000,2023,12,46977.95,2023-12-14
COP000673,CC0002,410000,2023,5,30321.92,2023-05-28
COP000674,CC0002,440000,2024,2,2492.62,2024-02-16
COP000675,CC0017,410000,2023,2,35822.8,2023-02-09
COP000676,CC0013,440000,2024,4,23120.93,2024-04-30
COP000677,CC0022,440000,2024,9,7419.16,2024-09-12
COP000678,CC0025,420000,2024,9,8543.85,2024-09-19
COP000679,CC0010,420000,2024,9,29889.37,2024-09-23
COP000680,CC0009,440000,2024,6,26850.82,2024-06-03
COP000681,CC0004,440000,2024,12,15339.63,2024-12-26
COP000682,CC0002,420000,2023,1,16896.36,2023-01-18
COP000683,CC0002,430000,2023,4,29393.26,2023-04-23
COP000684,CC0025,400000,2024,12,30047.03,2024-12-05
COP000685,CC0014,440000,2023,9,29092.9,2023-09-29
COP000686,CC0006,440000,2023,2,24282.21,2023-02-22
COP000687,CC0005,440000,2024,6,38843.0,2024-06-20
COP000688,CC0002,410000,2024,1,41172.23,2024-01-25
COP000689,CC0020,400000,2023,9,28842.23,2023-09-06
COP000690,CC0009,400000,2024,12,9943.82,2024-12-18
COP000691,CC0014,420000,2024,3,21229.62,2024-03-27
COP000692,CC0012,410000,2024,2,20813.68,2024-02-27
COP000693,CC0011,430000,2024,9,43704.48,2024-09-18
COP000694,CC0004,410000,2023,3,26174.82,2023-03-05
COP000695,CC0011,420000,2024,7,49907.08,2024-07-28
COP000696,CC0018,440000,2024,5,19152.83,2024-05-04
COP000697,CC0007,430000,2023,6,45650.15,2023-06-27
COP000698,CC0008,440000,2023,12,18037.21,2023-12-17
COP000699,CC0014,420000,2024,11,30698.79,2024-11-28
COP000700,CC0013,410000,2023,7,14310.82,2023-07-16
COP000701,CC0012,410000,2023,11,47103.53,2023-11-02
COP000702,CC0010,420000,2023,11,35392.6,2023-11-01
COP000703,CC0013,430000,2024,12,16193.52,2024-12-07
COP000704,CC0014,440000,2023,12,46718.17,2023-12-24
COP000705,CC0003,420000,2023,10,6532.77,2023-10-08
COP000706,CC0022,440000,2024,11,19294.86,2024-11-23
COP000707,CC0020,420000,2024,2,47753.14,2024-02-09
COP000708,CC0023,420000,2023,5,2582.29,2023-05-30
COP000709,CC0006,420000,2023,3,46238.48,2023-03-22
COP000710,CC0008,420000,2024,11,37493.26,2024-11-02
COP000711,CC0014,410000,2023,8,41483.61,2023-08-08
COP000712,CC0013,440000,2023,10,34960.48,2023-10-05
COP000713,CC0025,400000,2023,5,30976.01,2023-05-21
COP000714,CC0006,410000,2024,8,12501.67,2024-08-23
COP000715,CC0021,440000,2024,11,11670.75,2024-11-16
COP000716,CC0001,400000,2023,8,5459.8,2023-08-27
COP000717,CC0024,430000,2023,12,5476.97,2023-12-05
COP000718,CC0010,400000,2023,5,48243.68,2023-05-21
COP000719,CC0013,430000,2023,6,32818.19,2023-06-11
COP000720,CC0018,430000,2024,5,32701.67,2024-05-02
COP000721,CC0004,420000,2023,10,14628.06,2023-10-22
COP000722,CC0022,400000,2023,3,32788.79,2023-03-02
COP000723,CC0024,440000,2023,8,37064.98,2023-08-26
COP000724,CC0007,410000,2023,2,21185.31,2023-02-08
COP000725,CC0017,400000,2023,6,49860.0,2023-06-30
COP000726,CC0011,430000,2024,2,9722.43,2024-02-11
COP000727,CC0001,400000,2023,10,958.72,2023-10-24
COP000728,CC0023,440000,2024,8,5811.38,2024-08-04
COP000729,CC0012,420000,2023,12,22990.28,2023-12-10
COP000730,CC0023,440000,2024,10,26453.77,2024-10-18
COP000731,CC0019,440000,2023,5,23667.03,2023-05-18
COP000732,CC0012,400000,2023,7,16868.86,2023-07-17
COP000733,CC0016,420000,2024,4,36070.61,2024-04-14
COP000734,CC0015,420000,2023,1,39643.0,2023-01-15
COP000735,CC0004,410000,2024,8,9187.0,2024-08-04
COP000736,CC0001,430000,2024,10,41436.0,2024-10-16
COP000737,CC0018,420000,2024,6,4793.52,2024-06-11
COP000738,CC0015,400000,2024,11,9646.67,2024-11-16
COP000739,CC0006,430000,2023,5,16518.28,2023-05-24
COP000740,CC0004,400000,2023,9,13408.87,2023-09-12
COP000741,CC0010,430000,2023,8,37810.95,2023-08-30
COP000742,CC0002,420000,2023,12,29331.81,2023-12-04
COP000743,CC0025,400000,2024,8,13446.88,2024-08-09
COP000744,CC0019,410000,2024,1,3575.15,2024-01-04
COP000745,CC0013,430000,2023,5,15686.91,2023-05-02
COP000746,CC0006,440000,2024,2,46193.75,2024-02-20
COP000747,CC0009,420000,2024,12,34669.37,2024-12-21
COP000748,CC0013,420000,2024,10,18693.42,2024-10-16
COP000749,CC0016,410000,2023,8,47889.35,2023-08-15
COP000750,CC0024,410000,2024,5,23021.44,2024-05-04
COP000751,CC0006,420000,2024,9,21084.36,2024-09-12
COP000752,CC0021,430000,2024,7,37988.85,2024-07-16
COP000753,CC0019,410000,2024,11,38212.05,2024-11-11
COP000754,CC0022,440000,2024,11,43720.19,2024-11-27
COP000755,CC0016,440000,2023,3,22614.02,2023-03-25
COP000756,CC0020,420000,2024,12,4366.08,2024-12-21
COP000757,CC0023,400000,2024,7,3557.02,2024-07-31
COP000758,CC0024,440000,2024,7,10506.76,2024-07-14
COP000759,CC0001,410000,2024,7,8644.59,2024-07-03
COP000760,CC0019,430000,2024,6,6253.88,2024-06-16
COP000761,CC0007,440000,2023,7,24696.98,2023-07-30
COP000762,CC0021,430000,2024,6,40530.26,2024-06-06
COP000763,CC0005,410000,2024,4,25905.77,2024-04-09
COP000764,CC0014,440000,2024,4,3357.97,2024-04-12
COP000765,CC0003,420000,2024,4,36302.36,2024-04-18
COP000766,CC0019,420000,2024,2,40914.43,2024-02-10
COP000767,CC0014,440000,2023,8,4114.96,2023-08-12
COP000768,CC0005,420000,2024,3,35169.05,2024-03-09
COP000769,CC0006,400000,2024,7,46761.85,2024-07-08
COP000770,CC0008,430000,2023,3,2070.88,2023-03-12
COP000771,CC0004,410000,2024,2,38564.12,2024-02-23
COP000772,CC0019,430000,2024,10,19035.82,2024-10-18
COP000773,CC0016,430000,2024,1,43546.2,2024-01-27
COP000774,CC0019,430000,2024,1,4472.37,2024-01-22
COP000775,CC0012,440000,2024,11,7083.0,2024-11-08
COP000776,CC0002,400000,2023,12,9334.44,2023-12-23
COP000777,CC0007,430000,2024,7,26677.71,2024-07-04
COP000778,CC0022,400000,2023,8,37930.88,2023-08-17
COP000779,CC0025,430000,2023,11,33838.24,2023-11-02
COP000780,CC0023,430000,2024,7,26830.71,2024-07-11
COP000781,CC0017,410000,2023,8,23300.95,2023-08-24
COP000782,CC0021,420000,2023,6,9829.78,2023-06-08
COP000783,CC0021,400000,2023,4,40569.17,2023-04-26
COP000784,CC0007,440000,2024,3,38419.65,2024-03-05
COP000785,CC0022,410000,2023,1,10701.04,2023-01-17
COP000786,CC0005,440000,2023,4,2162.03,2023-04-14
COP000787,CC0006,400000,2024,9,12614.34,2024-09-04
COP000788,CC0007,430000,2023,2,22228.66,2023-02-15
COP000789,CC0021,410000,2024,7,37842.09,2024-07-06
COP000790,CC0019,410000,2023,2,25442.84,2023-02-27
COP000791,CC0016,410000,2023,10,40881.42,2023-10-24
COP000792,CC0014,420000,2024,8,29085.0,2024-08-12
COP000793,CC0023,420000,2024,11,12226.75,2024-11-19
COP000794,CC0005,440000,2023,5,11441.62,2023-05-27
COP000795,CC0016,420000,2023,11,3517.4,2023-11-04
COP000796,CC0012,410000,2024,8,31486.66,2024-08-28
COP000797,CC0011,440000,2024,3,25033.23,2024-03-13
COP000798,CC0016,430000,2023,12,39397.33,2023-12-19
COP000799,CC0008,430000,2023,11,20708.83,2023-11-23
COP000800,CC0008,430000,2023,11,9602.01,2023-11-04
COP000801,CC0013,430000,2024,7,12427.93,2024-07-04
COP000802,CC0012,420000,2023,8,42948.29,2023-08-19
COP000803,CC0003,430000,2023,5,45779.69,2023-05-28
COP000804,CC0001,430000,2024,7,48405.42,2024-07-29
COP000805,CC0007,440000,2024,7,7137.59,2024-07-24
COP000806,CC0003,420000,2023,9,10565.17,2023-09-06
COP000807,CC0005,400000,2024,10,46150.19,2024-10-24
COP000808,CC0004,400000,2024,1,27013.96,2024-01-15
COP000809,CC0010,400000,2023,7,13788.85,2023-07-15
COP000810,CC0003,440000,2024,11,30344.64,2024-11-20
COP000811,CC0003,410000,2023,3,40330.21,2023-03-16
COP000812,CC0005,440000,2024,8,11242.32,2024-08-24
COP000813,CC0013,420000,2023,8,15507.81,2023-08-02
COP000814,CC0007,410000,2023,1,46889.41,2023-01-16
COP000815,CC0025,430000,2023,5,45764.84,2023-05-01
COP000816,CC0013,440000,2024,12,35336.54,2024-12-13
COP000817,CC0022,410000,2024,2,27827.92,2024-02-11
COP000818,CC0001,430000,2023,10,23579.4,2023-10-17
COP000819,CC0001,420000,2024,10,15766.9,2024-10-26
COP000820,CC0022,440000,2024,1,44199.19,2024-01-04
COP000821,CC0010,400000,2024,4,40239.42,2024-04-22
COP000822,CC0001,420000,2024,4,45759.36,2024-04-25
COP000823,CC0007,420000,2024,1,20989.54,2024-01-15
COP000824,CC0002,410000,2024,7,37191.99,2024-07-30
COP000825,CC0007,420000,2023,1,27888.92,2023-01-17
COP000826,CC0025,440000,2024,8,36140.59,2024-08-21
COP000827,CC0007,410000,2023,10,10211.49,2023-10-30
COP000828,CC0019,430000,2023,8,28704.58,2023-08-24
COP000829,CC0020,430000,2023,9,27756.81,2023-09-09
COP000830,CC0013,420000,2024,12,13237.67,2024-12-02
COP000831,CC0018,430000,2024,5,23311.04,2024-05-15
COP000832,CC0020,410000,2023,12,7427.95,2023-12-27
COP000833,CC0020,430000,2024,7,9610.36,2024-07-13
COP000834,CC0003,400000,2024,7,26435.25,2024-07-09
COP000835,CC0015,400000,2023,3,38334.77,2023-03-18
COP000836,CC0019,410000,2024,2,42205.96,2024-02-27
COP000837,CC0001,400000,2023,8,35504.89,2023-08-25
COP000838,CC0005,410000,2023,1,25533.78,2023-01-10
COP000839,CC0013,400000,2024,1,31082.84,2024-01-18
COP000840,CC0022,440000,2024,11,45681.2,2024-11-13
COP000841,CC0016,430000,2024,11,1278.72,2024-11-06
COP000842,CC0007,440000,2024,6,20861.26,2024-06-28
COP000843,CC0020,440000,2023,1,36248.54,2023-01-18
COP000844,CC0009,420000,2024,7,1348.56,2024-07-02
COP000845,CC0003,430000,2024,12,40405.3,2024-12-15
COP000846,CC0022,400000,2023,7,45943.42,2023-07-03
COP000847,CC0009,410000,2024,6,12427.96,2024-06-20
COP000848,CC0020,440000,2024,9,12994.7,2024-09-26
COP000849,CC0024,420000,2023,12,39849.35,2023-12-29
COP000850,CC0016,420000,2023,3,47985.24,2023-03-22
COP000851,CC0008,440000,2024,4,12538.79,2024-04-15
COP000852,CC0017,410000,2024,12,15348.74,2024-12-14
COP000853,CC0010,400000,2023,3,5128.28,2023-03-24
COP000854,CC0013,430000,2024,1,27858.72,2024-01-24
COP000855,CC0005,400000,2023,2,35290.83,2023-02-27
COP000856,CC0008,430000,2023,3,42343.82,2023-03-26
COP000857,CC0012,420000,2024,10,28509.9,2024-10-22
COP000858,CC0023,440000,2023,4,45998.03,2023-04-08
COP000859,CC0014,410000,2023,8,45113.01,2023-08-24
COP000860,CC0014,440000,2024,12,24037.26,2024-12-09
COP000861,CC0020,400000,2023,2,34379.22,2023-02-17
COP000862,CC0002,440000,2023,10,28393.74,2023-10-15
COP000863,CC0001,410000,2023,2,46473.93,2023-02-03
COP000864,CC0019,400000,2023,11,48092.72,2023-11-19
COP000865,CC0022,410000,2024,8,37736.6,2024-08-24
COP000866,CC0019,430000,2024,12,46479.31,2024-12-30
COP000867,CC0008,410000,2023,11,28415.93,2023-11-03
COP000868,CC0020,430000,2024,8,34013.23,2024-08-03
COP000869,CC0015,420000,2024,7,19500.39,2024-07-07
COP000870,CC0021,400000,2023,5,25289.25,2023-05-24
COP000871,CC0019,400000,2023,12,5335.45,2023-12-21
COP000872,CC0016,400000,2023,8,17359.34,2023-08-26
COP000873,CC0025,440000,2024,9,20136.8,2024-09-20
COP000874,CC0025,400000,2023,12,31889.09,2023-12-01
COP000875,CC0001,430000,2024,4,11792.85,2024-04-06
COP000876,CC0001,430000,2024,7,21876.47,2024-07-20
COP000877,CC0012,440000,2024,11,33203.26,2024-11-27
COP000878,CC0001,440000,2023,3,15121.28,2023-03-29
COP000879,CC0014,400000,2023,9,4560.88,2023-09-10
COP000880,CC0014,430000,2023,6,35728.02,2023-06-07
COP000881,CC0014,410000,2024,10,37112.94,2024-10-11
COP000882,CC0004,420000,2023,11,5774.27,2023-11-21
COP000883,CC0007,420000,2023,1,22514.43,2023-01-06
COP000884,CC0014,400000,2023,10,7059.1,2023-10-04
COP000885,CC0016,430000,2023,7,22717.76,2023-07-11
COP000886,CC0006,440000,2024,7,20698.19,2024-07-22
COP000887,CC0006,400000,2023,1,18018.76,2023-01-27
COP000888,CC0010,440000,2023,4,30103.17,2023-04-06
COP000889,CC0017,430000,2023,11,1110.86,2023-11-29
COP000890,CC0023,430000,2024,2,39068.87,2024-02-28
COP000891,CC0017,410000,2024,7,28812.04,2024-07-26
COP000892,CC0011,430000,2023,6,8890.34,2023-06-23
COP000893,CC0004,420000,2023,10,13786.14,2023-10-03
COP000894,CC0012,400000,2023,5,8776.77,2023-05-30
COP000895,CC0007,430000,2023,10,15337.74,2023-10-10
COP000896,CC0021,420000,2023,3,12959.14,2023-03-20
COP000897,CC0012,430000,2023,9,29893.42,2023-09-10
COP000898,CC0008,430000,2023,7,5795.13,2023-07-20
COP000899,CC0010,400000,2023,11,47466.76,2023-11-08
COP000900,CC0015,440000,2023,12,19304.55,2023-12-07
COP000901,CC0007,430000,2023,12,17069.44,2023-12-04
COP000902,CC0006,440000,2024,10,7238.16,2024-10-28
COP000903,CC0023,440000,2023,11,47390.31,2023-11-25
COP000904,CC0005,430000,2023,7,16052.07,2023-07-25
COP000905,CC0003,420000,2024,2,14926.68,2024-02-12
COP000906,CC0015,430000,2024,12,48404.27,2024-12-12
COP000907,CC0009,420000,2023,9,19114.74,2023-09-06
COP000908,CC0018,420000,2024,2,6137.45,2024-02-07
COP000909,CC0014,410000,2024,7,29815.24,2024-07-31
COP000910,CC0020,410000,2024,7,34244.78,2024-07-12
COP000911,CC0003,400000,2024,7,47673.73,2024-07-17
COP000912,CC0020,410000,2024,4,22203.52,2024-04-17
COP000913,CC0014,400000,2023,10,41038.8,2023-10-26
COP000914,CC0003,430000,2024,2,7389.37,2024-02-23
COP000915,CC0001,410000,2023,11,13007.74,2023-11-07
COP000916,CC0001,430000,2023,6,39559.3,2023-06-07
COP000917,CC0019,430000,2023,3,49539.68,2023-03-17
COP000918,CC0013,440000,2024,5,20339.85,2024-05-05
COP000919,CC0003,430000,2024,6,27410.44,2024-06-02
COP000920,CC0020,440000,2024,1,29894.09,2024-01-04
COP000921,CC0006,400000,2023,3,38563.23,2023-03-29
COP000922,CC0019,420000,2024,11,8733.76,2024-11-04
COP000923,CC0001,400000,2024,9,28379.4,2024-09-19
COP000924,CC0021,430000,2024,10,48357.15,2024-10-22
COP000925,CC0018,430000,2023,12,5744.26,2023-12-06
COP000926,CC0007,420000,2023,4,11489.05,2023-04-11
COP000927,CC0006,440000,2024,6,29235.66,2024-06-15
COP000928,CC0012,410000,2024,8,22566.04,2024-08-12
COP000929,CC0006,430000,2024,2,38730.94,2024-02-05
COP000930,CC0011,440000,2024,8,7961.87,2024-08-25
COP000931,CC0009,430000,2023,1,5675.19,2023-01-26
COP000932,CC0023,400000,2024,3,6245.43,2024-03-01
COP000933,CC0007,420000,2023,5,15938.57,2023-05-26
COP000934,CC0024,410000,2024,4,26295.18,2024-04-11
COP000935,CC0022,430000,2023,12,5332.34,2023-12-23
COP000936,CC0010,430000,2024,12,16286.02,2024-12-14
COP000937,CC0001,400000,2023,11,40604.2,2023-11-04
COP000938,CC0024,400000,2023,4,42534.41,2023-04-28
COP000939,CC0007,400000,2024,10,34018.4,2024-10-25
COP000940,CC0021,410000,2023,6,26041.7,2023-06-18
COP000941,CC0016,410000,2024,7,16883.99,2024-07-19
COP000942,CC0023,430000,2024,3,11976.85,2024-03-12
COP000943,CC0010,410000,2024,2,9726.15,2024-02-19
COP000944,CC0018,430000,2024,11,20081.33,2024-11-04
COP000945,CC0015,410000,2024,9,22753.96,2024-09-20
COP000946,CC0025,430000,2024,3,720.28,2024-03-15
COP000947,CC0006,410000,2023,8,14278.07,2023-08-08
COP000948,CC0020,400000,2024,12,29078.72,2024-12-21
COP000949,CC0022,410000,2024,7,18606.75,2024-07-03
COP000950,CC0013,430000,2023,7,6140.77,2023-07-21
COP000951,CC0015,430000,2024,11,26621.89,2024-11-17
COP000952,CC0001,420000,2024,10,30050.06,2024-10-16
COP000953,CC0025,430000,2024,9,29556.73,2024-09-17
COP000954,CC0019,420000,2023,12,42353.13,2023-12-23
COP000955,CC0013,410000,2024,9,40780.04,2024-09-24
COP000956,CC0007,420000,2024,12,45974.79,2024-12-23
COP000957,CC0005,400000,2024,8,33769.45,2024-08-27
COP000958,CC0025,400000,2023,11,12309.35,2023-11-17
COP000959,CC0010,410000,2023,4,18978.65,2023-04-30
COP000960,CC0005,440000,2023,5,19728.93,2023-05-25
COP000961,CC0002,410000,2024,9,28952.9,2024-09-02
COP000962,CC0025,410000,2024,3,24590.18,2024-03-09
COP000963,CC0011,410000,2024,7,27968.17,2024-07-04
COP000964,CC0021,420000,2024,5,7444.68,2024-05-16
COP000965,CC0012,430000,2023,11,31160.79,2023-11-19
COP000966,CC0009,400000,2024,1,24488.14,2024-01-03
COP000967,CC0008,430000,2023,7,48209.54,2023-07-19
COP000968,CC0014,430000,2024,6,20752.15,2024-06-01
COP000969,CC0019,430000,2024,5,35652.05,2024-05-18
COP000970,CC0009,430000,2024,3,8779.05,2024-03-30
COP000971,CC0022,400000,2024,8,39896.1,2024-08-01
COP000972,CC0018,420000,2023,8,2118.41,2023-08-14
COP000973,CC0001,440000,2023,8,14789.18,2023-08-19
COP000974,CC0013,440000,2024,4,37254.65,2024-04-13
COP000975,CC0024,440000,2024,5,25784.9,2024-05-22
COP000976,CC0005,400000,2024,8,13760.5,2024-08-09
COP000977,CC0003,420000,2024,7,27331.15,2024-07-10
COP000978,CC0010,430000,2023,2,27544.49,2023-02-12
COP000979,CC0023,400000,2024,3,36931.44,2024-03-11
COP000980,CC0012,410000,2024,10,15236.59,2024-10-31
COP000981,CC0008,430000,2023,2,13509.35,2023-02-03
COP000982,CC0024,430000,2023,3,43331.88,2023-03-31
COP000983,CC0013,410000,2023,5,10888.97,2023-05-01
COP000984,CC0018,420000,2024,8,43121.91,2024-08-25
COP000985,CC0003,430000,2024,9,8716.09,2024-09-16
COP000986,CC0012,410000,2023,5,40769.73,2023-05-23
COP000987,CC0021,440000,2023,3,17865.37,2023-03-02
COP000988,CC0018,440000,2023,10,27169.04,2023-10-15
COP000989,CC0017,420000,2023,11,14822.0,2023-11-28
COP000990,CC0019,440000,2023,10,49281.67,2023-10-01
COP000991,CC0006,400000,2024,11,7211.65,2024-11-26
COP000992,CC0015,400000,2024,2,49628.07,2024-02-26
COP000993,CC0009,410000,2024,11,35220.61,2024-11-02
COP000994,CC0024,410000,2023,5,7739.05,2023-05-16
COP000995,CC0015,410000,2023,11,38192.94,2023-11-26
COP000996,CC0022,430000,2024,11,24728.21,2024-11-23
COP000997,CC0003,420000,2024,8,31576.73,2024-08-14
COP000998,CC0023,430000,2024,1,4238.06,2024-01-20
COP000999,CC0019,430000,2023,4,26022.87,2023-04-06
COP001000,CC0016,420000,2023,10,23007.43,2023-10-12
COP001001,CC0018,420000,2024,5,29306.8,2024-05-14
COP001002,CC0022,430000,2023,4,31924.61,2023-04-06
COP001003,CC0010,420000,2024,12,42580.26,2024-12-15
COP001004,CC0018,430000,2024,7,11282.58,2024-07-01
COP001005,CC0008,410000,2024,3,24988.39,2024-03-15
COP001006,CC0004,420000,2023,11,17218.88,2023-11-27
COP001007,CC0008,410000,2024,8,28524.03,2024-08-14
COP001008,CC0024,420000,2024,5,44760.66,2024-05-11
COP001009,CC0019,400000,2023,2,5428.95,2023-02-19
COP001010,CC0005,400000,2024,4,6649.74,2024-04-15
COP001011,CC0014,430000,2023,6,23097.65,2023-06-11
COP001012,CC0001,410000,2024,3,49786.86,2024-03-14
COP001013,CC0010,420000,2023,5,8369.38,2023-05-16
COP001014,CC0013,400000,2023,10,32902.1,2023-10-08
COP001015,CC0011,400000,2023,9,18906.27,2023-09-14
COP001016,CC0007,410000,2024,10,3063.47,2024-10-26
COP001017,CC0014,420000,2024,10,36436.42,2024-10-02
COP001018,CC0004,430000,2023,8,32946.52,2023-08-28
COP001019,CC0008,400000,2024,12,553.77,2024-12-21
COP001020,CC0019,400000,2024,5,7068.64,2024-05-03
COP001021,CC0005,440000,2023,8,34159.14,2023-08-20
COP001022,CC0013,400000,2023,1,34932.06,2023-01-10
COP001023,CC0001,430000,2023,5,34854.53,2023-05-04
COP001024,CC0025,400000,2024,5,11832.87,2024-05-04
COP001025,CC0016,400000,2023,4,5608.48,2023-04-02
COP001026,CC0018,420000,2024,1,7287.9,2024-01-12
COP001027,CC0009,410000,2023,5,3886.37,2023-05-17
COP001028,CC0009,400000,2024,7,30710.8,2024-07-30
COP001029,CC0001,430000,2023,6,17883.79,2023-06-18
COP001030,CC0006,410000,2023,8,46034.76,2023-08-07
COP001031,CC0020,430000,2024,9,43068.14,2024-09-22
COP001032,CC0008,400000,2023,3,7430.65,2023-03-30
COP001033,CC0014,440000,2023,5,36635.45,2023-05-07
COP001034,CC0023,430000,2023,12,16067.93,2023-12-26
COP001035,CC0017,410000,2023,5,14209.9,2023-05-24
COP001036,CC0003,410000,2023,3,27893.13,2023-03-28
COP001037,CC0022,440000,2024,9,14603.58,2024-09-06
COP001038,CC0002,400000,2024,12,42470.66,2024-12-08
COP001039,CC0011,420000,2024,11,10669.56,2024-11-05
COP001040,CC0006,440000,2024,9,9838.0,2024-09-13
COP001041,CC0013,420000,2024,2,32485.4,2024-02-06
COP001042,CC0011,430000,2023,9,19601.34,2023-09-03
COP001043,CC0023,430000,2023,9,32085.08,2023-09-04
COP001044,CC0009,440000,2023,3,44491.86,2023-03-14
COP001045,CC0020,420000,2023,1,46729.26,2023-01-13
COP001046,CC0016,430000,2023,5,43110.29,2023-05-16
COP001047,CC0004,430000,2024,8,18587.92,2024-08-05
COP001048,CC0006,410000,2024,11,38254.93,2024-11-30
COP001049,CC0017,400000,2023,3,29574.49,2023-03-16
COP001050,CC0013,420000,2023,1,11179.28,2023-01-15
COP001051,CC0003,430000,2023,3,25577.22,2023-03-03
COP001052,CC0024,440000,2024,10,38471.95,2024-10-05
COP001053,CC0017,430000,2024,3,4580.18,2024-03-09
COP001054,CC0011,440000,2024,7,30994.33,2024-07-03
COP001055,CC0017,400000,2023,10,15840.39,2023-10-12
COP001056,CC0009,410000,2024,6,48728.51,2024-06-07
COP001057,CC0021,440000,2023,6,16674.14,2023-06-09
COP001058,CC0025,400000,2024,8,15853.39,2024-08-23
COP001059,CC0013,410000,2024,3,3366.34,2024-03-23
COP001060,CC0019,430000,2023,3,6241.34,2023-03-30
COP001061,CC0003,440000,2024,9,3223.92,2024-09-18
COP001062,CC0018,410000,2024,11,6412.43,2024-11-13
COP001063,CC0011,410000,2024,12,35224.23,2024-12-25
COP001064,CC0020,430000,2023,6,47674.3,2023-06-17
COP001065,CC0017,440000,2024,6,39257.86,2024-06-19
COP001066,CC0010,410000,2023,9,18907.54,2023-09-23
COP001067,CC0016,400000,2023,10,38685.8,2023-10-03
COP001068,CC0021,420000,2023,1,40451.84,2023-01-31
COP001069,CC0021,440000,2023,10,3661.66,2023-10-06
COP001070,CC0011,440000,2024,12,31562.88,2024-12-30
COP001071,CC0022,430000,2024,5,25783.7,2024-05-23
COP001072,CC0014,430000,2023,2,43038.31,2023-02-26
COP001073,CC0022,420000,2023,6,8286.84,2023-06-20
COP001074,CC0015,440000,2023,4,33868.96,2023-04-16
COP001075,CC0018,410000,2023,4,37168.61,2023-04-29
COP001076,CC0024,400000,2023,1,43005.11,2023-01-03
COP001077,CC0022,410000,2023,1,2776.09,2023-01-13
COP001078,CC0022,430000,2024,1,46051.21,2024-01-08
COP001079,CC0023,400000,2023,7,27866.81,2023-07-03
COP001080,CC0015,430000,2024,11,11613.51,2024-11-02
COP001081,CC0002,430000,2023,9,45834.81,2023-09-12
COP001082,CC0017,420000,2023,11,41386.85,2023-11-24
COP001083,CC0018,420000,2024,8,6410.35,2024-08-08
COP001084,CC0021,400000,2024,11,9377.55,2024-11-20
COP001085,CC0010,400000,2024,6,47726.93,2024-06-12
COP001086,CC0008,430000,2023,3,43368.6,2023-03-12
COP001087,CC0007,420000,2023,11,4776.08,2023-11-15
COP001088,CC0022,400000,2024,4,18761.51,2024-04-12
COP001089,CC0014,440000,2023,10,39333.11,2023-10-26
COP001090,CC0014,410000,2024,9,23464.37,2024-09-29
COP001091,CC0015,430000,2024,8,49890.46,2024-08-28
COP001092,CC0005,440000,2023,7,38143.87,2023-07-20
COP001093,CC0023,410000,2023,9,815.71,2023-09-09
COP001094,CC0008,400000,2024,2,12033.39,2024-02-24
COP001095,CC0015,400000,2023,12,47574.02,2023-12-21
COP001096,CC0018,430000,2023,1,42525.8,2023-01-02
COP001097,CC0010,400000,2023,11,10657.12,2023-11-11
COP001098,CC0015,430000,2023,9,24855.43,2023-09-01
COP001099,CC0012,410000,2023,3,35726.8,2023-03-03
COP001100,CC0011,400000,2023,4,46103.08,2023-04-06
COP001101,CC0021,430000,2024,6,35191.92,2024-06-16
COP001102,CC0023,430000,2024,1,48740.46,2024-01-17
COP001103,CC0010,440000,2023,3,5231.06,2023-03-28
COP001104,CC0015,430000,2023,5,4204.11,2023-05-17
COP001105,CC0025,400000,2024,8,22031.65,2024-08-04
COP001106,CC0017,410000,2023,5,14937.96,2023-05-14
COP001107,CC0013,430000,2023,11,35185.92,2023-11-19
COP001108,CC0009,420000,2023,12,22911.51,2023-12-01
COP001109,CC0017,400000,2023,8,47205.96,2023-08-28
COP001110,CC0003,440000,2023,5,5894.16,2023-05-20
COP001111,CC0008,410000,2023,4,22753.55,2023-04-19
COP001112,CC0025,430000,2023,11,6476.47,2023-11-18
COP001113,CC0017,410000,2024,1,22869.9,2024-01-02
COP001114,CC0007,420000,2024,4,42697.87,2024-04-19
COP001115,CC0022,410000,2023,4,40476.05,2023-04-03
COP001116,CC0018,440000,2023,11,2496.33,2023-11-08
COP001117,CC0024,410000,2023,12,5015.04,2023-12-02
COP001118,CC0007,420000,2023,9,20114.1,2023-09-12
COP001119,CC0022,420000,2023,2,13378.26,2023-02-20
COP001120,CC0003,400000,2023,6,47628.78,2023-06-28
COP001121,CC0018,440000,2024,4,37529.88,2024-04-08
COP001122,CC0015,400000,2023,9,23371.14,2023-09-13
COP001123,CC0008,400000,2023,5,1091.87,2023-05-24
COP001124,CC0009,410000,2023,8,10307.59,2023-08-16
COP001125,CC0006,420000,2024,2,34471.12,2024-02-15
COP001126,CC0019,400000,2024,10,29325.03,2024-10-22
COP001127,CC0011,400000,2023,9,1579.11,2023-09-23
COP001128,CC0015,410000,2023,3,45173.56,2023-03-08
COP001129,CC0021,410000,2024,3,5052.94,2024-03-30
COP001130,CC0001,400000,2023,12,2613.47,2023-12-06
COP001131,CC0008,400000,2024,4,8815.47,2024-04-17
COP001132,CC0021,430000,2024,8,41173.43,2024-08-10
COP001133,CC0015,430000,2024,2,1959.37,2024-02-09
COP001134,CC0008,430000,2024,11,9053.96,2024-11-30
COP001135,CC0022,410000,2023,8,14111.6,2023-08-08
COP001136,CC0025,410000,2024,4,2215.15,2024-04-01
COP001137,CC0004,440000,2024,9,12666.35,2024-09-26
COP001138,CC0021,430000,2023,10,20893.61,2023-10-30
COP001139,CC0009,430000,2024,7,3518.46,2024-07-17
COP001140,CC0010,430000,2023,10,7293.18,2023-10-14
COP001141,CC0021,440000,2023,7,12832.81,2023-07-24
COP001142,CC0001,400000,2024,7,49475.48,2024-07-10
COP001143,CC0020,420000,2024,12,24244.38,2024-12-31
COP001144,CC0007,420000,2024,5,45677.51,2024-05-11
COP001145,CC0015,420000,2024,5,19724.87,2024-05-29
COP001146,CC0011,400000,2023,7,16284.44,2023-07-04
COP001147,CC0020,400000,2023,8,44840.36,2023-08-13
COP001148,CC0020,400000,2023,10,40528.37,2023-10-15
COP001149,CC0017,440000,2024,4,18192.93,2024-04-28
COP001150,CC0008,410000,2024,8,48712.0,2024-08-21
COP001151,CC0005,410000,2023,4,33014.79,2023-04-13
COP001152,CC0003,440000,2023,9,40906.12,2023-09-30
COP001153,CC0024,410000,2023,2,28996.76,2023-02-27
COP001154,CC0022,420000,2024,2,46792.7,2024-02-02
COP001155,CC0009,410000,2023,6,12209.28,2023-06-27
COP001156,CC0006,420000,2023,11,45742.01,2023-11-22
COP001157,CC0021,420000,2023,1,47404.16,2023-01-29
COP001158,CC0008,410000,2024,7,28373.89,2024-07-31
COP001159,CC0009,430000,2023,7,27335.17,2023-07-12
COP001160,CC0012,430000,2023,6,2379.21,2023-06-29
COP001161,CC0010,410000,2023,2,30282.31,2023-02-27
COP001162,CC0012,440000,2023,1,24160.45,2023-01-21
COP001163,CC0025,440000,2023,12,10472.49,2023-12-06
COP001164,CC0022,420000,2023,5,35988.41,2023-05-14
COP001165,CC0025,400000,2023,11,1584.69,2023-11-28
COP001166,CC0004,410000,2024,8,38831.14,2024-08-23
COP001167,CC0001,420000,2024,6,48047.66,2024-06-22
COP001168,CC0012,430000,2024,1,29507.82,2024-01-18
COP001169,CC0009,420000,2023,12,16468.86,2023-12-11
COP001170,CC0008,430000,2023,6,39696.2,2023-06-11
COP001171,CC0014,420000,2024,5,9123.03,2024-05-13
COP001172,CC0024,440000,2024,7,39456.09,2024-07-29
COP001173,CC0010,440000,2023,8,40815.48,2023-08-17
COP001174,CC0012,420000,2024,1,36832.75,2024-01-23
COP001175,CC0013,410000,2023,10,9296.56,2023-10-29
COP001176,CC0006,440000,2023,1,19884.27,2023-01-02
COP001177,CC0020,400000,2024,8,9513.05,2024-08-04
COP001178,CC0005,440000,2023,11,11434.31,2023-11-22
COP001179,CC0016,400000,2024,8,46866.05,2024-08-02
COP001180,CC0019,420000,2023,5,37394.49,2023-05-25
COP001181,CC0023,420000,2023,9,49127.79,2023-09-01
COP001182,CC0017,400000,2023,6,41172.26,2023-06-21
COP001183,CC0003,420000,2024,11,22608.18,2024-11-17
COP001184,CC0019,410000,2023,9,12852.27,2023-09-29
COP001185,CC0020,420000,2023,3,13204.57,2023-03-11
COP001186,CC0002,400000,2023,4,2883.3,2023-04-21
COP001187,CC0023,430000,2024,3,48470.54,2024-03-24
COP001188,CC0014,430000,2024,2,44147.65,2024-02-28
COP001189,CC0020,440000,2023,12,19079.7,2023-12-26
COP001190,CC0013,440000,2024,5,32722.99,2024-05-05
COP001191,CC0022,410000,2024,12,8551.5,2024-12-04
COP001192,CC0016,400000,2023,3,15097.98,2023-03-17
COP001193,CC0008,420000,2023,11,47607.28,2023-11-23
COP001194,CC0009,420000,2023,3,8920.21,2023-03-17
COP001195,CC0025,410000,2024,1,36733.26,2024-01-20
COP001196,CC0009,400000,2024,7,17228.55,2024-07-14
COP001197,CC0021,430000,2024,9,35372.98,2024-09-20
COP001198,CC0012,410000,2024,3,30562.22,2024-03-17
COP001199,CC0018,410000,2024,3,3151.01,2024-03-20
COP001200,CC0006,410000,2023,12,48732.72,2023-12-06
COP001201,CC0004,440000,2024,2,36240.89,2024-02-24
COP001202,CC0015,420000,2024,7,33199.6,2024-07-07
COP001203,CC0001,410000,2023,11,5247.84,2023-11-01
COP001204,CC0022,440000,2024,2,27708.3,2024-02-07
COP001205,CC0009,410000,2024,5,3197.99,2024-05-17
COP001206,CC0006,430000,2023,1,4837.6,2023-01-04
COP001207,CC0013,440000,2024,11,24276.26,2024-11-08
COP001208,CC0006,400000,2023,4,10744.17,2023-04-10
COP001209,CC0013,420000,2024,10,48864.36,2024-10-15
COP001210,CC0016,400000,2024,4,15763.49,2024-04-29
COP001211,CC0025,430000,2024,2,24710.29,2024-02-12
COP001212,CC0019,420000,2024,11,5011.28,2024-11-07
COP001213,CC0025,430000,2024,7,9651.62,2024-07-11
COP001214,CC0020,420000,2024,1,9735.86,2024-01-26
COP001215,CC0020,420000,2023,2,22267.15,2023-02-15
COP001216,CC0016,410000,2023,9,41935.4,2023-09-27
COP001217,CC0016,400000,2024,7,7980.97,2024-07-31
COP001218,CC0024,400000,2024,12,4742.51,2024-12-14
COP001219,CC0017,440000,2023,12,20992.34,2023-12-19
COP001220,CC0021,410000,2024,8,27903.29,2024-08-26
COP001221,CC0005,440000,2024,2,21222.29,2024-02-01
COP001222,CC0002,430000,2024,7,28849.36,2024-07-02
COP001223,CC0002,430000,2023,8,15293.18,2023-08-30
COP001224,CC0004,400000,2024,2,25354.02,2024-02-09
COP001225,CC0004,440000,2024,6,34037.98,2024-06-13
COP001226,CC0022,410000,2024,9,6453.95,2024-09-27
COP001227,CC0004,410000,2024,4,47478.54,2024-04-04
COP001228,CC0010,410000,2023,6,40518.81,2023-06-21
COP001229,CC0017,400000,2023,5,21457.06,2023-05-10
COP001230,CC0001,430000,2024,11,10495.0,2024-11-30
COP001231,CC0025,410000,2024,10,41788.35,2024-10-04
COP001232,CC0009,420000,2023,9,45584.82,2023-09-22
COP001233,CC0007,400000,2023,3,19710.91,2023-03-10
COP001234,CC0009,440000,2024,2,16643.28,2024-02-11
COP001235,CC0015,440000,2023,10,23178.78,2023-10-10
COP001236,CC0017,440000,2023,1,29585.02,2023-01-13
COP001237,CC0020,400000,2024,3,21014.9,2024-03-05
COP001238,CC0020,440000,2023,6,29602.74,2023-06-01
COP001239,CC0011,400000,2023,4,28352.85,2023-04-13
COP001240,CC0023,420000,2023,4,43440.03,2023-04-14
COP001241,CC0022,430000,2023,12,13574.76,2023-12-19
COP001242,CC0005,430000,2024,11,28815.15,2024-11-01
COP001243,CC0017,400000,2024,4,9023.89,2024-04-29
COP001244,CC0015,410000,2024,2,31103.1,2024-02-17
COP001245,CC0003,430000,2024,11,2419.74,2024-11-28
COP001246,CC0008,410000,2023,12,2939.9,2023-12-06
COP001247,CC0016,420000,2024,5,44903.05,2024-05-01
COP001248,CC0010,420000,2023,1,40960.6,2023-01-21
COP001249,CC0020,420000,2023,11,14377.16,2023-11-07
COP001250,CC0010,400000,2024,5,48638.58,2024-05-18
COP001251,CC0008,410000,2023,8,15373.78,2023-08-22
COP001252,CC0021,420000,2024,3,13836.29,2024-03-29
COP001253,CC0016,440000,2024,3,32454.96,2024-03-02
COP001254,CC0017,430000,2023,7,10963.83,2023-07-12
COP001255,CC0011,430000,2024,2,38094.92,2024-02-21
COP001256,CC0012,400000,2024,1,26005.85,2024-01-18
COP001257,CC0003,400000,2023,6,15900.59,2023-06-12
COP001258,CC0010,430000,2024,6,7214.67,2024-06-02
COP001259,CC0001,440000,2024,6,1932.93,2024-06-20
COP001260,CC0003,410000,2023,7,41930.35,2023-07-17
COP001261,CC0007,400000,2023,9,23094.21,2023-09-13
COP001262,CC0008,410000,2024,1,14061.89,2024-01-05
COP001263,CC0012,440000,2024,4,20148.64,2024-04-20
COP001264,CC0019,400000,2023,5,12475.94,2023-05-07
COP001265,CC0009,440000,2024,5,22582.12,2024-05-15
COP001266,CC0016,440000,2024,4,27791.02,2024-04-30
COP001267,CC0006,410000,2023,12,41963.86,2023-12-19
COP001268,CC0008,400000,2023,9,14610.93,2023-09-22
COP001269,CC0011,400000,2024,1,8563.92,2024-01-31
COP001270,CC0016,410000,2024,8,42927.0,2024-08-08
COP001271,CC0015,410000,2024,10,34045.91,2024-10-24
COP001272,CC0017,430000,2023,10,25907.42,2023-10-03
COP001273,CC0017,400000,2024,11,23967.81,2024-11-29
COP001274,CC0009,410000,2023,5,30256.53,2023-05-16
COP001275,CC0025,410000,2023,1,12993.33,2023-01-09
COP001276,CC0020,420000,2023,11,21478.44,2023-11-09
COP001277,CC0011,420000,2024,1,23220.4,2024-01-21
COP001278,CC0019,430000,2023,8,15456.18,2023-08-12
COP001279,CC0004,440000,2024,6,20159.05,2024-06-17
COP001280,CC0022,400000,2023,4,25819.93,2023-04-15
COP001281,CC0019,420000,2024,11,28292.13,2024-11-09
COP001282,CC0024,440000,2024,8,14492.51,2024-08-31
COP001283,CC0023,400000,2024,12,24346.05,2024-12-01
COP001284,CC0021,420000,2023,12,32209.44,2023-12-11
COP001285,CC0013,420000,2023,10,32977.92,2023-10-11
COP001286,CC0003,420000,2024,10,9823.82,2024-10-29
COP001287,CC0023,410000,2024,6,45034.51,2024-06-13
COP001288,CC0024,430000,2024,9,33196.25,2024-09-06
COP001289,CC0005,410000,2024,11,36203.52,2024-11-28
COP001290,CC0025,430000,2024,11,49874.72,2024-11-02
COP001291,CC0012,430000,2023,9,20527.65,2023-09-23
COP001292,CC0010,440000,2023,2,35549.41,2023-02-06
COP001293,CC0007,410000,2024,8,17486.77,2024-08-08
COP001294,CC0021,410000,2024,12,34472.75,2024-12-31
COP001295,CC0011,430000,2024,10,45373.06,2024-10-15
COP001296,CC0019,420000,2024,11,25612.09,2024-11-18
COP001297,CC0011,440000,2023,6,9466.22,2023-06-24
COP001298,CC0008,430000,2023,4,6833.23,2023-04-10
COP001299,CC0025,440000,2023,9,38264.45,2023-09-22
COP001300,CC0016,420000,2023,7,32894.51,2023-07-07
COP001301,CC0001,420000,2023,8,11554.73,2023-08-16
COP001302,CC0015,430000,2023,11,39510.48,2023-11-11
COP001303,CC0020,420000,2023,12,13397.68,2023-12-06
COP001304,CC0020,430000,2023,10,42635.09,2023-10-29
COP001305,CC0014,400000,2024,4,43386.47,2024-04-26
COP001306,CC0021,440000,2024,8,47242.9,2024-08-20
COP001307,CC0025,430000,2023,3,44526.59,2023-03-14
COP001308,CC0025,400000,2024,5,43441.14,2024-05-27
COP001309,CC0014,440000,2024,1,15268.61,2024-01-26
COP001310,CC0024,410000,2023,2,7299.58,2023-02-25
COP001311,CC0023,420000,2023,7,20755.0,2023-07-25
COP001312,CC0024,430000,2024,8,7589.6,2024-08-06
COP001313,CC0016,400000,2023,7,24635.25,2023-07-04
COP001314,CC0016,410000,2024,10,16014.0,2024-10-08
COP001315,CC0006,400000,2023,3,22876.63,2023-03-01
COP001316,CC0008,410000,2023,8,29025.81,2023-08-03
COP001317,CC0010,430000,2023,6,39367.94,2023-06-12
COP001318,CC0023,410000,2023,4,30916.75,2023-04-01
COP001319,CC0011,430000,2024,10,20467.98,2024-10-10
COP001320,CC0017,430000,2024,5,731.12,2024-05-03
COP001321,CC0021,410000,2024,6,36667.62,2024-06-30
COP001322,CC0021,420000,2023,1,37963.96,2023-01-15
COP001323,CC0008,410000,2024,6,1386.85,2024-06-27
COP001324,CC0008,410000,2023,1,11700.15,2023-01-05
COP001325,CC0003,420000,2023,12,6882.07,2023-12-19
COP001326,CC0025,440000,2024,1,29639.2,2024-01-28
COP001327,CC0017,400000,2023,6,41280.27,2023-06-21
COP001328,CC0022,420000,2023,11,23068.35,2023-11-02
COP001329,CC0002,440000,2024,6,26443.82,2024-06-16
COP001330,CC0001,410000,2024,3,17465.28,2024-03-20
COP001331,CC0019,420000,2024,5,37630.72,2024-05-16
COP001332,CC0018,430000,2023,6,1446.67,2023-06-18
COP001333,CC0007,410000,2023,8,10953.92,2023-08-18
COP001334,CC0023,440000,2023,1,25479.36,2023-01-23
COP001335,CC0002,420000,2023,5,35699.95,2023-05-07
COP001336,CC0008,430000,2023,2,43888.93,2023-02-08
COP001337,CC0006,440000,2023,9,31345.17,2023-09-19
COP001338,CC0013,400000,2024,8,33267.51,2024-08-31
COP001339,CC0005,400000,2024,10,2887.64,2024-10-31
COP001340,CC0016,430000,2023,4,22493.56,2023-04-29
COP001341,CC0008,440000,2023,5,13010.55,2023-05-07
COP001342,CC0012,410000,2024,12,10672.0,2024-12-19
COP001343,CC0025,400000,2024,12,15405.26,2024-12-03
COP001344,CC0016,400000,2024,11,33292.91,2024-11-08
COP001345,CC0019,440000,2023,10,30478.9,2023-10-04
COP001346,CC0011,430000,2023,5,41617.31,2023-05-21
COP001347,CC0022,440000,2023,4,36078.93,2023-04-18
COP001348,CC0006,420000,2023,5,6143.62,2023-05-01
COP001349,CC0010,430000,2023,4,10333.01,2023-04-19
COP001350,CC0014,420000,2023,7,41659.19,2023-07-24
COP001351,CC0015,420000,2023,7,35320.12,2023-07-26
COP001352,CC0015,410000,2023,10,2450.58,2023-10-30
COP001353,CC0025,410000,2024,5,34566.09,2024-05-23
COP001354,CC0019,420000,2024,5,12108.01,2024-05-07
COP001355,CC0022,400000,2023,1,45390.56,2023-01-14
COP001356,CC0020,430000,2024,8,7882.65,2024-08-10
COP001357,CC0010,440000,2023,4,4214.89,2023-04-03
COP001358,CC0004,420000,2023,4,32394.67,2023-04-14
COP001359,CC0022,420000,2024,4,13574.19,2024-04-12
COP001360,CC0009,400000,2023,2,40752.33,2023-02-21
COP001361,CC0010,420000,2023,2,18330.63,2023-02-10
COP001362,CC0018,420000,2024,11,21586.76,2024-11-24
COP001363,CC0020,400000,2023,4,42636.67,2023-04-29
COP001364,CC0006,400000,2023,2,42673.94,2023-02-16
COP001365,CC0025,410000,2024,11,16768.71,2024-11-10
COP001366,CC0025,440000,2024,3,13781.32,2024-03-24
COP001367,CC0006,420000,2023,4,40840.73,2023-04-06
COP001368,CC0013,400000,2023,7,20338.49,2023-07-07
COP001369,CC0017,420000,2024,4,41867.56,2024-04-12
COP001370,CC0007,430000,2024,12,40095.01,2024-12-07
COP001371,CC0024,410000,2024,10,6096.3,2024-10-26
COP001372,CC0018,400000,2024,12,49087.67,2024-12-13
COP001373,CC0014,400000,2023,6,21093.37,2023-06-13
COP001374,CC0011,430000,2024,8,40212.11,2024-08-27
COP001375,CC0004,430000,2024,11,9472.4,2024-11-25
COP001376,CC0009,420000,2024,1,30762.24,2024-01-24
COP001377,CC0023,410000,2024,12,24412.44,2024-12-01
COP001378,CC0023,400000,2024,5,44435.9,2024-05-14
COP001379,CC0003,400000,2024,3,3635.13,2024-03-27
COP001380,CC0019,420000,2024,11,1111.83,2024-11-01
COP001381,CC0009,440000,2024,11,38492.67,2024-11-25
COP001382,CC0014,440000,2024,8,11587.25,2024-08-13
COP001383,CC0013,420000,2024,11,26195.43,2024-11-16
COP001384,CC0009,440000,2024,12,5214.49,2024-12-05
COP001385,CC0025,410000,2024,11,24355.52,2024-11-08
COP001386,CC0015,430000,2024,11,7858.4,2024-11-10
COP001387,CC0014,440000,2024,7,3201.02,2024-07-25
COP001388,CC0025,410000,2024,10,25525.59,2024-10-20
COP001389,CC0013,430000,2024,4,43536.07,2024-04-25
COP001390,CC0009,430000,2023,3,16371.37,2023-03-18
COP001391,CC0003,420000,2023,12,2992.36,2023-12-05
COP001392,CC0022,440000,2023,8,32344.21,2023-08-17
COP001393,CC0004,410000,2024,2,4402.11,2024-02-17
COP001394,CC0019,440000,2024,3,22680.88,2024-03-30
COP001395,CC0022,430000,2024,5,16145.05,2024-05-25
COP001396,CC0016,400000,2024,5,5580.84,2024-05-24
COP001397,CC0011,400000,2024,2,28077.99,2024-02-27
COP001398,CC0022,400000,2023,1,39693.27,2023-01-01
COP001399,CC0002,420000,2024,9,44560.49,2024-09-25
COP001400,CC0006,410000,2024,7,32902.5,2024-07-29
COP001401,CC0021,420000,2024,4,18485.45,2024-04-12
COP001402,CC0022,410000,2023,2,42293.71,2023-02-25
COP001403,CC0025,440000,2023,12,38487.11,2023-12-06
COP001404,CC0019,430000,2024,9,35974.57,2024-09-06
COP001405,CC0008,430000,2024,1,6144.16,2024-01-08
COP001406,CC0007,410000,2024,11,608.75,2024-11-05
COP001407,CC0001,420000,2023,12,27610.68,2023-12-30
COP001408,CC0022,400000,2024,1,2766.02,2024-01-18
COP001409,CC0004,430000,2023,6,7452.23,2023-06-18
COP001410,CC0021,400000,2024,2,13087.32,2024-02-24
COP001411,CC0016,410000,2023,7,6476.92,2023-07-20
COP001412,CC0020,410000,2024,2,23123.78,2024-02-07
COP001413,CC0009,420000,2023,7,5834.4,2023-07-15
COP001414,CC0006,400000,2024,2,46368.01,2024-02-29
COP001415,CC0017,440000,2024,11,6599.35,2024-11-19
COP001416,CC0020,430000,2024,4,33093.61,2024-04-06
COP001417,CC0010,410000,2024,5,48210.81,2024-05-31
COP001418,CC0025,440000,2023,1,36942.59,2023-01-05
COP001419,CC0021,430000,2024,7,42021.4,2024-07-20
COP001420,CC0007,440000,2024,5,39163.53,2024-05-09
COP001421,CC0013,440000,2023,7,9095.69,2023-07-01
COP001422,CC0022,400000,2023,5,19676.58,2023-05-12
COP001423,CC0004,440000,2024,9,44193.45,2024-09-06
COP001424,CC0015,430000,2024,5,21223.9,2024-05-31
COP001425,CC0013,410000,2024,9,14043.0,2024-09-15
COP001426,CC0024,420000,2023,12,22915.86,2023-12-18
COP001427,CC0008,410000,2023,5,20930.9,2023-05-17
COP001428,CC0012,440000,2024,12,15296.2,2024-12-17
COP001429,CC0021,440000,2024,12,43105.02,2024-12-19
COP001430,CC0013,440000,2024,12,31812.87,2024-12-29
COP001431,CC0008,410000,2023,7,31396.3,2023-07-25
COP001432,CC0017,420000,2023,10,46098.99,2023-10-25
COP001433,CC0011,410000,2023,5,25442.73,2023-05-16
COP001434,CC0002,420000,2024,12,35662.46,2024-12-11
COP001435,CC0002,440000,2023,12,24278.31,2023-12-27
COP001436,CC0013,430000,2024,8,33875.05,2024-08-07
COP001437,CC0010,420000,2024,6,43935.12,2024-06-30
COP001438,CC0009,400000,2024,3,26375.13,2024-03-08
COP001439,CC0024,430000,2023,1,7693.67,2023-01-26
COP001440,CC0019,400000,2024,11,10395.17,2024-11-17
COP001441,CC0024,420000,2023,6,34327.82,2023-06-14
COP001442,CC0025,400000,2023,5,34684.45,2023-05-30
COP001443,CC0011,410000,2023,10,37802.9,2023-10-30
COP001444,CC0001,420000,2023,2,40794.3,2023-02-03
COP001445,CC0023,440000,2023,4,43467.75,2023-04-15
COP001446,CC0019,410000,2024,7,37249.43,2024-07-29
COP001447,CC0018,430000,2024,7,12260.98,2024-07-28
COP001448,CC0002,420000,2024,12,34800.34,2024-12-13
COP001449,CC0004,430000,2023,2,19683.96,2023-02-18
COP001450,CC0014,420000,2024,12,48308.74,2024-12-02
COP001451,CC0004,400000,2023,2,37311.66,2023-02-25
COP001452,CC0010,440000,2023,7,43508.07,2023-07-27
COP001453,CC0004,410000,2024,3,45618.58,2024-03-29
COP001454,CC0012,420000,2024,12,37877.83,2024-12-22
COP001455,CC0021,440000,2024,7,10225.22,2024-07-13
COP001456,CC0024,420000,2023,7,22716.34,2023-07-18
COP001457,CC0017,400000,2024,11,9755.34,2024-11-30
COP001458,CC0004,440000,2023,6,6408.01,2023-06-27
COP001459,CC0007,430000,2023,2,14316.06,2023-02-11
COP001460,CC0015,410000,2023,9,8465.98,2023-09-28
COP001461,CC0021,400000,2023,9,16862.86,2023-09-19
COP001462,CC0020,410000,2024,12,2477.06,2024-12-27
COP001463,CC0014,440000,2023,11,3017.34,2023-11-27
COP001464,CC0019,440000,2024,10,42235.43,2024-10-02
COP001465,CC0001,430000,2023,11,39600.46,2023-11-05
COP001466,CC0009,420000,2024,7,4107.6,2024-07-17
COP001467,CC0025,420000,2024,12,26507.06,2024-12-25
COP001468,CC0002,440000,2023,7,3874.74,2023-07-08
COP001469,CC0005,410000,2024,6,21088.6,2024-06-01
COP001470,CC0013,430000,2024,7,5051.3,2024-07-03
COP001471,CC0024,410000,2023,8,33335.06,2023-08-15
COP001472,CC0007,420000,2023,12,15031.93,2023-12-06
COP001473,CC0006,440000,2024,9,24005.43,2024-09-25
COP001474,CC0016,400000,2024,7,6178.74,2024-07-28
COP001475,CC0019,430000,2023,12,12397.22,2023-12-21
COP001476,CC0003,440000,2024,10,45971.06,2024-10-19
COP001477,CC0008,400000,2023,9,34286.29,2023-09-07
COP001478,CC0007,430000,2023,11,45838.66,2023-11-25
COP001479,CC0024,430000,2023,4,13201.23,2023-04-27
COP001480,CC0016,400000,2023,10,45611.13,2023-10-17
COP001481,CC0014,440000,2024,1,40239.43,2024-01-19
COP001482,CC0005,430000,2024,4,2670.66,2024-04-01
COP001483,CC0005,410000,2024,10,16355.48,2024-10-29
COP001484,CC0010,400000,2023,3,8786.04,2023-03-26
COP001485,CC0015,440000,2024,7,862.86,2024-07-04
COP001486,CC0003,410000,2023,3,33681.59,2023-03-09
COP001487,CC0008,430000,2023,8,41865.42,2023-08-07
COP001488,CC0006,440000,2023,7,41523.06,2023-07-30
COP001489,CC0024,400000,2024,3,37471.1,2024-03-21
COP001490,CC0009,400000,2023,6,23231.65,2023-06-07
COP001491,CC0010,400000,2023,12,4832.28,2023-12-06
COP001492,CC0007,410000,2023,2,39813.63,2023-02-25
COP001493,CC0011,400000,2024,7,28960.63,2024-07-25
COP001494,CC0004,420000,2023,8,20677.82,2023-08-22
COP001495,CC0016,430000,2024,4,21934.74,2024-04-06
COP001496,CC0021,430000,2023,1,33828.29,2023-01-18
COP001497,CC0019,400000,2024,7,32250.43,2024-07-01
COP001498,CC0018,400000,2024,9,37920.05,2024-09-25
COP001499,CC0004,400000,2024,8,35193.66,2024-08-22
COP001500,CC0012,420000,2023,3,46438.36,2023-03-16
