lead_id,customer_id,lead_source,lead_status,created_date,owner_employee_id
LEAD00001,CUNQ001861,Website,New,2024-10-16,EMP00163
LEAD00002,CUNQ001294,Referral,Contacted,2023-10-09,EMP00157
LEAD00003,CUNQ000612,Social Media,Converted,2023-04-15,EMP00064
LEAD00004,CUNQ001096,Website,Qualified,2024-07-12,EMP00175
LEAD00005,CUNQ001049,Website,New,2023-02-02,EMP00248
LEAD00006,CUNQ000002,Marketing Campaign,Converted,2023-08-27,EMP00120
LEAD00007,CUNQ001569,Referral,Converted,2024-07-28,EMP00230
LEAD00008,CUNQ001162,Marketing Campaign,Qualified,2024-12-19,EMP00064
LEAD00009,CUNQ000101,Marketing Campaign,Contacted,2024-04-04,EMP00175
LEAD00010,CUNQ001889,Referral,Converted,2023-01-07,EMP00199
LEAD00011,CUNQ001418,Trade Show,Contacted,2023-12-15,EMP00120
LEAD00012,CUNQ000135,Website,New,2023-12-11,EMP00163
LEAD00013,CUNQ000541,Trade Show,Converted,2023-04-10,EMP00163
LEAD00014,CUNQ001232,Trade Show,Converted,2024-09-10,EMP00199
LEAD00015,CUNQ001241,Marketing Campaign,New,2024-04-15,EMP00163
LEAD00016,CUNQ000124,Website,Qualified,2024-01-23,EMP00084
LEAD00017,CUNQ000210,Marketing Campaign,Lost,2024-10-05,EMP00016
LEAD00018,CUNQ000275,Marketing Campaign,Contacted,2024-01-06,EMP00064
LEAD00019,CUNQ000610,Website,Converted,2023-03-13,EMP00201
LEAD00020,CUNQ001551,Website,Lost,2023-10-24,EMP00230
LEAD00021,CUNQ000341,Cold Call,Contacted,2023-04-14,EMP00201
LEAD00022,CUNQ001160,Trade Show,Contacted,2024-10-12,EMP00211
LEAD00023,CUNQ000076,Referral,Converted,2023-12-30,EMP00170
LEAD00024,CUNQ000257,Social Media,Converted,2024-12-19,EMP00077
LEAD00025,CUNQ000598,Social Media,Contacted,2024-09-15,EMP00221
LEAD00026,CUNQ001799,Referral,Qualified,2023-09-08,EMP00199
LEAD00027,CUNQ000764,Social Media,Converted,2023-10-04,EMP00230
LEAD00028,CUNQ000453,Social Media,Contacted,2023-08-13,EMP00076
LEAD00029,CUNQ001470,Referral,Converted,2023-02-27,EMP00209
LEAD00030,CUNQ001050,Cold Call,Contacted,2023-11-20,EMP00077
LEAD00031,CUNQ001837,Marketing Campaign,Lost,2023-08-05,EMP00230
LEAD00032,CUNQ001264,Referral,Converted,2023-11-19,EMP00064
LEAD00033,CUNQ000763,Social Media,Qualified,2024-02-10,EMP00199
LEAD00034,CUNQ001552,Referral,Contacted,2023-09-29,EMP00209
LEAD00035,CUNQ001689,Marketing Campaign,Contacted,2024-07-28,EMP00211
LEAD00036,CUNQ000902,Cold Call,Lost,2024-08-21,EMP00221
LEAD00037,CUNQ001909,Trade Show,Contacted,2024-02-13,EMP00064
LEAD00038,CUNQ001676,Marketing Campaign,Qualified,2023-05-22,EMP00016
LEAD00039,CUNQ001662,Website,Contacted,2023-02-18,EMP00199
LEAD00040,CUNQ001043,Social Media,Qualified,2023-06-13,EMP00071
LEAD00041,CUNQ000157,Cold Call,Qualified,2023-03-07,EMP00016
LEAD00042,CUNQ001394,Marketing Campaign,Contacted,2024-04-24,EMP00064
LEAD00043,CUNQ001082,Website,Converted,2024-07-20,EMP00248
LEAD00044,CUNQ000613,Social Media,Lost,2023-04-28,EMP00175
LEAD00045,CUNQ000082,Social Media,Contacted,2023-10-01,EMP00175
LEAD00046,CUNQ001259,Cold Call,Contacted,2023-10-28,EMP00170
LEAD00047,CUNQ000229,Social Media,Lost,2023-01-04,EMP00071
LEAD00048,CUNQ001526,Marketing Campaign,Converted,2023-09-27,EMP00076
LEAD00049,CUNQ001935,Website,Lost,2024-06-03,EMP00157
LEAD00050,CUNQ001156,Social Media,Qualified,2023-11-02,EMP00084
LEAD00051,CUNQ001657,Referral,Qualified,2023-07-23,EMP00163
LEAD00052,CUNQ000927,Marketing Campaign,Lost,2023-06-15,EMP00157
LEAD00053,CUNQ000743,Website,Qualified,2024-06-27,EMP00157
LEAD00054,CUNQ001690,Website,New,2024-05-15,EMP00120
LEAD00055,CUNQ000390,Trade Show,Contacted,2024-01-07,EMP00199
LEAD00056,CUNQ001075,Marketing Campaign,Lost,2023-09-04,EMP00201
LEAD00057,CUNQ001490,Social Media,Qualified,2023-03-29,EMP00211
LEAD00058,CUNQ000334,Marketing Campaign,Converted,2023-03-12,EMP00076
LEAD00059,CUNQ000984,Social Media,Qualified,2023-05-12,EMP00170
LEAD00060,CUNQ001097,Referral,Contacted,2024-07-16,EMP00076
LEAD00061,CUNQ000476,Cold Call,Lost,2024-09-13,EMP00163
LEAD00062,CUNQ000088,Social Media,Converted,2024-07-06,EMP00209
LEAD00063,CUNQ001897,Trade Show,Qualified,2024-12-31,EMP00163
LEAD00064,CUNQ000370,Social Media,Qualified,2024-11-18,EMP00248
LEAD00065,CUNQ001577,Cold Call,New,2024-06-13,EMP00221
LEAD00066,CUNQ001345,Website,Contacted,2023-08-19,EMP00157
LEAD00067,CUNQ001814,Marketing Campaign,Contacted,2024-08-25,EMP00201
LEAD00068,CUNQ001420,Website,New,2023-08-14,EMP00120
LEAD00069,CUNQ001974,Website,Contacted,2024-10-08,EMP00077
LEAD00070,CUNQ001107,Trade Show,New,2023-02-02,EMP00221
LEAD00071,CUNQ001411,Trade Show,Converted,2023-09-01,EMP00199
LEAD00072,CUNQ001946,Marketing Campaign,New,2023-08-08,EMP00077
LEAD00073,CUNQ000245,Marketing Campaign,Qualified,2024-08-07,EMP00249
LEAD00074,CUNQ000760,Cold Call,Contacted,2024-04-29,EMP00163
LEAD00075,CUNQ000284,Social Media,Qualified,2023-04-10,EMP00249
LEAD00076,CUNQ001797,Cold Call,Qualified,2024-03-09,EMP00249
LEAD00077,CUNQ000880,Social Media,Converted,2023-02-25,EMP00230
LEAD00078,CUNQ000532,Website,New,2024-10-23,EMP00084
LEAD00079,CUNQ001211,Website,Contacted,2023-12-14,EMP00163
LEAD00080,CUNQ000778,Marketing Campaign,Qualified,2023-07-14,EMP00071
LEAD00081,CUNQ000190,Referral,Contacted,2024-03-08,EMP00071
LEAD00082,CUNQ001194,Website,Qualified,2023-09-13,EMP00084
LEAD00083,CUNQ001958,Website,New,2024-07-17,EMP00209
LEAD00084,CUNQ000090,Website,Lost,2024-07-07,EMP00211
LEAD00085,CUNQ001296,Referral,Qualified,2023-08-31,EMP00016
LEAD00086,CUNQ001886,Referral,Lost,2024-05-07,EMP00248
LEAD00087,CUNQ001408,Referral,Qualified,2023-03-02,EMP00248
LEAD00088,CUNQ000140,Trade Show,Lost,2024-02-04,EMP00157
LEAD00089,CUNQ000974,Trade Show,Qualified,2024-04-10,EMP00120
LEAD00090,CUNQ001083,Social Media,Converted,2024-07-23,EMP00249
LEAD00091,CUNQ001608,Referral,Contacted,2023-06-08,EMP00071
LEAD00092,CUNQ000941,Marketing Campaign,Converted,2023-03-01,EMP00120
LEAD00093,CUNQ000475,Social Media,Contacted,2023-03-04,EMP00230
LEAD00094,CUNQ000936,Marketing Campaign,Qualified,2023-02-21,EMP00157
LEAD00095,CUNQ001733,Referral,New,2024-06-27,EMP00249
LEAD00096,CUNQ000849,Website,Lost,2024-06-04,EMP00248
LEAD00097,CUNQ000378,Marketing Campaign,New,2023-03-12,EMP00221
LEAD00098,CUNQ000163,Cold Call,New,2023-08-29,EMP00230
LEAD00099,CUNQ000485,Referral,Qualified,2024-08-06,EMP00175
LEAD00100,CUNQ001530,Marketing Campaign,New,2023-02-10,EMP00221
LEAD00101,CUNQ001236,Marketing Campaign,Qualified,2024-11-04,EMP00248
LEAD00102,CUNQ000371,Trade Show,Contacted,2023-11-20,EMP00249
LEAD00103,CUNQ001503,Referral,Contacted,2023-11-18,EMP00230
LEAD00104,CUNQ000337,Social Media,Converted,2023-05-15,EMP00209
LEAD00105,CUNQ000285,Trade Show,Lost,2024-04-13,EMP00016
LEAD00106,CUNQ000658,Website,Qualified,2023-03-16,EMP00209
LEAD00107,CUNQ000021,Website,New,2024-07-30,EMP00209
LEAD00108,CUNQ000343,Marketing Campaign,Contacted,2023-08-07,EMP00064
LEAD00109,CUNQ001836,Website,Lost,2023-12-24,EMP00211
LEAD00110,CUNQ001663,Trade Show,Contacted,2024-01-14,EMP00230
LEAD00111,CUNQ000201,Social Media,Contacted,2024-07-10,EMP00221
LEAD00112,CUNQ000256,Marketing Campaign,New,2024-10-31,EMP00221
LEAD00113,CUNQ000673,Trade Show,Lost,2024-07-21,EMP00084
LEAD00114,CUNQ001318,Referral,Contacted,2023-04-17,EMP00211
LEAD00115,CUNQ001269,Social Media,Qualified,2023-04-20,EMP00248
LEAD00116,CUNQ000725,Trade Show,Converted,2023-10-06,EMP00249
LEAD00117,CUNQ001874,Referral,Converted,2023-12-18,EMP00163
LEAD00118,CUNQ000554,Marketing Campaign,Qualified,2023-09-28,EMP00076
LEAD00119,CUNQ000439,Website,Converted,2023-02-22,EMP00211
LEAD00120,CUNQ000020,Website,New,2023-10-11,EMP00084
LEAD00121,CUNQ000519,Social Media,Lost,2023-05-14,EMP00201
LEAD00122,CUNQ000573,Social Media,Qualified,2023-06-15,EMP00077
LEAD00123,CUNQ001868,Cold Call,Qualified,2024-12-23,EMP00199
LEAD00124,CUNQ001358,Website,Lost,2023-04-25,EMP00076
LEAD00125,CUNQ000584,Referral,Qualified,2024-12-08,EMP00221
LEAD00126,CUNQ000451,Marketing Campaign,Qualified,2024-01-14,EMP00199
LEAD00127,CUNQ000302,Referral,New,2024-03-16,EMP00209
LEAD00128,CUNQ000614,Website,Lost,2024-01-09,EMP00076
LEAD00129,CUNQ001045,Social Media,Contacted,2023-08-04,EMP00248
LEAD00130,CUNQ001482,Trade Show,Converted,2023-04-16,EMP00016
LEAD00131,CUNQ000300,Marketing Campaign,Converted,2024-02-21,EMP00201
LEAD00132,CUNQ001425,Referral,Lost,2023-08-31,EMP00170
LEAD00133,CUNQ000630,Cold Call,New,2023-07-01,EMP00163
LEAD00134,CUNQ001591,Cold Call,Converted,2023-12-07,EMP00221
LEAD00135,CUNQ000458,Trade Show,Contacted,2023-09-12,EMP00076
LEAD00136,CUNQ001805,Website,Qualified,2024-12-19,EMP00170
LEAD00137,CUNQ001613,Cold Call,Contacted,2023-02-09,EMP00209
LEAD00138,CUNQ001068,Trade Show,Contacted,2024-04-16,EMP00064
LEAD00139,CUNQ001109,Referral,New,2023-08-22,EMP00209
LEAD00140,CUNQ001842,Cold Call,Contacted,2023-07-17,EMP00120
LEAD00141,CUNQ000947,Trade Show,Qualified,2023-03-13,EMP00170
LEAD00142,CUNQ000510,Cold Call,Converted,2024-06-05,EMP00064
LEAD00143,CUNQ001422,Trade Show,Lost,2024-07-03,EMP00120
LEAD00144,CUNQ000865,Trade Show,Contacted,2023-04-29,EMP00120
LEAD00145,CUNQ001118,Website,New,2023-09-29,EMP00209
LEAD00146,CUNQ000486,Trade Show,Converted,2024-03-20,EMP00071
LEAD00147,CUNQ000340,Cold Call,Converted,2023-11-18,EMP00157
LEAD00148,CUNQ000793,Website,Qualified,2024-06-07,EMP00221
LEAD00149,CUNQ000224,Referral,Contacted,2024-08-13,EMP00016
LEAD00150,CUNQ001982,Cold Call,New,2024-12-26,EMP00221
LEAD00151,CUNQ001542,Social Media,Converted,2024-07-05,EMP00163
LEAD00152,CUNQ001582,Referral,Qualified,2024-11-17,EMP00084
LEAD00153,CUNQ001807,Social Media,Lost,2023-03-13,EMP00120
LEAD00154,CUNQ001418,Trade Show,Converted,2024-09-30,EMP00170
LEAD00155,CUNQ000085,Social Media,Lost,2023-05-08,EMP00064
LEAD00156,CUNQ001719,Trade Show,Converted,2024-06-03,EMP00120
LEAD00157,CUNQ001171,Cold Call,Converted,2023-12-01,EMP00077
LEAD00158,CUNQ001049,Referral,Contacted,2024-07-21,EMP00163
LEAD00159,CUNQ001214,Cold Call,Converted,2024-11-11,EMP00201
LEAD00160,CUNQ001403,Marketing Campaign,Qualified,2023-06-28,EMP00170
LEAD00161,CUNQ000199,Marketing Campaign,Converted,2024-02-20,EMP00076
LEAD00162,CUNQ001351,Trade Show,Contacted,2023-11-08,EMP00170
LEAD00163,CUNQ001793,Marketing Campaign,Converted,2024-08-16,EMP00071
LEAD00164,CUNQ000285,Cold Call,Qualified,2024-04-21,EMP00084
LEAD00165,CUNQ001252,Marketing Campaign,Qualified,2023-08-07,EMP00084
LEAD00166,CUNQ001609,Social Media,New,2023-06-23,EMP00230
LEAD00167,CUNQ000143,Social Media,Converted,2024-06-11,EMP00120
LEAD00168,CUNQ001218,Website,Converted,2023-12-10,EMP00201
LEAD00169,CUNQ000256,Social Media,Contacted,2023-08-29,EMP00120
LEAD00170,CUNQ001068,Referral,New,2023-07-23,EMP00209
LEAD00171,CUNQ001545,Cold Call,Converted,2023-09-08,EMP00071
LEAD00172,CUNQ000587,Cold Call,Qualified,2023-03-16,EMP00084
LEAD00173,CUNQ001407,Marketing Campaign,Contacted,2024-10-06,EMP00076
LEAD00174,CUNQ001463,Cold Call,Qualified,2024-12-14,EMP00077
LEAD00175,CUNQ001417,Referral,Converted,2023-09-07,EMP00249
LEAD00176,CUNQ001621,Website,Converted,2023-01-06,EMP00157
LEAD00177,CUNQ001036,Referral,Converted,2023-08-13,EMP00230
LEAD00178,CUNQ000614,Marketing Campaign,Qualified,2024-12-13,EMP00071
LEAD00179,CUNQ000982,Referral,Lost,2024-07-24,EMP00071
LEAD00180,CUNQ000297,Cold Call,New,2023-05-05,EMP00211
LEAD00181,CUNQ001376,Social Media,Qualified,2024-04-20,EMP00211
LEAD00182,CUNQ000884,Marketing Campaign,Contacted,2024-07-26,EMP00175
LEAD00183,CUNQ001247,Marketing Campaign,Converted,2024-03-29,EMP00163
LEAD00184,CUNQ000772,Cold Call,Converted,2024-05-31,EMP00170
LEAD00185,CUNQ001446,Cold Call,Lost,2024-07-15,EMP00157
LEAD00186,CUNQ000855,Cold Call,Contacted,2024-05-01,EMP00163
LEAD00187,CUNQ001988,Social Media,Contacted,2023-09-11,EMP00084
LEAD00188,CUNQ000530,Cold Call,Converted,2024-06-17,EMP00170
LEAD00189,CUNQ001277,Cold Call,New,2023-10-09,EMP00249
LEAD00190,CUNQ001515,Referral,Contacted,2023-10-20,EMP00221
LEAD00191,CUNQ001627,Marketing Campaign,New,2023-11-24,EMP00157
LEAD00192,CUNQ000480,Referral,Qualified,2023-06-04,EMP00077
LEAD00193,CUNQ000322,Social Media,Contacted,2023-06-06,EMP00163
LEAD00194,CUNQ001616,Cold Call,Contacted,2024-02-29,EMP00077
LEAD00195,CUNQ001272,Cold Call,New,2024-04-22,EMP00084
LEAD00196,CUNQ000301,Cold Call,Lost,2024-03-06,EMP00248
LEAD00197,CUNQ000101,Social Media,New,2024-08-21,EMP00221
LEAD00198,CUNQ000564,Cold Call,Qualified,2024-08-12,EMP00076
LEAD00199,CUNQ000803,Trade Show,Converted,2023-12-27,EMP00077
LEAD00200,CUNQ001836,Marketing Campaign,Converted,2024-03-05,EMP00248
LEAD00201,CUNQ000557,Marketing Campaign,Lost,2024-07-13,EMP00163
LEAD00202,CUNQ000538,Referral,Contacted,2024-05-14,EMP00120
LEAD00203,CUNQ001769,Website,Qualified,2024-05-12,EMP00230
LEAD00204,CUNQ001293,Social Media,Converted,2024-11-15,EMP00199
LEAD00205,CUNQ000444,Cold Call,Lost,2023-06-19,EMP00084
LEAD00206,CUNQ000100,Marketing Campaign,New,2024-09-29,EMP00077
LEAD00207,CUNQ000548,Marketing Campaign,Qualified,2024-02-08,EMP00211
LEAD00208,CUNQ001994,Website,Converted,2023-01-28,EMP00211
LEAD00209,CUNQ001280,Cold Call,Contacted,2023-05-19,EMP00175
LEAD00210,CUNQ001585,Cold Call,Contacted,2023-09-24,EMP00170
LEAD00211,CUNQ000473,Trade Show,Contacted,2024-04-10,EMP00084
LEAD00212,CUNQ000993,Trade Show,Converted,2024-01-24,EMP00249
LEAD00213,CUNQ000459,Trade Show,Converted,2024-03-07,EMP00076
LEAD00214,CUNQ001381,Website,Converted,2024-04-26,EMP00077
LEAD00215,CUNQ001122,Trade Show,Contacted,2023-02-23,EMP00170
LEAD00216,CUNQ000947,Social Media,New,2023-03-12,EMP00077
LEAD00217,CUNQ000175,Referral,Contacted,2023-02-01,EMP00230
LEAD00218,CUNQ000467,Marketing Campaign,Contacted,2023-01-21,EMP00199
LEAD00219,CUNQ000272,Cold Call,Converted,2023-05-10,EMP00120
LEAD00220,CUNQ000499,Referral,Qualified,2024-07-31,EMP00016
LEAD00221,CUNQ000839,Trade Show,Contacted,2023-09-20,EMP00071
LEAD00222,CUNQ001200,Social Media,Converted,2024-09-13,EMP00249
LEAD00223,CUNQ001212,Trade Show,New,2023-06-17,EMP00157
LEAD00224,CUNQ001794,Trade Show,Qualified,2023-01-27,EMP00120
LEAD00225,CUNQ001151,Cold Call,Lost,2024-01-20,EMP00016
LEAD00226,CUNQ001773,Website,Qualified,2023-07-23,EMP00120
LEAD00227,CUNQ000247,Referral,New,2024-10-04,EMP00209
LEAD00228,CUNQ000736,Social Media,Converted,2023-11-05,EMP00120
LEAD00229,CUNQ000407,Marketing Campaign,Converted,2023-05-04,EMP00199
LEAD00230,CUNQ000169,Marketing Campaign,Qualified,2023-12-22,EMP00249
LEAD00231,CUNQ000122,Website,Qualified,2024-01-15,EMP00209
LEAD00232,CUNQ001559,Website,Converted,2023-12-16,EMP00175
LEAD00233,CUNQ001381,Website,Qualified,2024-05-16,EMP00249
LEAD00234,CUNQ000878,Social Media,Lost,2024-01-06,EMP00077
LEAD00235,CUNQ001841,Social Media,Contacted,2024-04-15,EMP00230
LEAD00236,CUNQ000411,Social Media,Qualified,2023-06-30,EMP00016
LEAD00237,CUNQ000727,Trade Show,Converted,2024-10-28,EMP00084
LEAD00238,CUNQ000166,Cold Call,Qualified,2024-07-05,EMP00248
LEAD00239,CUNQ001118,Trade Show,Contacted,2024-08-29,EMP00170
LEAD00240,CUNQ001890,Website,Contacted,2023-09-09,EMP00248
LEAD00241,CUNQ001464,Referral,Converted,2024-04-06,EMP00064
LEAD00242,CUNQ001968,Marketing Campaign,Converted,2024-08-06,EMP00120
LEAD00243,CUNQ000873,Website,Qualified,2023-12-11,EMP00211
LEAD00244,CUNQ000119,Referral,Qualified,2023-11-29,EMP00120
LEAD00245,CUNQ001052,Trade Show,Contacted,2023-12-30,EMP00157
LEAD00246,CUNQ001422,Social Media,Lost,2024-09-02,EMP00230
LEAD00247,CUNQ000003,Website,Qualified,2024-07-23,EMP00120
LEAD00248,CUNQ001921,Website,Contacted,2023-07-15,EMP00199
LEAD00249,CUNQ001326,Cold Call,Qualified,2024-02-21,EMP00016
LEAD00250,CUNQ000042,Social Media,Qualified,2023-09-04,EMP00211
LEAD00251,CUNQ000348,Cold Call,Qualified,2024-12-29,EMP00071
LEAD00252,CUNQ001676,Website,Contacted,2023-01-18,EMP00084
LEAD00253,CUNQ001156,Social Media,Contacted,2024-02-19,EMP00071
LEAD00254,CUNQ000712,Marketing Campaign,Qualified,2024-11-10,EMP00175
LEAD00255,CUNQ001316,Marketing Campaign,Contacted,2024-07-20,EMP00249
LEAD00256,CUNQ000345,Trade Show,Qualified,2024-07-17,EMP00064
LEAD00257,CUNQ000552,Trade Show,Contacted,2024-04-09,EMP00120
LEAD00258,CUNQ001111,Website,Converted,2023-08-25,EMP00199
LEAD00259,CUNQ001034,Website,Converted,2023-11-20,EMP00120
LEAD00260,CUNQ001085,Referral,Contacted,2024-12-07,EMP00211
LEAD00261,CUNQ000590,Trade Show,Converted,2024-05-10,EMP00211
LEAD00262,CUNQ001946,Marketing Campaign,Contacted,2024-06-21,EMP00157
LEAD00263,CUNQ000799,Referral,Contacted,2023-04-13,EMP00221
LEAD00264,CUNQ000984,Referral,Contacted,2024-01-05,EMP00209
LEAD00265,CUNQ001241,Marketing Campaign,New,2024-12-26,EMP00084
LEAD00266,CUNQ000906,Website,Qualified,2023-02-16,EMP00076
LEAD00267,CUNQ000915,Referral,Converted,2024-12-15,EMP00170
LEAD00268,CUNQ001207,Website,Lost,2024-05-17,EMP00201
LEAD00269,CUNQ000433,Trade Show,Qualified,2024-08-10,EMP00077
LEAD00270,CUNQ000349,Trade Show,Contacted,2024-03-27,EMP00016
LEAD00271,CUNQ000157,Trade Show,Lost,2023-02-22,EMP00016
LEAD00272,CUNQ000424,Website,Converted,2024-05-04,EMP00209
LEAD00273,CUNQ001817,Cold Call,New,2024-02-15,EMP00201
LEAD00274,CUNQ001102,Social Media,New,2024-10-06,EMP00230
LEAD00275,CUNQ001972,Marketing Campaign,Lost,2023-06-02,EMP00175
LEAD00276,CUNQ000157,Referral,New,2023-03-29,EMP00076
LEAD00277,CUNQ001708,Marketing Campaign,Qualified,2024-03-02,EMP00163
LEAD00278,CUNQ001918,Referral,Converted,2024-09-25,EMP00163
LEAD00279,CUNQ000358,Cold Call,Lost,2024-01-25,EMP00157
LEAD00280,CUNQ001007,Marketing Campaign,Lost,2023-11-01,EMP00249
LEAD00281,CUNQ000402,Marketing Campaign,Converted,2023-11-09,EMP00249
LEAD00282,CUNQ000454,Social Media,New,2024-09-16,EMP00175
LEAD00283,CUNQ000739,Social Media,Contacted,2023-08-01,EMP00170
LEAD00284,CUNQ001697,Website,Contacted,2024-11-07,EMP00084
LEAD00285,CUNQ001265,Marketing Campaign,New,2023-06-27,EMP00249
LEAD00286,CUNQ001041,Cold Call,Qualified,2023-01-03,EMP00230
LEAD00287,CUNQ001665,Cold Call,Contacted,2024-08-31,EMP00016
LEAD00288,CUNQ001791,Trade Show,Converted,2023-08-26,EMP00163
LEAD00289,CUNQ001248,Cold Call,New,2024-12-20,EMP00016
LEAD00290,CUNQ001924,Trade Show,Converted,2023-08-28,EMP00175
LEAD00291,CUNQ000099,Marketing Campaign,Converted,2024-10-02,EMP00064
LEAD00292,CUNQ000481,Cold Call,New,2023-07-22,EMP00230
LEAD00293,CUNQ001307,Social Media,New,2023-08-19,EMP00016
LEAD00294,CUNQ000267,Referral,New,2023-09-30,EMP00211
LEAD00295,CUNQ001767,Trade Show,Qualified,2023-06-19,EMP00157
LEAD00296,CUNQ000705,Trade Show,Qualified,2024-08-05,EMP00230
LEAD00297,CUNQ000359,Social Media,Contacted,2024-04-24,EMP00064
LEAD00298,CUNQ001813,Trade Show,Qualified,2024-02-17,EMP00064
LEAD00299,CUNQ001410,Cold Call,New,2024-05-20,EMP00209
LEAD00300,CUNQ000084,Cold Call,Converted,2023-02-10,EMP00084
LEAD00301,CUNQ000690,Trade Show,New,2024-09-10,EMP00077
LEAD00302,CUNQ000253,Social Media,Converted,2023-08-23,EMP00221
LEAD00303,CUNQ000057,Marketing Campaign,Lost,2024-08-12,EMP00157
LEAD00304,CUNQ000161,Trade Show,Qualified,2024-11-19,EMP00077
LEAD00305,CUNQ001829,Cold Call,Qualified,2023-06-29,EMP00249
LEAD00306,CUNQ000085,Trade Show,Contacted,2024-03-28,EMP00064
LEAD00307,CUNQ000675,Cold Call,Converted,2024-08-22,EMP00157
LEAD00308,CUNQ000683,Website,Qualified,2024-05-18,EMP00209
LEAD00309,CUNQ000329,Trade Show,Contacted,2024-02-23,EMP00249
LEAD00310,CUNQ000895,Referral,Contacted,2023-04-18,EMP00230
LEAD00311,CUNQ001581,Cold Call,Contacted,2024-12-11,EMP00016
LEAD00312,CUNQ001803,Marketing Campaign,New,2024-02-15,EMP00076
LEAD00313,CUNQ001070,Trade Show,Contacted,2023-04-01,EMP00157
LEAD00314,CUNQ001982,Cold Call,Lost,2023-04-29,EMP00201
LEAD00315,CUNQ001507,Social Media,Lost,2023-01-02,EMP00170
LEAD00316,CUNQ001871,Cold Call,New,2024-04-18,EMP00071
LEAD00317,CUNQ001173,Trade Show,Converted,2024-06-14,EMP00248
LEAD00318,CUNQ000188,Social Media,Qualified,2024-05-25,EMP00211
LEAD00319,CUNQ000963,Referral,Contacted,2023-02-22,EMP00016
LEAD00320,CUNQ000890,Trade Show,Qualified,2023-05-15,EMP00199
LEAD00321,CUNQ000411,Cold Call,New,2024-12-16,EMP00201
LEAD00322,CUNQ001855,Marketing Campaign,Converted,2024-10-07,EMP00199
LEAD00323,CUNQ000933,Referral,Contacted,2024-12-27,EMP00209
LEAD00324,CUNQ000526,Marketing Campaign,Qualified,2023-01-15,EMP00201
LEAD00325,CUNQ000443,Website,Qualified,2023-08-19,EMP00077
LEAD00326,CUNQ001916,Social Media,Converted,2023-05-01,EMP00249
LEAD00327,CUNQ001292,Social Media,Contacted,2024-05-25,EMP00157
LEAD00328,CUNQ001259,Trade Show,Qualified,2024-12-23,EMP00249
LEAD00329,CUNQ001172,Cold Call,Contacted,2024-05-09,EMP00175
LEAD00330,CUNQ001246,Referral,Qualified,2024-07-18,EMP00157
LEAD00331,CUNQ001348,Marketing Campaign,Converted,2024-09-05,EMP00211
LEAD00332,CUNQ001672,Website,Contacted,2023-05-20,EMP00248
LEAD00333,CUNQ001343,Trade Show,Lost,2024-02-29,EMP00157
LEAD00334,CUNQ001133,Trade Show,Converted,2024-06-03,EMP00076
LEAD00335,CUNQ001203,Social Media,Contacted,2023-10-17,EMP00157
LEAD00336,CUNQ000347,Marketing Campaign,Lost,2024-08-24,EMP00249
LEAD00337,CUNQ000324,Referral,Qualified,2024-05-16,EMP00170
LEAD00338,CUNQ000703,Trade Show,Contacted,2024-05-10,EMP00248
LEAD00339,CUNQ001681,Cold Call,Qualified,2024-07-10,EMP00211
LEAD00340,CUNQ001579,Referral,Lost,2023-11-26,EMP00120
LEAD00341,CUNQ001757,Marketing Campaign,Qualified,2023-09-02,EMP00199
LEAD00342,CUNQ001132,Website,Contacted,2024-02-25,EMP00211
LEAD00343,CUNQ001352,Social Media,Lost,2024-04-29,EMP00084
LEAD00344,CUNQ001039,Cold Call,Lost,2024-01-26,EMP00170
LEAD00345,CUNQ001539,Referral,Qualified,2024-10-29,EMP00077
LEAD00346,CUNQ000017,Referral,Qualified,2023-02-07,EMP00084
LEAD00347,CUNQ000014,Trade Show,Lost,2024-08-27,EMP00077
LEAD00348,CUNQ001623,Website,Qualified,2024-03-26,EMP00163
LEAD00349,CUNQ000640,Website,Converted,2024-04-12,EMP00076
LEAD00350,CUNQ001461,Social Media,Lost,2024-02-24,EMP00211
LEAD00351,CUNQ001429,Cold Call,Converted,2023-03-18,EMP00248
LEAD00352,CUNQ001270,Trade Show,Converted,2023-09-29,EMP00016
LEAD00353,CUNQ001128,Social Media,New,2024-02-12,EMP00175
LEAD00354,CUNQ000170,Social Media,Lost,2023-12-03,EMP00209
LEAD00355,CUNQ001860,Trade Show,Converted,2024-01-25,EMP00157
LEAD00356,CUNQ000378,Marketing Campaign,New,2024-05-14,EMP00120
LEAD00357,CUNQ000840,Referral,Converted,2023-03-12,EMP00064
LEAD00358,CUNQ000542,Referral,Converted,2023-10-22,EMP00248
LEAD00359,CUNQ000733,Website,Converted,2024-03-20,EMP00199
LEAD00360,CUNQ001130,Website,Qualified,2024-12-21,EMP00084
LEAD00361,CUNQ001838,Trade Show,Lost,2024-12-11,EMP00163
LEAD00362,CUNQ001545,Trade Show,Converted,2023-02-17,EMP00211
LEAD00363,CUNQ000587,Trade Show,Qualified,2023-10-28,EMP00163
LEAD00364,CUNQ001914,Referral,Qualified,2023-05-30,EMP00016
LEAD00365,CUNQ000595,Social Media,Converted,2024-08-02,EMP00077
LEAD00366,CUNQ000234,Referral,New,2023-06-24,EMP00120
LEAD00367,CUNQ001799,Marketing Campaign,Converted,2024-01-27,EMP00084
LEAD00368,CUNQ000280,Marketing Campaign,New,2024-05-24,EMP00249
LEAD00369,CUNQ000737,Social Media,Contacted,2024-04-17,EMP00221
LEAD00370,CUNQ000080,Social Media,New,2023-09-19,EMP00170
LEAD00371,CUNQ001774,Trade Show,Converted,2024-04-21,EMP00209
LEAD00372,CUNQ000549,Website,Qualified,2023-06-11,EMP00064
LEAD00373,CUNQ000757,Marketing Campaign,Contacted,2023-12-20,EMP00163
LEAD00374,CUNQ001257,Social Media,Contacted,2024-03-10,EMP00201
LEAD00375,CUNQ000679,Referral,Lost,2023-11-06,EMP00199
LEAD00376,CUNQ000848,Website,Contacted,2024-05-09,EMP00249
LEAD00377,CUNQ001295,Trade Show,Qualified,2024-08-08,EMP00157
LEAD00378,CUNQ000105,Trade Show,New,2024-12-17,EMP00076
LEAD00379,CUNQ001914,Cold Call,Contacted,2024-11-05,EMP00211
LEAD00380,CUNQ001227,Social Media,Converted,2024-08-02,EMP00170
LEAD00381,CUNQ000290,Marketing Campaign,Converted,2023-02-20,EMP00064
LEAD00382,CUNQ000973,Referral,Converted,2023-10-21,EMP00016
LEAD00383,CUNQ000278,Referral,Converted,2023-12-27,EMP00071
LEAD00384,CUNQ001312,Trade Show,Converted,2024-09-27,EMP00249
LEAD00385,CUNQ001918,Social Media,Converted,2024-11-06,EMP00064
LEAD00386,CUNQ000409,Website,Lost,2024-10-05,EMP00170
LEAD00387,CUNQ000100,Website,Contacted,2024-10-23,EMP00209
LEAD00388,CUNQ000044,Website,Qualified,2024-03-27,EMP00211
LEAD00389,CUNQ001256,Website,Lost,2023-05-15,EMP00248
LEAD00390,CUNQ000469,Social Media,Qualified,2023-12-01,EMP00211
LEAD00391,CUNQ001087,Referral,Converted,2023-07-25,EMP00016
LEAD00392,CUNQ001029,Marketing Campaign,Qualified,2024-01-10,EMP00084
LEAD00393,CUNQ000344,Referral,Contacted,2023-10-07,EMP00170
LEAD00394,CUNQ001338,Trade Show,Converted,2024-05-08,EMP00248
LEAD00395,CUNQ001251,Website,Qualified,2023-12-13,EMP00084
LEAD00396,CUNQ000976,Referral,Converted,2023-03-19,EMP00221
LEAD00397,CUNQ001898,Social Media,Converted,2023-08-20,EMP00211
LEAD00398,CUNQ000058,Marketing Campaign,Qualified,2024-02-11,EMP00071
LEAD00399,CUNQ001071,Website,Contacted,2024-02-09,EMP00209
LEAD00400,CUNQ000515,Cold Call,Qualified,2023-05-07,EMP00076
LEAD00401,CUNQ000331,Trade Show,Qualified,2024-11-19,EMP00084
LEAD00402,CUNQ001985,Trade Show,New,2024-10-15,EMP00076
LEAD00403,CUNQ000357,Cold Call,New,2023-08-28,EMP00230
LEAD00404,CUNQ000287,Trade Show,Lost,2024-07-28,EMP00084
LEAD00405,CUNQ000643,Social Media,New,2023-08-15,EMP00071
LEAD00406,CUNQ000598,Social Media,Contacted,2024-04-20,EMP00230
LEAD00407,CUNQ000883,Website,New,2024-02-23,EMP00071
LEAD00408,CUNQ001686,Trade Show,Lost,2023-02-08,EMP00175
LEAD00409,CUNQ001681,Website,Contacted,2023-04-29,EMP00221
LEAD00410,CUNQ001396,Referral,Qualified,2024-07-04,EMP00201
LEAD00411,CUNQ000209,Social Media,Lost,2024-01-15,EMP00248
LEAD00412,CUNQ000263,Marketing Campaign,Qualified,2024-12-14,EMP00084
LEAD00413,CUNQ001634,Cold Call,Converted,2023-06-08,EMP00230
LEAD00414,CUNQ000609,Marketing Campaign,Qualified,2024-05-16,EMP00201
LEAD00415,CUNQ000163,Website,Converted,2023-10-14,EMP00209
LEAD00416,CUNQ000801,Cold Call,Qualified,2023-08-11,EMP00170
LEAD00417,CUNQ000975,Trade Show,New,2023-08-30,EMP00163
LEAD00418,CUNQ001460,Trade Show,Qualified,2024-12-03,EMP00163
LEAD00419,CUNQ000470,Trade Show,New,2024-10-22,EMP00230
LEAD00420,CUNQ001243,Referral,Lost,2023-10-10,EMP00249
LEAD00421,CUNQ000194,Website,Converted,2024-04-10,EMP00084
LEAD00422,CUNQ001112,Social Media,Qualified,2024-10-19,EMP00077
LEAD00423,CUNQ000492,Website,Converted,2023-01-22,EMP00248
LEAD00424,CUNQ000593,Referral,Converted,2023-09-07,EMP00221
LEAD00425,CUNQ001386,Website,Converted,2023-07-30,EMP00230
LEAD00426,CUNQ000962,Referral,Qualified,2024-07-21,EMP00221
LEAD00427,CUNQ001937,Trade Show,Converted,2023-08-27,EMP00071
LEAD00428,CUNQ001310,Website,Contacted,2024-09-02,EMP00248
LEAD00429,CUNQ000706,Referral,Qualified,2023-05-29,EMP00157
LEAD00430,CUNQ000114,Website,Converted,2023-06-28,EMP00175
LEAD00431,CUNQ001945,Referral,New,2023-01-27,EMP00077
LEAD00432,CUNQ001231,Marketing Campaign,Contacted,2023-09-01,EMP00064
LEAD00433,CUNQ000874,Trade Show,New,2023-06-28,EMP00221
LEAD00434,CUNQ001961,Marketing Campaign,New,2024-03-07,EMP00248
LEAD00435,CUNQ001089,Cold Call,Qualified,2023-03-07,EMP00120
LEAD00436,CUNQ001790,Marketing Campaign,Qualified,2024-01-06,EMP00221
LEAD00437,CUNQ000670,Marketing Campaign,Contacted,2024-04-07,EMP00230
LEAD00438,CUNQ000336,Website,Converted,2024-09-21,EMP00064
LEAD00439,CUNQ001774,Marketing Campaign,Contacted,2024-11-05,EMP00076
LEAD00440,CUNQ001748,Website,New,2024-10-20,EMP00157
LEAD00441,CUNQ001793,Cold Call,Qualified,2024-05-05,EMP00071
LEAD00442,CUNQ000534,Cold Call,Converted,2023-04-21,EMP00163
LEAD00443,CUNQ001251,Website,Lost,2024-03-30,EMP00016
LEAD00444,CUNQ001900,Marketing Campaign,New,2023-11-26,EMP00077
LEAD00445,CUNQ000997,Trade Show,Converted,2023-05-10,EMP00071
LEAD00446,CUNQ001585,Marketing Campaign,Converted,2024-08-22,EMP00221
LEAD00447,CUNQ001247,Marketing Campaign,Qualified,2024-01-26,EMP00076
LEAD00448,CUNQ001013,Marketing Campaign,Converted,2024-04-09,EMP00249
LEAD00449,CUNQ000531,Social Media,New,2023-04-12,EMP00077
LEAD00450,CUNQ001546,Social Media,Lost,2024-11-01,EMP00209
LEAD00451,CUNQ000737,Social Media,Lost,2024-07-18,EMP00221
LEAD00452,CUNQ001886,Cold Call,Lost,2024-03-16,EMP00120
LEAD00453,CUNQ000455,Trade Show,Converted,2024-02-28,EMP00077
LEAD00454,CUNQ001583,Cold Call,Converted,2024-02-13,EMP00157
LEAD00455,CUNQ001964,Cold Call,Contacted,2023-11-17,EMP00221
LEAD00456,CUNQ001549,Trade Show,Lost,2023-09-19,EMP00199
LEAD00457,CUNQ000014,Cold Call,New,2024-12-04,EMP00071
LEAD00458,CUNQ001443,Website,Qualified,2023-03-29,EMP00248
LEAD00459,CUNQ001774,Referral,Qualified,2024-01-17,EMP00201
LEAD00460,CUNQ001258,Marketing Campaign,Qualified,2024-08-23,EMP00157
LEAD00461,CUNQ000464,Website,Qualified,2024-11-17,EMP00076
LEAD00462,CUNQ001263,Cold Call,Lost,2024-11-12,EMP00157
LEAD00463,CUNQ001836,Trade Show,Converted,2023-02-22,EMP00209
LEAD00464,CUNQ001805,Website,Qualified,2023-12-27,EMP00249
LEAD00465,CUNQ001159,Referral,Converted,2023-08-06,EMP00248
LEAD00466,CUNQ000812,Website,Qualified,2023-08-18,EMP00120
LEAD00467,CUNQ000252,Trade Show,New,2024-07-23,EMP00211
LEAD00468,CUNQ001376,Marketing Campaign,Contacted,2023-10-13,EMP00249
LEAD00469,CUNQ001441,Marketing Campaign,Lost,2024-03-15,EMP00170
LEAD00470,CUNQ000708,Marketing Campaign,Converted,2024-09-28,EMP00175
LEAD00471,CUNQ000039,Website,Converted,2024-07-24,EMP00201
LEAD00472,CUNQ001899,Social Media,Contacted,2024-11-04,EMP00230
LEAD00473,CUNQ000090,Trade Show,Converted,2023-07-04,EMP00120
LEAD00474,CUNQ001623,Trade Show,Qualified,2023-11-13,EMP00076
LEAD00475,CUNQ001274,Referral,Qualified,2023-07-05,EMP00209
LEAD00476,CUNQ000626,Website,New,2024-02-15,EMP00071
LEAD00477,CUNQ000300,Website,New,2024-10-10,EMP00201
LEAD00478,CUNQ000142,Referral,Qualified,2024-06-27,EMP00077
LEAD00479,CUNQ001306,Trade Show,Contacted,2024-04-09,EMP00016
LEAD00480,CUNQ001006,Social Media,Contacted,2023-11-16,EMP00248
LEAD00481,CUNQ001385,Marketing Campaign,New,2024-08-04,EMP00016
LEAD00482,CUNQ000623,Referral,Contacted,2023-02-23,EMP00157
LEAD00483,CUNQ001543,Website,Converted,2024-09-24,EMP00157
LEAD00484,CUNQ001021,Cold Call,Converted,2023-10-06,EMP00016
LEAD00485,CUNQ000418,Marketing Campaign,Qualified,2024-05-12,EMP00084
LEAD00486,CUNQ000380,Referral,Converted,2023-10-07,EMP00221
LEAD00487,CUNQ000799,Trade Show,Qualified,2023-04-27,EMP00163
LEAD00488,CUNQ001499,Social Media,Converted,2023-10-18,EMP00064
LEAD00489,CUNQ001178,Marketing Campaign,Converted,2024-05-13,EMP00016
LEAD00490,CUNQ001447,Referral,Qualified,2023-02-16,EMP00249
LEAD00491,CUNQ000877,Website,New,2024-09-05,EMP00199
LEAD00492,CUNQ000054,Referral,Converted,2023-11-05,EMP00249
LEAD00493,CUNQ000824,Trade Show,Contacted,2023-09-19,EMP00230
LEAD00494,CUNQ000733,Cold Call,Converted,2023-01-08,EMP00163
LEAD00495,CUNQ001609,Referral,Qualified,2023-06-29,EMP00163
LEAD00496,CUNQ001815,Referral,Qualified,2024-12-21,EMP00084
LEAD00497,CUNQ000559,Trade Show,New,2024-11-15,EMP00157
LEAD00498,CUNQ001218,Cold Call,New,2023-02-13,EMP00209
LEAD00499,CUNQ001630,Trade Show,Qualified,2023-03-21,EMP00175
LEAD00500,CUNQ001194,Cold Call,Converted,2024-08-10,EMP00211
LEAD00501,CUNQ000248,Trade Show,New,2024-03-03,EMP00016
LEAD00502,CUNQ000544,Trade Show,Contacted,2023-01-22,EMP00248
LEAD00503,CUNQ001702,Cold Call,Converted,2024-09-24,EMP00071
LEAD00504,CUNQ001811,Website,Qualified,2024-01-06,EMP00071
LEAD00505,CUNQ000524,Referral,Qualified,2023-04-19,EMP00077
LEAD00506,CUNQ000746,Marketing Campaign,New,2024-02-15,EMP00249
LEAD00507,CUNQ000085,Social Media,Contacted,2023-11-14,EMP00016
LEAD00508,CUNQ001421,Referral,New,2023-12-08,EMP00209
LEAD00509,CUNQ000203,Website,Qualified,2024-10-10,EMP00249
LEAD00510,CUNQ001056,Trade Show,Qualified,2023-07-18,EMP00064
LEAD00511,CUNQ000132,Referral,Contacted,2024-10-22,EMP00163
LEAD00512,CUNQ001181,Trade Show,Contacted,2023-05-30,EMP00221
LEAD00513,CUNQ000886,Referral,Converted,2024-09-08,EMP00157
LEAD00514,CUNQ001190,Website,Contacted,2024-11-02,EMP00201
LEAD00515,CUNQ000365,Cold Call,Qualified,2024-10-05,EMP00249
LEAD00516,CUNQ000333,Marketing Campaign,Qualified,2024-07-31,EMP00230
LEAD00517,CUNQ001819,Social Media,Converted,2024-08-01,EMP00076
LEAD00518,CUNQ001918,Trade Show,Lost,2024-10-01,EMP00170
LEAD00519,CUNQ000014,Trade Show,Contacted,2024-10-04,EMP00157
LEAD00520,CUNQ000597,Cold Call,Qualified,2023-03-11,EMP00201
LEAD00521,CUNQ000999,Trade Show,Qualified,2023-11-07,EMP00071
LEAD00522,CUNQ001677,Marketing Campaign,New,2023-12-27,EMP00211
LEAD00523,CUNQ000675,Cold Call,New,2024-04-17,EMP00211
LEAD00524,CUNQ001197,Trade Show,New,2024-01-13,EMP00170
LEAD00525,CUNQ001767,Marketing Campaign,Qualified,2023-04-03,EMP00016
LEAD00526,CUNQ000547,Cold Call,Qualified,2024-01-29,EMP00016
LEAD00527,CUNQ001995,Cold Call,Lost,2023-02-12,EMP00170
LEAD00528,CUNQ001150,Social Media,Contacted,2024-08-08,EMP00084
LEAD00529,CUNQ000652,Cold Call,Qualified,2024-09-11,EMP00221
LEAD00530,CUNQ000079,Cold Call,New,2023-03-05,EMP00157
LEAD00531,CUNQ001419,Social Media,New,2023-12-18,EMP00199
LEAD00532,CUNQ001728,Referral,New,2024-10-23,EMP00084
LEAD00533,CUNQ000957,Cold Call,Lost,2024-12-25,EMP00077
LEAD00534,CUNQ000683,Marketing Campaign,Converted,2024-06-20,EMP00170
LEAD00535,CUNQ001839,Trade Show,Lost,2024-01-08,EMP00163
LEAD00536,CUNQ000359,Cold Call,Converted,2024-02-01,EMP00199
LEAD00537,CUNQ001588,Marketing Campaign,New,2024-11-26,EMP00199
LEAD00538,CUNQ001267,Social Media,Contacted,2024-10-08,EMP00076
LEAD00539,CUNQ000583,Website,Qualified,2023-12-04,EMP00076
LEAD00540,CUNQ001191,Trade Show,Contacted,2024-01-31,EMP00016
LEAD00541,CUNQ000563,Marketing Campaign,Lost,2024-11-03,EMP00016
LEAD00542,CUNQ000279,Website,Qualified,2023-12-08,EMP00230
LEAD00543,CUNQ000268,Trade Show,Contacted,2023-05-25,EMP00248
LEAD00544,CUNQ000795,Social Media,Converted,2024-11-02,EMP00076
LEAD00545,CUNQ000981,Marketing Campaign,Converted,2023-05-13,EMP00064
LEAD00546,CUNQ001008,Trade Show,Qualified,2023-03-28,EMP00084
LEAD00547,CUNQ000366,Trade Show,Converted,2024-10-20,EMP00120
LEAD00548,CUNQ000687,Social Media,Converted,2024-11-17,EMP00071
LEAD00549,CUNQ000265,Marketing Campaign,New,2024-12-02,EMP00157
LEAD00550,CUNQ000172,Cold Call,Qualified,2024-11-17,EMP00199
LEAD00551,CUNQ001186,Trade Show,Contacted,2023-01-19,EMP00201
LEAD00552,CUNQ001054,Trade Show,Lost,2023-08-08,EMP00071
LEAD00553,CUNQ001195,Referral,Contacted,2024-05-12,EMP00248
LEAD00554,CUNQ000796,Referral,New,2023-05-21,EMP00077
LEAD00555,CUNQ000035,Marketing Campaign,Converted,2023-04-14,EMP00249
LEAD00556,CUNQ000886,Website,Converted,2024-06-23,EMP00076
LEAD00557,CUNQ001265,Referral,Qualified,2024-09-24,EMP00076
LEAD00558,CUNQ001475,Referral,Contacted,2023-06-07,EMP00170
LEAD00559,CUNQ000346,Marketing Campaign,Converted,2024-12-10,EMP00016
LEAD00560,CUNQ001259,Social Media,Qualified,2023-06-19,EMP00230
LEAD00561,CUNQ000134,Trade Show,Converted,2024-02-25,EMP00157
LEAD00562,CUNQ000628,Cold Call,Converted,2023-09-01,EMP00170
LEAD00563,CUNQ001085,Referral,Qualified,2024-04-04,EMP00064
LEAD00564,CUNQ000447,Cold Call,Lost,2023-11-13,EMP00120
LEAD00565,CUNQ001516,Trade Show,Converted,2023-07-18,EMP00175
LEAD00566,CUNQ001587,Cold Call,Qualified,2024-08-07,EMP00248
LEAD00567,CUNQ001747,Cold Call,Qualified,2023-10-16,EMP00170
LEAD00568,CUNQ000469,Referral,Converted,2024-03-04,EMP00201
LEAD00569,CUNQ000900,Referral,Lost,2024-09-11,EMP00248
LEAD00570,CUNQ000832,Social Media,Qualified,2023-02-23,EMP00170
LEAD00571,CUNQ001583,Marketing Campaign,Lost,2024-01-16,EMP00221
LEAD00572,CUNQ000246,Marketing Campaign,Lost,2024-12-29,EMP00249
LEAD00573,CUNQ001929,Website,Converted,2023-10-19,EMP00175
LEAD00574,CUNQ001305,Cold Call,Lost,2023-10-07,EMP00201
LEAD00575,CUNQ001483,Cold Call,New,2023-05-31,EMP00084
LEAD00576,CUNQ001984,Cold Call,Lost,2023-08-16,EMP00248
LEAD00577,CUNQ001708,Cold Call,New,2023-01-28,EMP00064
LEAD00578,CUNQ000066,Trade Show,Contacted,2024-05-29,EMP00199
LEAD00579,CUNQ001906,Trade Show,Contacted,2023-03-25,EMP00175
LEAD00580,CUNQ001244,Website,Converted,2023-11-23,EMP00199
LEAD00581,CUNQ001393,Trade Show,Converted,2024-10-27,EMP00120
LEAD00582,CUNQ001559,Website,Contacted,2023-05-21,EMP00175
LEAD00583,CUNQ001113,Social Media,Converted,2024-04-28,EMP00221
LEAD00584,CUNQ001395,Cold Call,Qualified,2024-12-23,EMP00175
LEAD00585,CUNQ000096,Website,New,2023-01-06,EMP00170
LEAD00586,CUNQ000204,Referral,Qualified,2023-08-09,EMP00249
LEAD00587,CUNQ000408,Marketing Campaign,Qualified,2024-09-15,EMP00248
LEAD00588,CUNQ000635,Referral,Contacted,2023-10-23,EMP00175
LEAD00589,CUNQ000036,Referral,Qualified,2023-02-18,EMP00199
LEAD00590,CUNQ001551,Cold Call,New,2024-09-29,EMP00157
LEAD00591,CUNQ000997,Marketing Campaign,Qualified,2024-05-26,EMP00209
LEAD00592,CUNQ001023,Marketing Campaign,Qualified,2024-10-09,EMP00248
LEAD00593,CUNQ000934,Trade Show,Qualified,2023-05-28,EMP00071
LEAD00594,CUNQ000319,Trade Show,Contacted,2024-09-21,EMP00076
LEAD00595,CUNQ001639,Referral,Converted,2024-03-02,EMP00230
LEAD00596,CUNQ001767,Marketing Campaign,Lost,2023-03-29,EMP00157
LEAD00597,CUNQ001545,Marketing Campaign,Qualified,2023-03-11,EMP00249
LEAD00598,CUNQ001883,Marketing Campaign,New,2024-06-03,EMP00230
LEAD00599,CUNQ001038,Website,Converted,2024-04-26,EMP00076
LEAD00600,CUNQ001733,Trade Show,Converted,2024-01-18,EMP00084
