geolocation_zip_code_prefix,geolocation_lat,geolocation_lng,geolocation_city,geolocation_state
34884,-21.935184,-57.874484,manaus,AM
70469,-26.673509,-61.81205,jaboatao dos guararapes,PE
70762,-1.464047,-55.835473,niteroi,RJ
33562,-3.408217,-37.361987,rio branco,AC
61520,-17.284746,-55.866338,palmas,TO
87373,1.071465,-38.959794,joinville,SC
42778,-20.685158,-48.354096,campo grande,MS
26193,-29.534733,-46.163385,palmas,TO
21181,-13.094942,-58.40468,nossa senhora do socorro,SE
59634,-12.086856,-71.331569,macapa,AP
84120,0.109605,-40.218446,joinville,SC
33444,-3.772042,-71.050201,florianopolis,SC
68491,-22.02634,-66.133551,jaboatao dos guararapes,PE
10463,-9.342708,-63.381783,curitiba,PR
75358,-12.346956,-72.781479,dourados,MS
38426,-10.623232,-54.922944,sao luis,MA
20407,-10.15377,-72.750225,varzea grande,MT
91233,-9.111854,-41.835387,mossoro,RN
34227,-27.366266,-48.175479,salvador,BA
14250,-7.654131,-41.155451,niteroi,RJ
21495,-31.136808,-57.155637,jaboatao dos guararapes,PE
98092,-22.193539,-47.884865,florianopolis,SC
69682,-4.525277,-59.312831,palmas,TO
49229,-20.73277,-38.893869,rio de janeiro,RJ
66010,-0.954234,-70.532817,boa vista,RR
25993,-6.604461,-62.572095,sao luis,MA
78766,-25.025876,-65.056063,campina grande,PB
84890,-5.270316,-49.098813,rio de janeiro,RJ
89269,2.487884,-35.521419,contagem,MG
89802,-0.783677,-63.132919,jaboatao dos guararapes,PE
27001,-9.656981,-54.136917,arapiraca,AL
74553,-2.296746,-39.42078,rio branco,AC
35369,-32.939925,-72.088502,brasilia,DF
37175,-2.616555,-35.038494,aracaju,SE
53750,-19.713298,-42.370346,cuiaba,MT
93967,-25.354889,-62.298185,salvador,BA
50340,-21.589208,-52.100243,macapa,AP
24920,-6.93824,-60.02826,manaus,AM
33020,-25.627408,-41.314639,rio branco,AC
72193,-2.704333,-48.465216,ji-parana,RO
92208,-15.496518,-40.121475,sao luis,MA
64257,2.256019,-70.871153,caucaia,CE
84048,-5.451362,-61.010892,campina grande,PB
37297,-11.05889,-60.394667,natal,RN
18678,3.845305,-62.342519,macapa,AP
59183,-9.192588,-40.988581,santos,SP
34560,-10.382709,-40.14544,arapiraca,AL
51222,-6.026079,-62.683098,manaus,AM
41148,-18.879824,-41.480616,contagem,MG
78825,-21.511905,-68.735212,recife,PE
36489,1.707446,-56.136584,macapa,AP
75543,-27.145044,-60.075596,sorocaba,SP
52904,-27.554788,-39.871639,imperatriz,MA
36894,-5.466316,-55.544,boa vista,RR
10538,-21.18271,-71.326861,palmas,TO
53684,-15.258716,-71.246689,teresina,PI
12946,-11.052726,-61.13857,campina grande,PB
36287,-25.683266,-62.487318,feira de santana,BA
97965,-28.529268,-67.325813,caucaia,CE
11999,3.415326,-51.734221,goiania,GO
81110,-19.687911,-60.897573,porto alegre,RS
47128,-11.184848,-66.491551,maringa,PR
80854,-16.14139,-68.057188,jaboatao dos guararapes,PE
23884,-18.423214,-69.727456,sao luis,MA
88134,0.868484,-49.080114,vitoria,ES
90781,-19.486276,-60.37138,araguaina,TO
97932,-2.246607,-70.015267,vitoria da conquista,BA
84421,-27.991779,-42.111661,manaus,AM
22748,-15.687802,-46.989837,araguaina,TO
71675,-24.19562,-64.495811,araguaina,TO
57638,-18.101077,-46.414644,parnaiba,PI
52567,-15.775243,-71.849963,ji-parana,RO
56064,-14.811221,-40.860882,sao luis,MA
89225,-11.162226,-53.697913,jaboatao dos guararapes,PE
24022,-20.61695,-48.320846,serra,ES
79828,-15.482956,-50.559634,macapa,AP
81820,-26.957229,-54.669763,brasilia,DF
37294,-2.071203,-50.543132,juiz de fora,MG
84345,-3.081583,-52.307979,macapa,AP
96849,-7.555003,-44.904052,brasilia,DF
24984,-10.497801,-55.409479,araguaina,TO
68355,-26.305388,-36.676429,natal,RN
99850,-2.065465,-43.688952,belo horizonte,MG
74788,-8.490414,-70.663676,vila velha,ES
86122,1.323728,-48.826953,salvador,BA
96623,-27.329776,-52.812279,campinas,SP
85750,-16.007929,-65.184856,serra,ES
84747,-2.814827,-47.176761,caucaia,CE
21703,-10.856375,-49.763351,varzea grande,MT
26718,-0.604803,-70.628399,campina grande,PB
10110,-6.272543,-41.811375,natal,RN
46989,-0.104174,-64.060836,belem,PA
91948,-20.911162,-58.453995,araguaina,TO
81449,-24.973789,-66.410416,vila velha,ES
82800,-18.385388,-37.869682,curitiba,PR
30220,-22.038107,-39.836044,boa vista,RR
11520,-30.273652,-72.403104,curitiba,PR
96235,-16.404066,-35.37173,rio branco,AC
94180,-2.374219,-40.314195,uberlandia,MG
91690,-26.1677,-53.642233,macapa,AP
60425,-19.498325,-65.939941,mossoro,RN
85751,-14.070035,-45.225292,teresina,PI
63849,2.209449,-51.098611,araguaina,TO
84468,-14.635811,-58.994013,rio de janeiro,RJ
20494,-27.600676,-45.210859,arapiraca,AL
70940,-13.355917,-53.112442,manaus,AM
42142,-15.04684,-44.815928,teresina,PI
99662,-8.919869,-42.672267,porto velho,RO
55029,-12.668736,-72.590231,recife,PE
85230,-5.115047,-57.001388,dourados,MS
47907,-26.63469,-46.588056,macapa,AP
83886,-23.103161,-49.086598,parnaiba,PI
85085,-31.038444,-35.366136,maceio,AL
47593,-14.579113,-68.180789,macapa,AP
43036,-27.963527,-62.323067,juiz de fora,MG
24621,-10.054781,-38.415003,goiania,GO
96396,-16.02718,-42.302054,rio branco,AC
73559,-26.129251,-52.959224,goiania,GO
21062,3.759134,-50.369325,duque de caxias,RJ
75004,-4.395071,-57.307981,boa vista,RR
96594,-16.27297,-48.772163,vitoria,ES
55229,-30.93562,-62.952971,vitoria da conquista,BA
16884,-26.631185,-57.847697,boa vista,RR
79798,-24.12087,-47.026622,jaboatao dos guararapes,PE
44422,-27.484306,-39.929446,vila velha,ES
68827,-18.483844,-61.003832,santos,SP
22761,1.873061,-48.777882,joao pessoa,PB
53904,-22.727608,-42.511978,varzea grande,MT
70438,-3.620261,-44.534545,aparecida de goiania,GO
78151,-20.178549,-46.769424,rio branco,AC
81776,-32.598036,-72.677906,joinville,SC
63903,-29.287447,-69.051523,belo horizonte,MG
38759,-5.440475,-63.427948,dourados,MS
91185,-29.506231,-37.336792,rio de janeiro,RJ
88562,-8.75285,-46.093146,porto velho,RO
89257,-28.063524,-48.057004,porto alegre,RS
24528,-6.565162,-63.373242,aracaju,SE
93726,-15.769137,-35.1806,campo grande,MS
97500,-3.744541,-60.710643,manaus,AM
46344,-3.469974,-58.453638,florianopolis,SC
43847,3.313017,-62.942736,fortaleza,CE
74450,4.218035,-65.374574,campo grande,MS
94604,-14.301823,-67.532841,vitoria,ES
38624,-9.669281,-68.962511,manaus,AM
23538,-31.675286,-70.324332,dourados,MS
68442,-32.286938,-54.087348,rio branco,AC
14959,-7.744978,-62.875414,aracaju,SE
61292,-11.16367,-53.415446,araguaina,TO
72670,-16.429809,-40.926132,manaus,AM
80795,-24.41782,-58.391893,manaus,AM
25886,-11.444732,-37.468397,araguaina,TO
99369,-21.492533,-70.902602,ananindeua,PA
57887,-12.684201,-36.48483,aracaju,SE
48005,-8.383882,-66.288504,contagem,MG
96603,-25.74188,-46.556473,nova iguacu,RJ
57089,-14.512865,-39.361862,pelotas,RS
28342,-31.643465,-72.036145,campo grande,MS
74124,-18.226834,-42.875911,maceio,AL
75494,-12.710278,-41.298489,nossa senhora do socorro,SE
14855,-20.107166,-60.166693,campo grande,MS
63150,-28.50889,-42.330059,rio branco,AC
98877,0.067601,-52.610667,ji-parana,RO
19441,-31.598649,-67.619562,rio branco,AC
71763,1.472797,-49.501861,aracaju,SE
11882,-26.454538,-71.101596,brasilia,DF
69793,-9.773416,-41.256618,recife,PE
24965,-14.108547,-42.631342,belo horizonte,MG
36560,-16.803964,-42.162201,brasilia,DF
52498,-28.409507,-47.004641,rio branco,AC
52151,-1.21577,-42.862137,natal,RN
87736,-26.408989,-70.597568,manaus,AM
64415,-26.614068,-58.942761,goiania,GO
41934,2.17567,-71.453442,joinville,SC
90273,-18.70702,-67.005361,pelotas,RS
10832,-32.725488,-37.806796,sao luis,MA
64555,-6.646866,-42.894853,araguaina,TO
37021,-27.562661,-62.70391,sao luis,MA
41359,2.647405,-49.799556,dourados,MS
75521,-9.742107,-69.655195,niteroi,RJ
55593,-17.086137,-51.807005,boa vista,RR
79494,4.118076,-49.481004,salvador,BA
70845,-3.727411,-47.945568,manaus,AM
35391,-28.718193,-67.329738,goiania,GO
33111,-26.929135,-37.938425,imperatriz,MA
47363,-25.035589,-63.447492,duque de caxias,RJ
15677,-29.031998,-71.00665,parnaiba,PI
30715,-3.151303,-54.567667,natal,RN
40841,-5.586683,-50.477147,porto alegre,RS
36050,-4.610703,-38.861835,caucaia,CE
52746,-24.344282,-63.989502,brasilia,DF
59221,0.871876,-70.205871,cuiaba,MT
17122,0.838576,-67.492232,arapiraca,AL
33338,-18.281448,-67.816625,parnaiba,PI
92840,-19.373573,-62.751608,rio branco,AC
14206,-6.696,-70.733235,fortaleza,CE
71018,-15.574001,-66.49435,curitiba,PR
48687,-10.061833,-42.997215,fortaleza,CE
85775,3.865162,-40.509847,aracaju,SE
78389,-14.409891,-35.164755,contagem,MG
70655,-22.391507,-45.259325,arapiraca,AL
42483,-20.562754,-50.980253,rio branco,AC
85196,1.133568,-57.12467,maceio,AL
71689,-5.127901,-53.83978,rio de janeiro,RJ
72818,-2.230772,-46.527167,varzea grande,MT
74918,-23.860563,-51.777495,caxias do sul,RS
38574,-27.956944,-61.759964,sorocaba,SP
12087,-14.768248,-61.416209,aracaju,SE
84760,-4.603106,-72.072288,araguaina,TO
28169,0.219563,-57.596306,dourados,MS
92157,-15.35676,-48.930712,macapa,AP
60446,0.950509,-60.349567,aracaju,SE
65823,-4.390256,-46.473911,duque de caxias,RJ
99740,-29.923556,-39.527805,teresina,PI
77467,2.922245,-47.363187,rio branco,AC
60194,-19.107547,-49.472929,rio de janeiro,RJ
32972,-8.369439,-46.214801,ananindeua,PA
28141,4.287562,-63.931957,natal,RN
72717,-4.979558,-44.413469,pelotas,RS
39548,-20.822375,-38.878545,palmas,TO
46325,-30.93052,-58.833076,campina grande,PB
75726,-12.986061,-68.337041,dourados,MS
69241,-9.403852,-42.603653,araguaina,TO
34687,0.892322,-55.600783,palmas,TO
33437,-22.041838,-36.648177,contagem,MG
46168,-28.743066,-67.377746,porto alegre,RS
78247,3.179981,-72.13777,curitiba,PR
72115,-19.825391,-56.133318,cuiaba,MT
48209,-25.815695,-72.162608,aracaju,SE
78107,-8.502463,-57.355714,macapa,AP
73720,-10.452424,-46.519184,caucaia,CE
70031,-21.444871,-67.985738,boa vista,RR
32509,-3.007827,-64.382286,macapa,AP
16202,-27.363143,-62.193483,ananindeua,PA
31075,-5.951137,-62.16063,blumenau,SC
97340,-2.810623,-66.872321,blumenau,SC
51500,-11.168044,-56.246232,porto alegre,RS
36890,-11.625485,-71.681815,belem,PA
29391,-18.829232,-52.485069,caucaia,CE
49526,-28.383379,-72.052842,blumenau,SC
70036,2.256829,-67.069976,sao luis,MA
94835,-6.192848,-54.991394,rio branco,AC
84086,-5.315336,-37.9529,recife,PE
72781,1.20663,-67.701915,fortaleza,CE
50380,-32.057767,-49.534164,natal,RN
56844,-29.485717,-70.908722,brasilia,DF
86471,-12.995514,-43.311232,aracaju,SE
35652,-32.143151,-52.540333,manaus,AM
77081,-18.011903,-54.362316,campo grande,MS
97394,-19.279535,-67.378054,teresina,PI
60608,-18.832416,-62.183286,varzea grande,MT
68402,0.223466,-69.671252,ananindeua,PA
64474,-2.459951,-62.031907,rio branco,AC
64289,-27.696428,-50.687157,macapa,AP
37234,-21.477217,-35.441468,uberlandia,MG
18665,2.459814,-50.554202,campina grande,PB
10867,-17.440496,-38.252401,vitoria,ES
82851,-15.439441,-51.41918,cuiaba,MT
34380,-1.373219,-62.0004,curitiba,PR
49582,-1.285762,-61.451254,sao luis,MA
39428,-31.980079,-72.907026,mossoro,RN
93958,-1.298763,-55.043436,aparecida de goiania,GO
64677,-26.183852,-38.541859,nossa senhora do socorro,SE
13728,-28.464523,-62.465753,aracaju,SE
86161,-14.741536,-56.429397,juiz de fora,MG
25674,-18.818316,-45.147624,aparecida de goiania,GO
31344,-10.897129,-67.446789,santos,SP
56843,-26.794264,-62.638527,campo grande,MS
16385,-21.985464,-52.874731,varzea grande,MT
92317,-26.036595,-69.408671,uberlandia,MG
81265,-20.740939,-60.984004,manaus,AM
45580,-6.953139,-46.842828,ji-parana,RO
86027,-19.638084,-67.538735,pelotas,RS
46885,-18.825461,-54.573837,maringa,PR
23424,-24.720704,-53.87145,fortaleza,CE
83224,-9.689722,-41.406185,boa vista,RR
64702,-15.501328,-70.096788,joao pessoa,PB
12277,-14.778307,-61.160208,boa vista,RR
67925,0.809603,-50.289352,belem,PA
32571,-6.023994,-71.907138,manaus,AM
39144,-28.10885,-46.618719,boa vista,RR
50295,-28.236921,-68.051706,palmas,TO
24643,-30.046059,-43.561692,contagem,MG
15572,-25.538662,-71.753877,manaus,AM
71483,-28.480956,-63.385526,porto velho,RO
97501,-32.609649,-69.332863,juiz de fora,MG
36922,-10.671084,-65.399072,pelotas,RS
13835,-29.550386,-40.857262,ji-parana,RO
56163,-26.898821,-53.975892,aparecida de goiania,GO
76179,-11.331056,-69.233984,rio branco,AC
79315,-24.754073,-65.721194,maceio,AL
80402,-32.835501,-45.436725,recife,PE
72221,-19.074405,-50.603538,vitoria da conquista,BA
33704,-1.279798,-35.710557,campo grande,MS
77403,-24.35294,-68.711872,cuiaba,MT
71066,-28.807986,-67.83533,fortaleza,CE
47784,-11.828979,-71.456875,manaus,AM
25167,-18.378318,-55.636061,caucaia,CE
68190,-24.41681,-57.523276,rio branco,AC
19123,1.000677,-42.507417,cuiaba,MT
33500,-32.514138,-47.381961,ji-parana,RO
61952,-16.353783,-47.975166,porto velho,RO
28791,-17.997164,-46.58859,belo horizonte,MG
32114,-30.541004,-35.942115,pelotas,RS
87982,-0.926879,-57.637017,fortaleza,CE
75419,-22.416303,-45.887235,brasilia,DF
94388,2.842552,-59.468302,arapiraca,AL
73508,-13.566248,-67.399784,ji-parana,RO
26015,-23.473785,-54.103596,campo grande,MS
13895,-29.215071,-70.991608,aracaju,SE
98880,-31.983542,-66.194364,contagem,MG
30019,-21.495401,-49.31716,parnaiba,PI
96649,-4.43883,-43.83226,manaus,AM
36467,-21.844609,-54.079836,macapa,AP
81098,-19.942605,-40.332452,campina grande,PB
14141,4.647039,-39.555225,natal,RN
68997,-21.04675,-58.699211,caxias do sul,RS
14306,-26.278971,-47.942381,campo grande,MS
31514,-14.323775,-67.889447,manaus,AM
73891,-3.967577,-51.383502,araguaina,TO
72378,-11.634294,-67.060184,imperatriz,MA
44523,-14.201737,-36.106911,nova iguacu,RJ
47281,-20.821654,-71.930415,parnaiba,PI
58026,-19.742682,-44.801829,niteroi,RJ
59882,-29.300698,-59.884565,santos,SP
56041,-30.854929,-63.719302,ananindeua,PA
87664,-29.772214,-46.856332,brasilia,DF
54249,-26.548389,-52.540161,recife,PE
96214,-0.191996,-51.414123,nova iguacu,RJ
12674,-6.553578,-50.656409,varzea grande,MT
84757,-18.16857,-51.243531,caucaia,CE
23114,-6.747169,-65.175484,macapa,AP
31840,-9.636541,-59.193296,imperatriz,MA
75136,-8.85312,-35.983924,cuiaba,MT
47664,-22.924106,-61.70183,uberlandia,MG
39607,-9.266253,-36.59824,arapiraca,AL
87576,-20.200154,-70.443748,palmas,TO
65981,-25.029912,-42.765234,macapa,AP
76144,-2.443185,-56.549402,nossa senhora do socorro,SE
36224,-17.256058,-63.451938,mossoro,RN
98022,-3.989196,-66.137168,campina grande,PB
34450,-11.079955,-64.907793,osasco,SP
45118,2.612191,-52.756665,boa vista,RR
84202,-5.388627,-70.724497,parnaiba,PI
70619,-27.38574,-67.282039,feira de santana,BA
67067,-17.41011,-40.312934,ji-parana,RO
64059,-22.856479,-62.092305,uberlandia,MG
88804,-24.027066,-63.93763,joinville,SC
13631,-23.667709,-41.565305,curitiba,PR
83377,4.669138,-56.963273,dourados,MS
30887,-22.636945,-71.892609,niteroi,RJ
96333,-12.073168,-48.516835,macapa,AP
12609,-30.897564,-38.932792,nova iguacu,RJ
18333,1.221846,-57.53374,caucaia,CE
62021,2.840161,-45.479091,belem,PA
24671,-11.303012,-53.990556,curitiba,PR
97060,-1.4987,-36.912369,pelotas,RS
75070,0.613465,-63.95308,campina grande,PB
53160,-1.371302,-44.985019,caxias do sul,RS
65426,-24.715681,-68.941067,macapa,AP
67602,-17.481729,-40.209803,feira de santana,BA
79922,-18.761211,-36.948986,nova iguacu,RJ
72240,-7.055939,-36.394017,caucaia,CE
57578,-14.941572,-59.025907,macapa,AP
94593,3.738596,-49.97904,recife,PE
98027,-23.892318,-51.99634,boa vista,RR
99816,-28.361957,-40.055788,jaboatao dos guararapes,PE
11031,1.571986,-58.066928,dourados,MS
21829,2.580251,-44.246619,aparecida de goiania,GO
31001,1.80385,-49.008597,recife,PE
14440,-22.586612,-69.956407,macapa,AP
71746,-4.996205,-37.793106,manaus,AM
23159,-1.672767,-46.457677,caucaia,CE
56118,-17.00692,-45.289199,joao pessoa,PB
69409,-6.582016,-44.044933,mossoro,RN
92595,-16.150611,-48.638245,aracaju,SE
36224,-9.124742,-61.078571,sorocaba,SP
30686,-23.515064,-45.88457,belo horizonte,MG
87858,-6.941372,-42.879593,manaus,AM
72700,0.193222,-67.926628,caucaia,CE
87728,-1.582793,-42.617911,blumenau,SC
64328,-19.031217,-58.047221,salvador,BA
39423,-32.212084,-72.127136,serra,ES
21662,4.016848,-65.465884,natal,RN
16525,-17.760673,-56.701672,palmas,TO
21673,3.405249,-66.53533,goiania,GO
11850,-5.69383,-56.463968,maceio,AL
25533,-24.46961,-65.280476,dourados,MS
47743,-4.635165,-58.481206,boa vista,RR
88654,-24.808469,-41.684622,cuiaba,MT
64831,-26.145945,-42.886386,rio branco,AC
44314,-24.051546,-55.862886,santos,SP
86402,-6.997851,-55.589764,brasilia,DF
27459,0.114852,-35.972831,sorocaba,SP
37815,-5.893234,-46.07878,serra,ES
19575,-29.379382,-70.767412,rio branco,AC
71726,1.512608,-35.123901,fortaleza,CE
10702,-23.361038,-49.453001,porto velho,RO
97983,-18.905754,-36.213803,jaboatao dos guararapes,PE
86085,-26.183856,-66.545073,natal,RN
71352,-27.987058,-60.941939,imperatriz,MA
28585,-23.104572,-61.095755,campina grande,PB
46831,-4.582712,-37.802992,londrina,PR
90338,-1.475611,-37.784759,jaboatao dos guararapes,PE
67117,0.921529,-61.009369,campina grande,PB
82833,-0.584721,-48.01806,sao luis,MA
16975,-25.821042,-70.926448,macapa,AP
71636,-23.111489,-46.173411,florianopolis,SC
74868,-31.449915,-59.452236,cuiaba,MT
69999,-14.266435,-40.858143,araguaina,TO
55823,-29.444041,-40.009422,curitiba,PR
76681,-1.742273,-51.596599,florianopolis,SC
86486,4.924173,-72.843222,porto velho,RO
64580,1.975701,-63.646017,manaus,AM
53077,-32.013438,-47.110131,sao luis,MA
61664,-18.804784,-37.692359,porto velho,RO
30155,-31.902769,-55.511139,caxias do sul,RS
69513,-9.122444,-62.765899,araguaina,TO
53178,3.85128,-48.065435,porto velho,RO
84600,-28.085832,-40.195404,dourados,MS
52358,-2.670415,-44.7356,macapa,AP
22130,-17.843377,-66.23559,mossoro,RN
21690,-32.220543,-65.087536,manaus,AM
47347,-8.407616,-36.731567,vila velha,ES
49131,-14.347886,-56.57038,curitiba,PR
99779,-10.066483,-59.356318,macapa,AP
77194,-25.404892,-56.073188,caxias do sul,RS
45190,-11.603831,-56.923318,vila velha,ES
58265,-9.673024,-56.503975,manaus,AM
15300,-13.493025,-36.015672,cuiaba,MT
94883,-6.923012,-67.107351,porto velho,RO
48103,-15.207671,-69.991041,sao luis,MA
49373,-27.352952,-68.14399,macapa,AP
78562,-16.746191,-51.395644,recife,PE
15910,-13.490248,-53.59524,natal,RN
70903,-7.8875,-51.397828,cuiaba,MT
43405,-10.74842,-43.791423,aparecida de goiania,GO
96714,-15.4106,-43.12527,sao paulo,SP
15932,-29.834959,-39.683297,boa vista,RR
86966,-5.484402,-44.220538,jaboatao dos guararapes,PE
54739,3.735346,-39.888897,dourados,MS
34259,-30.02762,-35.676925,florianopolis,SC
66858,-12.693712,-72.777811,goiania,GO
32509,-8.079563,-55.513805,porto alegre,RS
88890,-5.415367,-61.493601,serra,ES
98316,3.599381,-47.346113,boa vista,RR
21486,-28.246599,-72.472715,macapa,AP
34670,-0.357543,-65.04928,porto alegre,RS
95162,-23.812352,-41.000591,aracaju,SE
21284,-21.565121,-55.389829,macapa,AP
12859,-28.574565,-38.708217,imperatriz,MA
73576,-15.08341,-40.327735,rio branco,AC
36389,-21.796407,-41.480871,maceio,AL
53758,-32.700777,-49.044425,vitoria,ES
64484,-0.752582,-44.991024,araguaina,TO
14851,-14.475133,-54.528163,parnaiba,PI
40396,-5.856968,-52.924265,arapiraca,AL
82516,-30.586598,-39.070667,varzea grande,MT
25327,-14.198026,-37.31935,varzea grande,MT
67177,-32.209337,-62.05559,ananindeua,PA
55068,-16.351794,-53.709834,feira de santana,BA
88918,-0.568756,-45.822432,arapiraca,AL
48455,-5.52619,-58.165893,campo grande,MS
71908,-2.609308,-40.907811,varzea grande,MT
47022,-6.753493,-69.724708,teresina,PI
32713,-25.4196,-49.981538,sao luis,MA
74713,-21.461228,-65.041548,caxias do sul,RS
57026,0.474432,-59.432333,rio de janeiro,RJ
75991,-31.78514,-70.580708,florianopolis,SC
90945,-24.38577,-51.644705,cuiaba,MT
54606,-3.174339,-43.763792,imperatriz,MA
29815,-0.57049,-39.799564,manaus,AM
16608,2.21202,-56.362585,teresina,PI
23879,-3.297209,-49.833078,campo grande,MS
15501,-13.722382,-66.652241,pelotas,RS
57400,-27.032763,-61.899326,porto alegre,RS
23014,-27.136762,-59.177998,dourados,MS
26119,-0.753387,-56.313878,boa vista,RR
42154,-1.277092,-55.000793,cuiaba,MT
21171,-22.891406,-45.82241,recife,PE
92502,-7.73018,-67.238774,varzea grande,MT
39908,-27.756215,-56.704732,manaus,AM
77653,-2.804921,-59.252574,varzea grande,MT
29082,-3.734229,-45.730222,sorocaba,SP
21112,-20.144462,-57.737267,joao pessoa,PB
66894,-30.664204,-44.150689,manaus,AM
85308,-30.803226,-48.998913,porto velho,RO
64959,-17.723893,-47.126915,araguaina,TO
51116,1.550772,-72.699715,mossoro,RN
62944,-16.044816,-65.204924,goiania,GO
55252,0.731646,-43.300602,mossoro,RN
49522,-29.797325,-52.577527,vitoria,ES
26515,-13.222151,-52.449971,serra,ES
77065,-12.032138,-53.189237,salvador,BA
13069,-31.940133,-42.729249,manaus,AM
41632,-1.375299,-61.450201,arapiraca,AL
17857,-1.019829,-63.129255,cuiaba,MT
26228,-31.186151,-48.263428,campina grande,PB
49054,-11.247459,-72.801891,caxias do sul,RS
86230,-11.507305,-39.015122,fortaleza,CE
55919,-21.630339,-47.65695,aracaju,SE
59501,-13.252667,-63.589933,boa vista,RR
57352,-15.736236,-67.430976,fortaleza,CE
20740,-29.494553,-56.854304,varzea grande,MT
38152,-16.045765,-58.96682,londrina,PR
87101,-11.759199,-43.404661,campina grande,PB
93422,-16.909957,-56.276962,aparecida de goiania,GO
31344,-27.514845,-68.169289,imperatriz,MA
26958,3.785209,-53.498952,araguaina,TO
37871,-15.69357,-71.760919,joao pessoa,PB
58409,2.0245,-68.48689,blumenau,SC
25842,-18.955733,-61.995558,cuiaba,MT
25432,-18.884241,-35.341236,joao pessoa,PB
73691,-31.936844,-67.570963,jaboatao dos guararapes,PE
16376,2.599185,-61.403769,macapa,AP
33996,-1.873247,-54.425841,recife,PE
55698,-30.432548,-71.302066,pelotas,RS
84155,-15.809772,-60.162717,imperatriz,MA
89391,-27.953235,-67.736153,vila velha,ES
68973,-7.645612,-67.338662,nossa senhora do socorro,SE
21706,-2.607158,-47.748912,rio branco,AC
40516,1.209288,-60.11808,varzea grande,MT
46356,-8.455172,-40.093764,nova iguacu,RJ
84972,-9.05585,-43.679385,palmas,TO
94399,-11.744593,-65.687784,recife,PE
84743,-13.173356,-44.478774,teresina,PI
25765,-7.986332,-52.789341,joao pessoa,PB
36975,-23.679106,-46.186527,santos,SP
21094,-2.337001,-49.939517,arapiraca,AL
15896,-14.324024,-37.513746,serra,ES
33659,-17.232416,-40.33336,caucaia,CE
43708,-29.541047,-35.768128,caucaia,CE
47401,-27.526698,-63.288928,natal,RN
50212,3.18226,-47.212874,uberlandia,MG
33784,-31.967495,-70.776932,duque de caxias,RJ
51948,-27.586499,-39.065581,vitoria,ES
25855,-31.028631,-63.894327,aparecida de goiania,GO
74615,-13.672392,-53.831992,teresina,PI
17947,-20.903215,-51.981399,caxias do sul,RS
13788,-17.515236,-64.117863,contagem,MG
82623,3.612038,-47.346298,santos,SP
49926,-11.406666,-56.052674,brasilia,DF
28660,-18.814402,-35.558269,aracaju,SE
80455,3.19928,-36.46862,macapa,AP
15477,-32.96196,-55.343222,mossoro,RN
95597,3.939109,-72.979369,boa vista,RR
88363,-23.46622,-47.160084,imperatriz,MA
86697,-1.054001,-62.310171,belem,PA
80004,-11.6029,-61.575743,blumenau,SC
26118,-1.441072,-45.447196,serra,ES
37636,-9.803078,-36.618147,aparecida de goiania,GO
93252,-23.0683,-44.397628,caucaia,CE
42234,-7.833473,-60.777746,dourados,MS
88579,-20.518625,-38.267307,feira de santana,BA
10268,-9.866103,-72.837389,maringa,PR
64154,-11.879955,-46.533382,campinas,SP
80533,-29.916346,-39.684629,imperatriz,MA
80601,-31.823994,-41.380813,aracaju,SE
98112,-28.310208,-36.062517,ji-parana,RO
56919,-18.303461,-41.11246,serra,ES
26353,-15.417684,-37.422582,macapa,AP
39035,-4.760511,-44.180002,campo grande,MS
35101,-29.581272,-49.689177,ji-parana,RO
40704,4.244527,-36.242733,recife,PE
74597,1.371288,-46.135216,duque de caxias,RJ
35701,4.402014,-48.739428,salvador,BA
84593,-13.987626,-66.52187,caxias do sul,RS
84148,-7.457329,-50.087043,vitoria da conquista,BA
87091,-28.126637,-70.528126,florianopolis,SC
78561,-5.301843,-62.575537,goiania,GO
98832,-12.748222,-63.388999,porto velho,RO
10256,2.639834,-48.643281,mossoro,RN
52336,-16.563169,-35.185954,aracaju,SE
99151,-13.30478,-54.168161,goiania,GO
39431,-31.215343,-38.101123,joao pessoa,PB
51450,-32.803947,-65.604891,mossoro,RN
39573,4.167633,-56.89483,belo horizonte,MG
35805,-26.7497,-61.189377,uberlandia,MG
13653,-14.761276,-42.293755,aracaju,SE
42821,-23.608164,-55.004092,arapiraca,AL
53724,-13.252348,-64.003741,fortaleza,CE
22539,-9.236747,-51.00049,contagem,MG
14370,-18.658985,-39.176818,belo horizonte,MG
26716,-30.643915,-42.50929,palmas,TO
90050,-9.204962,-70.49997,duque de caxias,RJ
83303,-31.016281,-40.702686,porto velho,RO
90911,-4.425392,-64.141745,vitoria,ES
69429,-18.411039,-42.783742,teresina,PI
54514,-8.264986,-47.320508,teresina,PI
77792,-20.528641,-65.68571,sorocaba,SP
88010,-5.894623,-50.470313,porto alegre,RS
85132,-28.212698,-53.661876,boa vista,RR
73097,-5.464325,-56.104276,ananindeua,PA
15776,-30.701335,-61.156659,brasilia,DF
50788,-10.820695,-52.436539,varzea grande,MT
71541,-21.270372,-59.969788,curitiba,PR
77853,-10.715283,-47.224586,belem,PA
76467,-1.871016,-51.740903,niteroi,RJ
55064,-25.574529,-65.385868,nova iguacu,RJ
54767,-25.804488,-54.922448,salvador,BA
88612,-6.688274,-40.62367,araguaina,TO
90753,-21.614,-60.512476,arapiraca,AL
15530,-14.154634,-38.041763,caxias do sul,RS
40182,-15.271603,-64.900737,aracaju,SE
59271,-25.197978,-65.998709,imperatriz,MA
11296,-30.198216,-71.859332,santos,SP
48086,-16.264491,-49.009286,porto alegre,RS
15754,4.061752,-65.433331,manaus,AM
38697,0.644525,-45.684206,recife,PE
33401,-25.552473,-66.309058,fortaleza,CE
12751,-1.405062,-67.784746,goiania,GO
54352,2.572336,-61.40725,aracaju,SE
58804,-7.885469,-37.235853,brasilia,DF
18569,-28.497254,-39.456521,macapa,AP
35124,-12.762921,-46.614552,curitiba,PR
93380,-23.707114,-71.244583,caucaia,CE
80184,-21.821056,-67.354457,teresina,PI
92504,-2.766747,-39.831643,brasilia,DF
37425,-5.362655,-43.182722,campina grande,PB
31945,-13.672675,-44.450295,macapa,AP
75350,-13.28209,-66.198056,nossa senhora do socorro,SE
78875,-6.608632,-45.805305,araguaina,TO
45171,-10.914906,-48.751987,imperatriz,MA
37158,-24.658001,-65.285981,macapa,AP
38651,-21.372037,-39.229061,brasilia,DF
59034,-23.327889,-69.779161,maceio,AL
48672,-16.108798,-59.640152,manaus,AM
70981,-13.534041,-60.217789,maceio,AL
66689,-17.459795,-42.42883,dourados,MS
60118,-32.060709,-56.215837,caucaia,CE
57067,1.256082,-61.808323,goiania,GO
46231,2.211025,-69.260454,joao pessoa,PB
15017,-12.25101,-60.317202,juiz de fora,MG
42771,-21.496808,-42.008538,ji-parana,RO
34987,-6.18558,-35.076163,ji-parana,RO
11118,-3.737109,-62.28988,manaus,AM
63183,-1.76927,-44.203369,ananindeua,PA
95733,-13.519415,-44.0759,sorocaba,SP
39829,-24.376801,-44.532791,londrina,PR
77610,-10.693862,-52.00062,sao luis,MA
54650,-2.907234,-61.103156,dourados,MS
64747,-25.035779,-55.901066,feira de santana,BA
59112,-27.719891,-39.797492,natal,RN
75509,-2.204747,-41.296643,recife,PE
64938,-16.822665,-44.400205,fortaleza,CE
52739,-10.695707,-51.432058,manaus,AM
30144,4.135247,-35.21822,niteroi,RJ
59980,-25.240224,-58.155826,arapiraca,AL
34685,-14.958449,-60.504028,mossoro,RN
22221,-26.485901,-47.35435,dourados,MS
89084,-14.432694,-65.9057,florianopolis,SC
47200,-25.176093,-61.93799,contagem,MG
69593,-30.816779,-53.295796,joao pessoa,PB
63852,-18.138,-35.395385,joinville,SC
64842,-14.826457,-70.387006,maringa,PR
36958,-21.229227,-41.919948,salvador,BA
30811,-10.059041,-37.312138,ji-parana,RO
75860,-5.762662,-55.559655,maceio,AL
28702,-16.0622,-41.66586,salvador,BA
78925,-20.502124,-51.369295,teresina,PI
70646,-11.106955,-44.982953,imperatriz,MA
55453,-6.387971,-45.957379,jaboatao dos guararapes,PE
90350,-1.709675,-40.705932,jaboatao dos guararapes,PE
33537,1.198656,-45.13673,cuiaba,MT
96386,-26.029116,-51.39262,dourados,MS
15723,-23.89158,-39.919496,serra,ES
97380,1.819261,-46.474328,aparecida de goiania,GO
74682,-17.37143,-44.04929,rio branco,AC
20031,-4.294919,-53.832996,caxias do sul,RS
63752,-15.864433,-63.394869,manaus,AM
70577,-31.984721,-48.723068,joao pessoa,PB
59958,-19.941007,-57.82501,ji-parana,RO
14951,-32.59198,-68.642057,feira de santana,BA
97856,-4.550311,-54.579149,londrina,PR
81883,-8.033141,-45.883902,belo horizonte,MG
71707,-1.823786,-41.020624,campo grande,MS
89559,-29.180425,-61.822503,florianopolis,SC
32079,-30.051759,-43.983616,mossoro,RN
30119,-16.254996,-66.238271,ji-parana,RO
98479,-12.772645,-56.201791,palmas,TO
61199,-6.766825,-56.128506,rio de janeiro,RJ
16378,-3.648432,-43.849659,teresina,PI
41265,-25.400544,-72.390539,brasilia,DF
54186,-1.819991,-47.161538,sao paulo,SP
22661,-2.716882,-41.442875,uberlandia,MG
31895,-31.327525,-53.524996,blumenau,SC
52294,-11.641944,-65.797194,boa vista,RR
61781,2.679083,-68.409449,vitoria da conquista,BA
56737,-20.712023,-72.430206,salvador,BA
11570,-18.210907,-55.566515,nossa senhora do socorro,SE
95189,-9.291443,-71.33032,juiz de fora,MG
49522,-3.833285,-54.016111,feira de santana,BA
80278,-2.932129,-37.955491,pelotas,RS
43022,3.443319,-50.205048,maceio,AL
98853,2.133029,-43.686556,nossa senhora do socorro,SE
32980,-8.856569,-39.409253,londrina,PR
18849,-20.266002,-49.875734,caucaia,CE
60118,-13.581007,-44.811071,arapiraca,AL
40488,-32.193892,-44.160241,joao pessoa,PB
40984,-4.959295,-44.224662,caxias do sul,RS
17854,-27.772892,-54.048394,teresina,PI
59250,-25.233357,-71.559545,salvador,BA
53082,-27.897854,-60.933531,rio branco,AC
78271,-2.912369,-57.234051,macapa,AP
13105,-24.297619,-45.150821,boa vista,RR
36976,-12.506153,-38.547982,fortaleza,CE
39156,-9.893598,-58.503535,porto velho,RO
67981,-9.068265,-70.544559,fortaleza,CE
35226,-31.019939,-35.303522,sao luis,MA
22027,-26.400319,-52.14381,salvador,BA
40973,-13.717867,-56.802887,macapa,AP
31516,-5.576397,-63.692852,dourados,MS
42632,-21.482173,-51.09597,blumenau,SC
45633,-0.22783,-54.715513,aracaju,SE
59508,-26.624891,-56.227709,ananindeua,PA
30431,-1.855055,-42.844773,campina grande,PB
66019,-0.546396,-44.163384,sorocaba,SP
82463,-5.387367,-63.222915,recife,PE
69454,-22.237422,-51.6386,dourados,MS
53677,-27.807059,-55.168178,sao luis,MA
10547,-32.512298,-53.973407,curitiba,PR
74415,-17.6269,-57.198834,rio branco,AC
58908,-18.406578,-61.303189,serra,ES
63580,0.629984,-35.286046,maceio,AL
84135,-26.830229,-44.007867,caxias do sul,RS
76795,-6.053118,-48.87077,aparecida de goiania,GO
95315,-18.35734,-56.886467,belem,PA
72616,-31.688712,-42.101196,brasilia,DF
97251,-8.477326,-63.069433,aracaju,SE
43330,-23.598238,-51.023012,campo grande,MS
11617,-28.564236,-69.492379,porto velho,RO
62122,-6.169349,-35.982468,araguaina,TO
65436,-26.698703,-56.778884,uberlandia,MG
75620,3.77197,-47.97753,araguaina,TO
50367,-5.110529,-44.406434,serra,ES
24322,-8.825151,-43.485738,rio branco,AC
45261,-4.548257,-37.659359,belem,PA
50383,-32.756028,-66.60085,serra,ES
22697,-30.346023,-46.539965,sao luis,MA
95789,-22.04307,-56.623915,campina grande,PB
34431,-6.246207,-65.47522,joinville,SC
24449,-15.87489,-42.053923,blumenau,SC
17730,-4.503202,-42.251212,florianopolis,SC
63581,-16.252243,-38.307087,feira de santana,BA
31774,-29.967228,-69.743132,pelotas,RS
18423,-19.998227,-50.745437,caxias do sul,RS
98185,-4.099723,-72.63875,imperatriz,MA
97205,-10.867073,-35.470484,goiania,GO
78463,-2.912112,-58.724699,porto alegre,RS
73691,-15.017192,-60.192861,campina grande,PB
58599,-7.08932,-59.963057,varzea grande,MT
57344,-7.727025,-58.619443,fortaleza,CE
53287,-2.361732,-72.882783,duque de caxias,RJ
28201,-32.024144,-68.330008,araguaina,TO
42576,-18.999664,-49.502636,campina grande,PB
77490,-17.301189,-65.858472,ji-parana,RO
12179,-8.916463,-39.809489,nossa senhora do socorro,SE
98857,-16.116366,-49.943005,macapa,AP
90293,-2.829506,-59.76331,serra,ES
60444,-21.833207,-65.587076,sao luis,MA
84959,-3.175246,-45.766706,maringa,PR
75264,-2.720811,-61.548764,niteroi,RJ
32027,1.063526,-36.708054,ji-parana,RO
41897,-24.957649,-44.376404,sao luis,MA
23824,-16.474051,-45.800924,porto velho,RO
60264,-3.880265,-64.625711,joinville,SC
97897,-28.322272,-67.841256,aparecida de goiania,GO
21854,-2.769462,-60.353558,mossoro,RN
94408,-19.95742,-38.413649,brasilia,DF
95710,-8.600116,-51.647802,rio branco,AC
39301,-23.15443,-61.942893,cuiaba,MT
54595,-4.857914,-37.385995,porto alegre,RS
85083,-19.025993,-40.573448,rio branco,AC
10220,-21.189641,-50.577728,serra,ES
65535,-20.853566,-59.129094,feira de santana,BA
78124,-7.777774,-50.550513,porto velho,RO
11204,-12.544868,-55.497095,caxias do sul,RS
38692,-14.006359,-55.680188,londrina,PR
29119,-4.611723,-40.733156,parnaiba,PI
88496,-20.834704,-53.909636,boa vista,RR
45841,4.880247,-46.152154,palmas,TO
74883,-21.923186,-36.273163,sao luis,MA
30014,-1.540382,-64.996703,duque de caxias,RJ
16889,2.079998,-43.510528,rio branco,AC
49203,4.406803,-47.948488,imperatriz,MA
81819,-18.093148,-56.947376,florianopolis,SC
61296,-18.139602,-52.941911,imperatriz,MA
35571,-6.357871,-52.175619,jaboatao dos guararapes,PE
52391,-4.413874,-50.94542,porto alegre,RS
49855,-15.613765,-66.77961,macapa,AP
73234,-21.9389,-67.49673,londrina,PR
35644,-5.057882,-72.652964,vitoria da conquista,BA
98908,-3.151028,-40.379631,rio branco,AC
99056,-1.016917,-37.812557,vila velha,ES
72111,-26.173951,-71.00606,caxias do sul,RS
87777,-16.514785,-67.354404,campina grande,PB
42112,-31.708273,-63.847494,rio branco,AC
88139,3.273104,-48.193715,imperatriz,MA
97914,-7.976284,-43.446229,serra,ES
46073,-8.971326,-56.085505,boa vista,RR
25286,-29.859794,-54.409699,sao paulo,SP
13018,-10.699681,-35.480725,porto velho,RO
22393,-2.814939,-66.118329,imperatriz,MA
49107,-11.285922,-69.221232,imperatriz,MA
63127,-2.111018,-72.249637,uberlandia,MG
18379,-13.281758,-50.780582,mossoro,RN
37192,3.69588,-38.891113,palmas,TO
33584,-32.797688,-56.005151,blumenau,SC
15130,-28.104992,-65.163264,fortaleza,CE
83727,-23.243102,-44.383388,florianopolis,SC
76341,-21.654039,-36.281506,belo horizonte,MG
96266,-32.996749,-61.577201,joinville,SC
96397,-12.704109,-67.685508,campina grande,PB
78506,1.60976,-35.121708,imperatriz,MA
22977,-7.820554,-71.300049,teresina,PI
28568,-21.611049,-41.360143,niteroi,RJ
82361,-24.790481,-59.355524,maringa,PR
91567,-16.96343,-52.105753,maringa,PR
95166,1.339077,-57.797744,aparecida de goiania,GO
98673,-16.836952,-46.608416,juiz de fora,MG
19248,-9.076408,-62.762812,natal,RN
58777,-11.581598,-48.384698,aracaju,SE
65009,-1.780423,-60.978307,joao pessoa,PB
59668,-32.015425,-50.062925,macapa,AP
26334,-12.804134,-47.008789,juiz de fora,MG
53169,-8.673255,-59.21286,cuiaba,MT
29179,0.016504,-64.420912,caucaia,CE
59434,4.220438,-64.555428,sao paulo,SP
33033,-12.993924,-39.730547,porto alegre,RS
22522,-12.899515,-46.38269,arapiraca,AL
89621,-29.235486,-71.177395,jaboatao dos guararapes,PE
33681,-19.88343,-44.830709,caucaia,CE
72503,-10.492215,-63.155681,macapa,AP
96188,-28.198002,-58.605575,porto velho,RO
16929,1.900782,-48.710647,rio branco,AC
98895,-9.869286,-46.142103,belem,PA
56399,-2.658182,-53.915289,joinville,SC
78235,2.783726,-39.507267,aparecida de goiania,GO
50001,-8.845861,-69.696193,boa vista,RR
50991,-0.880667,-48.882286,jaboatao dos guararapes,PE
22272,-26.725701,-70.818362,uberlandia,MG
82634,2.324382,-42.282817,rio branco,AC
98740,-13.67007,-45.2297,sorocaba,SP
77503,-6.965369,-47.282582,imperatriz,MA
63145,-32.47179,-65.773008,natal,RN
65702,-6.301515,-44.512618,boa vista,RR
89609,-15.951222,-66.595771,brasilia,DF
32913,-30.14535,-41.10246,manaus,AM
16672,-16.936554,-58.594399,campina grande,PB
54296,1.733717,-63.508922,belem,PA
48019,-21.631236,-61.845288,natal,RN
92729,-11.384006,-64.736399,salvador,BA
70693,0.914769,-40.762632,recife,PE
10772,-9.609851,-60.515032,duque de caxias,RJ
10675,-19.710575,-45.547524,belem,PA
11161,-29.149164,-54.302247,vila velha,ES
63833,-28.293979,-54.478338,uberlandia,MG
42785,-24.408381,-57.976365,maringa,PR
66143,0.903349,-52.615759,jaboatao dos guararapes,PE
67484,-8.061374,-56.304445,goiania,GO
66880,-32.779212,-39.424102,londrina,PR
24505,-25.796451,-71.47026,palmas,TO
53412,1.237917,-66.908125,vila velha,ES
97194,4.351291,-68.485892,feira de santana,BA
99356,-5.855804,-60.654267,imperatriz,MA
75779,-5.412207,-44.808058,manaus,AM
27225,-28.830154,-68.900576,boa vista,RR
30387,-19.923419,-72.48134,campinas,SP
16820,-7.224208,-59.998642,porto velho,RO
66928,-14.752665,-62.275512,teresina,PI
42472,-9.5307,-45.288554,contagem,MG
46849,-3.864351,-40.161661,florianopolis,SC
97337,-1.816842,-65.460327,palmas,TO
75841,-9.778183,-65.830578,palmas,TO
40065,-28.422475,-57.75124,maceio,AL
29163,-16.800487,-49.57424,goiania,GO
59853,-17.522707,-61.355054,belo horizonte,MG
39068,-20.225242,-54.790581,aracaju,SE
94393,-31.037091,-68.817912,campina grande,PB
56009,-5.959747,-63.615192,ananindeua,PA
15359,-32.979635,-47.903631,niteroi,RJ
47397,-15.06179,-38.477685,fortaleza,CE
34227,-23.414004,-54.331119,caxias do sul,RS
24618,-29.318286,-72.48086,caucaia,CE
53412,-19.298389,-42.218661,natal,RN
41228,-8.290563,-65.018735,rio branco,AC
23941,-28.041555,-44.781677,vitoria,ES
86881,3.796547,-39.406428,porto alegre,RS
35287,-6.222918,-37.830976,boa vista,RR
49515,-5.436675,-35.393505,juiz de fora,MG
30142,-31.335178,-65.715144,vitoria da conquista,BA
83445,4.054794,-38.993305,mossoro,RN
67163,-30.427077,-57.077842,campo grande,MS
31880,-10.232161,-46.525163,joao pessoa,PB
15956,3.320511,-70.689851,londrina,PR
62100,-14.189016,-52.766146,palmas,TO
31694,-16.365692,-53.647422,joao pessoa,PB
62540,-9.925702,-65.136865,mossoro,RN
84959,-24.723307,-46.524574,campinas,SP
76036,-6.105347,-53.047218,macapa,AP
48844,-6.086321,-52.018265,recife,PE
15978,-12.7245,-61.909955,florianopolis,SC
46406,2.235422,-62.723475,aracaju,SE
94202,4.240899,-35.397622,macapa,AP
25228,-32.946801,-59.796448,vitoria da conquista,BA
52540,-29.836646,-46.192455,parnaiba,PI
27512,-17.48297,-49.763683,mossoro,RN
92045,-1.994958,-41.690592,fortaleza,CE
33165,-23.272486,-72.405737,brasilia,DF
60067,2.93494,-63.220884,porto velho,RO
67958,-24.615717,-62.785847,aracaju,SE
30400,-16.049876,-45.267148,arapiraca,AL
29442,1.282389,-69.43974,varzea grande,MT
34251,-2.007276,-66.307799,joinville,SC
33646,-8.392558,-72.200202,arapiraca,AL
61668,-6.880061,-65.861775,florianopolis,SC
65888,-23.680354,-38.45302,curitiba,PR
79045,-27.782931,-44.48312,vitoria,ES
23071,-18.640745,-72.212795,osasco,SP
94473,2.517754,-67.977196,boa vista,RR
45082,-27.579847,-49.159394,manaus,AM
23938,-12.389934,-41.906296,sao paulo,SP
36518,-27.709256,-44.132473,palmas,TO
50289,-20.39326,-67.128494,campo grande,MS
92245,-12.34271,-72.1941,duque de caxias,RJ
81387,-21.723937,-53.561388,rio de janeiro,RJ
28590,-32.954004,-64.476116,boa vista,RR
60512,-27.399693,-48.096145,brasilia,DF
24733,-14.310818,-35.350814,brasilia,DF
46937,-19.4223,-49.603523,brasilia,DF
21115,1.032287,-50.028757,caxias do sul,RS
79531,-20.275926,-66.108111,joinville,SC
97460,-6.887893,-49.259186,cuiaba,MT
23621,-22.698455,-54.02847,jaboatao dos guararapes,PE
20009,-3.023467,-40.254869,ananindeua,PA
29213,-20.830272,-58.157216,maringa,PR
18822,-28.699767,-56.75678,rio branco,AC
28961,-29.563013,-35.198676,rio branco,AC
56217,-20.866,-56.894381,joinville,SC
88871,-2.84694,-60.328324,araguaina,TO
60224,-17.090934,-54.110113,macapa,AP
79792,-12.623923,-64.255648,mossoro,RN
79067,-11.040695,-46.64704,contagem,MG
21436,-24.062663,-72.891088,rio branco,AC
83187,-14.990799,-67.923478,santos,SP
55789,-19.287376,-40.725493,porto alegre,RS
48626,-15.505241,-41.260411,manaus,AM
41784,-24.99198,-64.465687,mossoro,RN
25366,3.557975,-46.249411,rio branco,AC
13453,-6.547344,-56.861068,serra,ES
96867,-10.898931,-54.88059,rio de janeiro,RJ
13956,-27.418306,-67.631455,teresina,PI
11635,-11.37104,-42.078972,brasilia,DF
71573,-4.744798,-44.571929,curitiba,PR
71628,-17.362146,-60.181194,araguaina,TO
47587,-28.771867,-70.71997,macapa,AP
89190,-4.456949,-53.874774,aracaju,SE
65524,-7.163665,-39.712892,sorocaba,SP
84981,-13.928847,-46.044593,mossoro,RN
45628,3.978649,-53.18296,cuiaba,MT
37769,-17.784708,-70.872121,maringa,PR
83307,-10.006831,-70.066049,vitoria,ES
72575,-21.098793,-48.608148,araguaina,TO
31603,-30.922477,-58.883831,boa vista,RR
45378,-28.880766,-70.043274,cuiaba,MT
13676,-23.897863,-66.815105,parnaiba,PI
37775,-10.309791,-44.252185,porto alegre,RS
82311,-25.334415,-37.690327,recife,PE
21146,4.1132,-51.537721,brasilia,DF
15987,-31.174142,-69.457984,arapiraca,AL
56746,-4.436182,-36.567917,recife,PE
51218,-4.429994,-45.423851,joao pessoa,PB
98432,-29.299566,-57.523111,maringa,PR
75821,-2.315215,-67.292907,rio branco,AC
72515,-10.718388,-40.62297,arapiraca,AL
29862,-7.069789,-70.007391,recife,PE
40352,0.607279,-42.315911,aracaju,SE
31108,4.749832,-53.938443,aracaju,SE
68652,-3.156629,-60.117213,rio branco,AC
15244,0.845837,-43.58135,ananindeua,PA
37370,4.886361,-49.938672,vitoria,ES
92285,4.787372,-69.29857,maringa,PR
50572,-12.20883,-36.180009,campinas,SP
75393,-29.423668,-61.078689,macapa,AP
18934,-22.355542,-59.193526,recife,PE
33486,-5.995109,-55.491836,belo horizonte,MG
67939,-8.288901,-67.663005,imperatriz,MA
73997,-31.49548,-40.357876,pelotas,RS
91223,1.851324,-68.098599,vila velha,ES
58979,-29.827359,-57.298619,ananindeua,PA
99463,-31.378328,-35.857598,dourados,MS
83505,-32.698168,-40.583728,niteroi,RJ
30736,-11.334918,-40.554491,jaboatao dos guararapes,PE
70591,-7.572279,-59.740357,brasilia,DF
24302,-29.738743,-45.192431,dourados,MS
36145,-17.742222,-70.550082,vila velha,ES
37870,-6.312948,-54.90366,caucaia,CE
15017,-12.286914,-36.95572,aparecida de goiania,GO
37979,-20.832908,-71.809716,maringa,PR
18178,2.585467,-59.263275,parnaiba,PI
37973,-30.945054,-40.015217,varzea grande,MT
