payroll_id,employee_id,pay_period,gross_pay,deductions,net_pay,pay_date
PAY000001,EMP00002,2024-01,16416.08,2603.39,13812.69,2024-01-28
PAY000002,EMP00002,2024-02,16416.08,2179.27,14236.81,2024-02-28
PAY000003,EMP00002,2024-03,16416.08,2598.29,13817.79,2024-03-28
PAY000004,EMP00003,2024-01,8527.29,1537.17,6990.12,2024-01-28
PAY000005,EMP00003,2024-02,8527.29,1669.45,6857.84,2024-02-28
PAY000006,EMP00003,2024-03,8527.29,1593.77,6933.52,2024-03-28
PAY000007,EMP00004,2024-01,15527.84,3266.2,12261.64,2024-01-28
PAY000008,EMP00004,2024-02,15527.84,3380.2,12147.64,2024-02-28
PAY000009,EMP00004,2024-03,15527.84,2548.04,12979.8,2024-03-28
PAY000010,EMP00005,2024-01,16557.4,2831.76,13725.64,2024-01-28
PAY000011,EMP00005,2024-02,16557.4,2973.05,13584.35,2024-02-28
PAY000012,EMP00005,2024-03,16557.4,1822.53,14734.87,2024-03-28
PAY000013,EMP00006,2024-01,9143.5,1865.48,7278.02,2024-01-28
PAY000014,EMP00006,2024-02,9143.5,1113.75,8029.75,2024-02-28
PAY000015,EMP00006,2024-03,9143.5,1199.8,7943.7,2024-03-28
PAY000016,EMP00007,2024-01,7573.97,1170.66,6403.31,2024-01-28
PAY000017,EMP00007,2024-02,7573.97,1064.14,6509.83,2024-02-28
PAY000018,EMP00007,2024-03,7573.97,1556.88,6017.09,2024-03-28
PAY000019,EMP00008,2024-01,6812.98,1458.96,5354.02,2024-01-28
PAY000020,EMP00008,2024-02,6812.98,1025.95,5787.03,2024-02-28
PAY000021,EMP00008,2024-03,6812.98,1363.89,5449.09,2024-03-28
PAY000022,EMP00009,2024-01,9789.76,1858.91,7930.85,2024-01-28
PAY000023,EMP00009,2024-02,9789.76,1040.16,8749.6,2024-02-28
PAY000024,EMP00009,2024-03,9789.76,2097.26,7692.5,2024-03-28
PAY000025,EMP00010,2024-01,5975.44,646.75,5328.69,2024-01-28
PAY000026,EMP00010,2024-02,5975.44,1283.97,4691.47,2024-02-28
PAY000027,EMP00010,2024-03,5975.44,626.41,5349.03,2024-03-28
PAY000028,EMP00011,2024-01,2980.96,386.55,2594.41,2024-01-28
PAY000029,EMP00011,2024-02,2980.96,598.3,2382.66,2024-02-28
PAY000030,EMP00011,2024-03,2980.96,520.36,2460.6,2024-03-28
PAY000031,EMP00012,2024-01,6197.45,971.93,5225.52,2024-01-28
PAY000032,EMP00012,2024-02,6197.45,704.82,5492.63,2024-02-28
PAY000033,EMP00012,2024-03,6197.45,1324.59,4872.86,2024-03-28
PAY000034,EMP00013,2024-01,9708.03,1269.32,8438.71,2024-01-28
PAY000035,EMP00013,2024-02,9708.03,1400.55,8307.48,2024-02-28
PAY000036,EMP00013,2024-03,9708.03,1676.65,8031.38,2024-03-28
PAY000037,EMP00014,2024-01,17437.89,3246.99,14190.9,2024-01-28
PAY000038,EMP00014,2024-02,17437.89,3371.35,14066.54,2024-02-28
PAY000039,EMP00014,2024-03,17437.89,2086.48,15351.41,2024-03-28
PAY000040,EMP00015,2024-01,7321.1,1240.5,6080.6,2024-01-28
PAY000041,EMP00015,2024-02,7321.1,1548.17,5772.93,2024-02-28
PAY000042,EMP00015,2024-03,7321.1,1237.97,6083.13,2024-03-28
PAY000043,EMP00016,2024-01,16574.41,2403.9,14170.51,2024-01-28
PAY000044,EMP00016,2024-02,16574.41,3529.96,13044.45,2024-02-28
PAY000045,EMP00016,2024-03,16574.41,2051.9,14522.51,2024-03-28
PAY000046,EMP00017,2024-01,11677.52,2331.63,9345.89,2024-01-28
PAY000047,EMP00017,2024-02,11677.52,1508.06,10169.46,2024-02-28
PAY000048,EMP00017,2024-03,11677.52,2144.73,9532.79,2024-03-28
PAY000049,EMP00018,2024-01,7174.53,1306.56,5867.97,2024-01-28
PAY000050,EMP00018,2024-02,7174.53,1410.97,5763.56,2024-02-28
PAY000051,EMP00018,2024-03,7174.53,1402.96,5771.57,2024-03-28
PAY000052,EMP00019,2024-01,11271.95,1182.75,10089.2,2024-01-28
PAY000053,EMP00019,2024-02,11271.95,1847.8,9424.15,2024-02-28
PAY000054,EMP00019,2024-03,11271.95,2021.99,9249.96,2024-03-28
PAY000055,EMP00020,2024-01,3568.83,634.2,2934.63,2024-01-28
PAY000056,EMP00020,2024-02,3568.83,362.3,3206.53,2024-02-28
PAY000057,EMP00020,2024-03,3568.83,536.78,3032.05,2024-03-28
PAY000058,EMP00021,2024-01,10098.13,1535.15,8562.98,2024-01-28
PAY000059,EMP00021,2024-02,10098.13,1448.7,8649.43,2024-02-28
PAY000060,EMP00021,2024-03,10098.13,2090.2,8007.93,2024-03-28
PAY000061,EMP00022,2024-01,9625.96,1139.32,8486.64,2024-01-28
PAY000062,EMP00022,2024-02,9625.96,1166.05,8459.91,2024-02-28
PAY000063,EMP00022,2024-03,9625.96,1565.27,8060.69,2024-03-28
PAY000064,EMP00023,2024-01,12582.09,2188.14,10393.95,2024-01-28
PAY000065,EMP00023,2024-02,12582.09,2646.69,9935.4,2024-02-28
PAY000066,EMP00023,2024-03,12582.09,2427.8,10154.29,2024-03-28
PAY000067,EMP00024,2024-01,9705.54,1932.26,7773.28,2024-01-28
PAY000068,EMP00024,2024-02,9705.54,1660.59,8044.95,2024-02-28
PAY000069,EMP00024,2024-03,9705.54,1345.93,8359.61,2024-03-28
PAY000070,EMP00025,2024-01,6305.18,1337.67,4967.51,2024-01-28
PAY000071,EMP00025,2024-02,6305.18,841.56,5463.62,2024-02-28
PAY000072,EMP00025,2024-03,6305.18,971.6,5333.58,2024-03-28
PAY000073,EMP00026,2024-01,14132.38,2379.64,11752.74,2024-01-28
PAY000074,EMP00026,2024-02,14132.38,2546.41,11585.97,2024-02-28
PAY000075,EMP00026,2024-03,14132.38,1983.73,12148.65,2024-03-28
PAY000076,EMP00027,2024-01,10161.75,1412.5,8749.25,2024-01-28
PAY000077,EMP00027,2024-02,10161.75,1610.7,8551.05,2024-02-28
PAY000078,EMP00027,2024-03,10161.75,1448.85,8712.9,2024-03-28
PAY000079,EMP00028,2024-01,6504.46,868.73,5635.73,2024-01-28
PAY000080,EMP00028,2024-02,6504.46,1115.77,5388.69,2024-02-28
PAY000081,EMP00028,2024-03,6504.46,1337.4,5167.06,2024-03-28
PAY000082,EMP00029,2024-01,11114.76,1800.54,9314.22,2024-01-28
PAY000083,EMP00029,2024-02,11114.76,1366.3,9748.46,2024-02-28
PAY000084,EMP00029,2024-03,11114.76,1433.39,9681.37,2024-03-28
PAY000085,EMP00030,2024-01,8799.64,1466.21,7333.43,2024-01-28
PAY000086,EMP00030,2024-02,8799.64,1133.74,7665.9,2024-02-28
PAY000087,EMP00030,2024-03,8799.64,1382.7,7416.94,2024-03-28
PAY000088,EMP00031,2024-01,13533.56,2081.2,11452.36,2024-01-28
PAY000089,EMP00031,2024-02,13533.56,1381.36,12152.2,2024-02-28
PAY000090,EMP00031,2024-03,13533.56,1831.2,11702.36,2024-03-28
PAY000091,EMP00033,2024-01,8768.22,1132.82,7635.4,2024-01-28
PAY000092,EMP00033,2024-02,8768.22,1575.43,7192.79,2024-02-28
PAY000093,EMP00033,2024-03,8768.22,1265.1,7503.12,2024-03-28
PAY000094,EMP00034,2024-01,11078.83,1564.89,9513.94,2024-01-28
PAY000095,EMP00034,2024-02,11078.83,2432.86,8645.97,2024-02-28
PAY000096,EMP00034,2024-03,11078.83,1839.6,9239.23,2024-03-28
PAY000097,EMP00035,2024-01,7953.06,1228.35,6724.71,2024-01-28
PAY000098,EMP00035,2024-02,7953.06,1087.94,6865.12,2024-02-28
PAY000099,EMP00035,2024-03,7953.06,1015.32,6937.74,2024-03-28
PAY000100,EMP00036,2024-01,13679.91,1885.99,11793.92,2024-01-28
PAY000101,EMP00036,2024-02,13679.91,2587.5,11092.41,2024-02-28
PAY000102,EMP00036,2024-03,13679.91,2928.94,10750.97,2024-03-28
PAY000103,EMP00037,2024-01,13197.54,1623.1,11574.44,2024-01-28
PAY000104,EMP00037,2024-02,13197.54,2489.49,10708.05,2024-02-28
PAY000105,EMP00037,2024-03,13197.54,1757.65,11439.89,2024-03-28
PAY000106,EMP00038,2024-01,11638.6,2225.59,9413.01,2024-01-28
PAY000107,EMP00038,2024-02,11638.6,1997.36,9641.24,2024-02-28
PAY000108,EMP00038,2024-03,11638.6,2533.27,9105.33,2024-03-28
PAY000109,EMP00039,2024-01,15405.74,2088.24,13317.5,2024-01-28
PAY000110,EMP00039,2024-02,15405.74,2207.73,13198.01,2024-02-28
PAY000111,EMP00039,2024-03,15405.74,2099.37,13306.37,2024-03-28
PAY000112,EMP00040,2024-01,13474.29,1552.1,11922.19,2024-01-28
PAY000113,EMP00040,2024-02,13474.29,1421.02,12053.27,2024-02-28
PAY000114,EMP00040,2024-03,13474.29,1435.59,12038.7,2024-03-28
PAY000115,EMP00041,2024-01,7028.12,1499.03,5529.09,2024-01-28
PAY000116,EMP00041,2024-02,7028.12,1240.77,5787.35,2024-02-28
PAY000117,EMP00041,2024-03,7028.12,1337.7,5690.42,2024-03-28
PAY000118,EMP00042,2024-01,4090.11,415.03,3675.08,2024-01-28
PAY000119,EMP00042,2024-02,4090.11,548.57,3541.54,2024-02-28
PAY000120,EMP00042,2024-03,4090.11,643.97,3446.14,2024-03-28
PAY000121,EMP00043,2024-01,7780.94,1679.59,6101.35,2024-01-28
PAY000122,EMP00043,2024-02,7780.94,1013.84,6767.1,2024-02-28
PAY000123,EMP00043,2024-03,7780.94,1582.7,6198.24,2024-03-28
PAY000124,EMP00044,2024-01,4268.35,460.3,3808.05,2024-01-28
PAY000125,EMP00044,2024-02,4268.35,678.71,3589.64,2024-02-28
PAY000126,EMP00044,2024-03,4268.35,722.39,3545.96,2024-03-28
PAY000127,EMP00045,2024-01,13139.99,1553.24,11586.75,2024-01-28
PAY000128,EMP00045,2024-02,13139.99,2593.01,10546.98,2024-02-28
PAY000129,EMP00045,2024-03,13139.99,2810.58,10329.41,2024-03-28
PAY000130,EMP00048,2024-01,3820.3,495.81,3324.49,2024-01-28
PAY000131,EMP00048,2024-02,3820.3,637.87,3182.43,2024-02-28
PAY000132,EMP00048,2024-03,3820.3,572.82,3247.48,2024-03-28
PAY000133,EMP00049,2024-01,11739.97,2045.22,9694.75,2024-01-28
PAY000134,EMP00049,2024-02,11739.97,2266.79,9473.18,2024-02-28
PAY000135,EMP00049,2024-03,11739.97,1709.87,10030.1,2024-03-28
PAY000136,EMP00050,2024-01,16581.82,2249.86,14331.96,2024-01-28
PAY000137,EMP00050,2024-02,16581.82,2829.24,13752.58,2024-02-28
PAY000138,EMP00050,2024-03,16581.82,2511.48,14070.34,2024-03-28
PAY000139,EMP00051,2024-01,11313.76,1213.15,10100.61,2024-01-28
PAY000140,EMP00051,2024-02,11313.76,2434.87,8878.89,2024-02-28
PAY000141,EMP00051,2024-03,11313.76,1266.1,10047.66,2024-03-28
PAY000142,EMP00052,2024-01,14322.43,2507.31,11815.12,2024-01-28
PAY000143,EMP00052,2024-02,14322.43,1887.09,12435.34,2024-02-28
PAY000144,EMP00052,2024-03,14322.43,1571.78,12750.65,2024-03-28
PAY000145,EMP00053,2024-01,6217.91,1033.66,5184.25,2024-01-28
PAY000146,EMP00053,2024-02,6217.91,738.59,5479.32,2024-02-28
PAY000147,EMP00053,2024-03,6217.91,926.61,5291.3,2024-03-28
PAY000148,EMP00054,2024-01,13185.25,2062.03,11123.22,2024-01-28
PAY000149,EMP00054,2024-02,13185.25,1370.17,11815.08,2024-02-28
PAY000150,EMP00054,2024-03,13185.25,1774.37,11410.88,2024-03-28
PAY000151,EMP00055,2024-01,6882.13,1398.12,5484.01,2024-01-28
PAY000152,EMP00055,2024-02,6882.13,747.0,6135.13,2024-02-28
PAY000153,EMP00055,2024-03,6882.13,880.99,6001.14,2024-03-28
PAY000154,EMP00056,2024-01,6600.6,1286.79,5313.81,2024-01-28
PAY000155,EMP00056,2024-02,6600.6,1127.22,5473.38,2024-02-28
PAY000156,EMP00056,2024-03,6600.6,1296.81,5303.79,2024-03-28
PAY000157,EMP00057,2024-01,5566.2,633.28,4932.92,2024-01-28
PAY000158,EMP00057,2024-02,5566.2,706.78,4859.42,2024-02-28
PAY000159,EMP00057,2024-03,5566.2,656.14,4910.06,2024-03-28
PAY000160,EMP00058,2024-01,6617.3,774.68,5842.62,2024-01-28
PAY000161,EMP00058,2024-02,6617.3,709.09,5908.21,2024-02-28
PAY000162,EMP00058,2024-03,6617.3,1291.14,5326.16,2024-03-28
PAY000163,EMP00059,2024-01,11723.18,2331.84,9391.34,2024-01-28
PAY000164,EMP00059,2024-02,11723.18,2468.23,9254.95,2024-02-28
PAY000165,EMP00059,2024-03,11723.18,1790.11,9933.07,2024-03-28
PAY000166,EMP00060,2024-01,9764.82,1332.81,8432.01,2024-01-28
PAY000167,EMP00060,2024-02,9764.82,1448.13,8316.69,2024-02-28
PAY000168,EMP00060,2024-03,9764.82,1295.49,8469.33,2024-03-28
PAY000169,EMP00061,2024-01,10869.71,1657.97,9211.74,2024-01-28
PAY000170,EMP00061,2024-02,10869.71,1867.03,9002.68,2024-02-28
PAY000171,EMP00061,2024-03,10869.71,2247.1,8622.61,2024-03-28
PAY000172,EMP00062,2024-01,13885.28,2394.46,11490.82,2024-01-28
PAY000173,EMP00062,2024-02,13885.28,1431.62,12453.66,2024-02-28
PAY000174,EMP00062,2024-03,13885.28,1769.97,12115.31,2024-03-28
PAY000175,EMP00063,2024-01,12951.62,2632.57,10319.05,2024-01-28
PAY000176,EMP00063,2024-02,12951.62,2207.67,10743.95,2024-02-28
PAY000177,EMP00063,2024-03,12951.62,1327.4,11624.22,2024-03-28
PAY000178,EMP00064,2024-01,14353.79,2850.24,11503.55,2024-01-28
PAY000179,EMP00064,2024-02,14353.79,2427.94,11925.85,2024-02-28
PAY000180,EMP00064,2024-03,14353.79,2749.8,11603.99,2024-03-28
PAY000181,EMP00065,2024-01,5215.46,846.34,4369.12,2024-01-28
PAY000182,EMP00065,2024-02,5215.46,798.32,4417.14,2024-02-28
PAY000183,EMP00065,2024-03,5215.46,695.63,4519.83,2024-03-28
PAY000184,EMP00067,2024-01,17952.65,2734.3,15218.35,2024-01-28
PAY000185,EMP00067,2024-02,17952.65,3549.41,14403.24,2024-02-28
PAY000186,EMP00067,2024-03,17952.65,3882.92,14069.73,2024-03-28
PAY000187,EMP00068,2024-01,9785.16,1458.01,8327.15,2024-01-28
PAY000188,EMP00068,2024-02,9785.16,1355.51,8429.65,2024-02-28
PAY000189,EMP00068,2024-03,9785.16,1101.34,8683.82,2024-03-28
PAY000190,EMP00070,2024-01,4992.79,745.91,4246.88,2024-01-28
PAY000191,EMP00070,2024-02,4992.79,796.13,4196.66,2024-02-28
PAY000192,EMP00070,2024-03,4992.79,896.26,4096.53,2024-03-28
PAY000193,EMP00071,2024-01,8707.01,1665.3,7041.71,2024-01-28
PAY000194,EMP00071,2024-02,8707.01,909.04,7797.97,2024-02-28
PAY000195,EMP00071,2024-03,8707.01,962.71,7744.3,2024-03-28
PAY000196,EMP00072,2024-01,6412.18,730.42,5681.76,2024-01-28
PAY000197,EMP00072,2024-02,6412.18,1235.66,5176.52,2024-02-28
PAY000198,EMP00072,2024-03,6412.18,1306.73,5105.45,2024-03-28
PAY000199,EMP00073,2024-01,15286.37,1530.75,13755.62,2024-01-28
PAY000200,EMP00073,2024-02,15286.37,3123.37,12163.0,2024-02-28
PAY000201,EMP00073,2024-03,15286.37,2376.07,12910.3,2024-03-28
PAY000202,EMP00074,2024-01,3340.16,541.82,2798.34,2024-01-28
PAY000203,EMP00074,2024-02,3340.16,583.58,2756.58,2024-02-28
PAY000204,EMP00074,2024-03,3340.16,533.82,2806.34,2024-03-28
PAY000205,EMP00075,2024-01,9351.63,993.08,8358.55,2024-01-28
PAY000206,EMP00075,2024-02,9351.63,1234.85,8116.78,2024-02-28
PAY000207,EMP00075,2024-03,9351.63,1082.19,8269.44,2024-03-28
PAY000208,EMP00076,2024-01,6964.45,1432.6,5531.85,2024-01-28
PAY000209,EMP00076,2024-02,6964.45,1101.54,5862.91,2024-02-28
PAY000210,EMP00076,2024-03,6964.45,720.57,6243.88,2024-03-28
PAY000211,EMP00077,2024-01,12265.35,2403.0,9862.35,2024-01-28
PAY000212,EMP00077,2024-02,12265.35,2271.22,9994.13,2024-02-28
PAY000213,EMP00077,2024-03,12265.35,1683.91,10581.44,2024-03-28
PAY000214,EMP00078,2024-01,2711.95,403.97,2307.98,2024-01-28
PAY000215,EMP00078,2024-02,2711.95,344.32,2367.63,2024-02-28
PAY000216,EMP00078,2024-03,2711.95,545.02,2166.93,2024-03-28
PAY000217,EMP00079,2024-01,4258.65,909.85,3348.8,2024-01-28
PAY000218,EMP00079,2024-02,4258.65,756.87,3501.78,2024-02-28
PAY000219,EMP00079,2024-03,4258.65,504.55,3754.1,2024-03-28
PAY000220,EMP00080,2024-01,16956.12,2289.47,14666.65,2024-01-28
PAY000221,EMP00080,2024-02,16956.12,3130.94,13825.18,2024-02-28
PAY000222,EMP00080,2024-03,16956.12,2541.02,14415.1,2024-03-28
PAY000223,EMP00081,2024-01,9978.74,1563.33,8415.41,2024-01-28
PAY000224,EMP00081,2024-02,9978.74,1544.85,8433.89,2024-02-28
PAY000225,EMP00081,2024-03,9978.74,1171.08,8807.66,2024-03-28
PAY000226,EMP00082,2024-01,5454.46,937.76,4516.7,2024-01-28
PAY000227,EMP00082,2024-02,5454.46,1033.92,4420.54,2024-02-28
PAY000228,EMP00082,2024-03,5454.46,634.8,4819.66,2024-03-28
PAY000229,EMP00083,2024-01,3582.06,690.34,2891.72,2024-01-28
PAY000230,EMP00083,2024-02,3582.06,725.47,2856.59,2024-02-28
PAY000231,EMP00083,2024-03,3582.06,504.3,3077.76,2024-03-28
PAY000232,EMP00084,2024-01,14709.62,1942.56,12767.06,2024-01-28
PAY000233,EMP00084,2024-02,14709.62,1475.49,13234.13,2024-02-28
PAY000234,EMP00084,2024-03,14709.62,2752.55,11957.07,2024-03-28
PAY000235,EMP00085,2024-01,15480.88,2625.41,12855.47,2024-01-28
PAY000236,EMP00085,2024-02,15480.88,2774.06,12706.82,2024-02-28
PAY000237,EMP00085,2024-03,15480.88,3155.49,12325.39,2024-03-28
PAY000238,EMP00086,2024-01,9421.48,1489.73,7931.75,2024-01-28
PAY000239,EMP00086,2024-02,9421.48,1318.0,8103.48,2024-02-28
PAY000240,EMP00086,2024-03,9421.48,1804.63,7616.85,2024-03-28
PAY000241,EMP00087,2024-01,8346.76,1769.03,6577.73,2024-01-28
PAY000242,EMP00087,2024-02,8346.76,1705.68,6641.08,2024-02-28
PAY000243,EMP00087,2024-03,8346.76,1817.03,6529.73,2024-03-28
PAY000244,EMP00088,2024-01,6201.49,905.15,5296.34,2024-01-28
PAY000245,EMP00088,2024-02,6201.49,1257.18,4944.31,2024-02-28
PAY000246,EMP00088,2024-03,6201.49,925.84,5275.65,2024-03-28
PAY000247,EMP00089,2024-01,7431.73,1164.98,6266.75,2024-01-28
PAY000248,EMP00089,2024-02,7431.73,1557.78,5873.95,2024-02-28
PAY000249,EMP00089,2024-03,7431.73,1083.16,6348.57,2024-03-28
PAY000250,EMP00090,2024-01,17820.42,3476.54,14343.88,2024-01-28
PAY000251,EMP00090,2024-02,17820.42,3176.35,14644.07,2024-02-28
PAY000252,EMP00090,2024-03,17820.42,2107.31,15713.11,2024-03-28
PAY000253,EMP00091,2024-01,17454.78,2009.91,15444.87,2024-01-28
PAY000254,EMP00091,2024-02,17454.78,3767.48,13687.3,2024-02-28
PAY000255,EMP00091,2024-03,17454.78,2440.87,15013.91,2024-03-28
PAY000256,EMP00092,2024-01,4055.65,816.83,3238.82,2024-01-28
PAY000257,EMP00092,2024-02,4055.65,454.09,3601.56,2024-02-28
PAY000258,EMP00092,2024-03,4055.65,848.66,3206.99,2024-03-28
PAY000259,EMP00093,2024-01,2737.89,321.15,2416.74,2024-01-28
PAY000260,EMP00093,2024-02,2737.89,559.93,2177.96,2024-02-28
PAY000261,EMP00093,2024-03,2737.89,592.47,2145.42,2024-03-28
PAY000262,EMP00094,2024-01,3659.84,709.21,2950.63,2024-01-28
PAY000263,EMP00094,2024-02,3659.84,482.38,3177.46,2024-02-28
PAY000264,EMP00094,2024-03,3659.84,639.71,3020.13,2024-03-28
PAY000265,EMP00095,2024-01,8660.99,949.57,7711.42,2024-01-28
PAY000266,EMP00095,2024-02,8660.99,1207.58,7453.41,2024-02-28
PAY000267,EMP00095,2024-03,8660.99,1566.97,7094.02,2024-03-28
PAY000268,EMP00096,2024-01,10771.15,2310.38,8460.77,2024-01-28
PAY000269,EMP00096,2024-02,10771.15,1887.28,8883.87,2024-02-28
PAY000270,EMP00096,2024-03,10771.15,2224.16,8546.99,2024-03-28
PAY000271,EMP00097,2024-01,10063.19,1659.64,8403.55,2024-01-28
PAY000272,EMP00097,2024-02,10063.19,1751.95,8311.24,2024-02-28
PAY000273,EMP00097,2024-03,10063.19,1289.82,8773.37,2024-03-28
PAY000274,EMP00098,2024-01,13108.19,1762.86,11345.33,2024-01-28
PAY000275,EMP00098,2024-02,13108.19,1668.65,11439.54,2024-02-28
PAY000276,EMP00098,2024-03,13108.19,1452.98,11655.21,2024-03-28
PAY000277,EMP00099,2024-01,17664.23,3378.18,14286.05,2024-01-28
PAY000278,EMP00099,2024-02,17664.23,3258.47,14405.76,2024-02-28
PAY000279,EMP00099,2024-03,17664.23,1979.47,15684.76,2024-03-28
PAY000280,EMP00100,2024-01,5078.65,690.37,4388.28,2024-01-28
PAY000281,EMP00100,2024-02,5078.65,525.51,4553.14,2024-02-28
PAY000282,EMP00100,2024-03,5078.65,705.55,4373.1,2024-03-28
PAY000283,EMP00101,2024-01,3369.85,481.94,2887.91,2024-01-28
PAY000284,EMP00101,2024-02,3369.85,511.15,2858.7,2024-02-28
PAY000285,EMP00101,2024-03,3369.85,435.73,2934.12,2024-03-28
PAY000286,EMP00102,2024-01,8886.8,1615.76,7271.04,2024-01-28
PAY000287,EMP00102,2024-02,8886.8,1080.7,7806.1,2024-02-28
PAY000288,EMP00102,2024-03,8886.8,1075.38,7811.42,2024-03-28
PAY000289,EMP00103,2024-01,11947.12,1743.15,10203.97,2024-01-28
PAY000290,EMP00103,2024-02,11947.12,2174.09,9773.03,2024-02-28
PAY000291,EMP00103,2024-03,11947.12,1908.19,10038.93,2024-03-28
PAY000292,EMP00104,2024-01,11538.94,1475.4,10063.54,2024-01-28
PAY000293,EMP00104,2024-02,11538.94,2037.18,9501.76,2024-02-28
PAY000294,EMP00104,2024-03,11538.94,1790.25,9748.69,2024-03-28
PAY000295,EMP00105,2024-01,12836.03,2668.21,10167.82,2024-01-28
PAY000296,EMP00105,2024-02,12836.03,2000.24,10835.79,2024-02-28
PAY000297,EMP00105,2024-03,12836.03,1726.65,11109.38,2024-03-28
PAY000298,EMP00106,2024-01,10972.27,1194.48,9777.79,2024-01-28
PAY000299,EMP00106,2024-02,10972.27,2341.79,8630.48,2024-02-28
PAY000300,EMP00106,2024-03,10972.27,2397.64,8574.63,2024-03-28
PAY000301,EMP00107,2024-01,7136.89,1537.6,5599.29,2024-01-28
PAY000302,EMP00107,2024-02,7136.89,1304.89,5832.0,2024-02-28
PAY000303,EMP00107,2024-03,7136.89,1104.94,6031.95,2024-03-28
PAY000304,EMP00108,2024-01,7182.89,1579.7,5603.19,2024-01-28
PAY000305,EMP00108,2024-02,7182.89,1453.82,5729.07,2024-02-28
PAY000306,EMP00108,2024-03,7182.89,810.22,6372.67,2024-03-28
PAY000307,EMP00109,2024-01,8411.15,1203.43,7207.72,2024-01-28
PAY000308,EMP00109,2024-02,8411.15,1139.75,7271.4,2024-02-28
PAY000309,EMP00109,2024-03,8411.15,1546.92,6864.23,2024-03-28
PAY000310,EMP00110,2024-01,2840.06,566.89,2273.17,2024-01-28
PAY000311,EMP00110,2024-02,2840.06,418.9,2421.16,2024-02-28
PAY000312,EMP00110,2024-03,2840.06,286.77,2553.29,2024-03-28
PAY000313,EMP00111,2024-01,15908.54,3076.67,12831.87,2024-01-28
PAY000314,EMP00111,2024-02,15908.54,3449.49,12459.05,2024-02-28
PAY000315,EMP00111,2024-03,15908.54,3329.24,12579.3,2024-03-28
PAY000316,EMP00112,2024-01,14050.17,2809.2,11240.97,2024-01-28
PAY000317,EMP00112,2024-02,14050.17,2927.38,11122.79,2024-02-28
PAY000318,EMP00112,2024-03,14050.17,2712.93,11337.24,2024-03-28
PAY000319,EMP00113,2024-01,6066.84,1190.51,4876.33,2024-01-28
PAY000320,EMP00113,2024-02,6066.84,766.12,5300.72,2024-02-28
PAY000321,EMP00113,2024-03,6066.84,745.1,5321.74,2024-03-28
PAY000322,EMP00114,2024-01,6384.72,1217.37,5167.35,2024-01-28
PAY000323,EMP00114,2024-02,6384.72,1226.48,5158.24,2024-02-28
PAY000324,EMP00114,2024-03,6384.72,1160.12,5224.6,2024-03-28
PAY000325,EMP00115,2024-01,4620.08,515.88,4104.2,2024-01-28
PAY000326,EMP00115,2024-02,4620.08,809.88,3810.2,2024-02-28
PAY000327,EMP00115,2024-03,4620.08,483.86,4136.22,2024-03-28
PAY000328,EMP00116,2024-01,14723.46,1531.29,13192.17,2024-01-28
PAY000329,EMP00116,2024-02,14723.46,2116.99,12606.47,2024-02-28
PAY000330,EMP00116,2024-03,14723.46,1704.53,13018.93,2024-03-28
PAY000331,EMP00117,2024-01,16599.23,2310.72,14288.51,2024-01-28
PAY000332,EMP00117,2024-02,16599.23,2487.57,14111.66,2024-02-28
PAY000333,EMP00117,2024-03,16599.23,2059.89,14539.34,2024-03-28
PAY000334,EMP00118,2024-01,14690.95,3014.22,11676.73,2024-01-28
PAY000335,EMP00118,2024-02,14690.95,2114.07,12576.88,2024-02-28
PAY000336,EMP00118,2024-03,14690.95,2353.72,12337.23,2024-03-28
PAY000337,EMP00119,2024-01,6724.17,805.19,5918.98,2024-01-28
PAY000338,EMP00119,2024-02,6724.17,1409.96,5314.21,2024-02-28
PAY000339,EMP00119,2024-03,6724.17,1434.28,5289.89,2024-03-28
PAY000340,EMP00120,2024-01,17494.45,2369.05,15125.4,2024-01-28
PAY000341,EMP00120,2024-02,17494.45,3576.7,13917.75,2024-02-28
PAY000342,EMP00120,2024-03,17494.45,3437.8,14056.65,2024-03-28
PAY000343,EMP00121,2024-01,9759.14,1064.1,8695.04,2024-01-28
PAY000344,EMP00121,2024-02,9759.14,1859.1,7900.04,2024-02-28
PAY000345,EMP00121,2024-03,9759.14,1240.13,8519.01,2024-03-28
PAY000346,EMP00122,2024-01,12983.02,2349.0,10634.02,2024-01-28
PAY000347,EMP00122,2024-02,12983.02,1917.45,11065.57,2024-02-28
PAY000348,EMP00122,2024-03,12983.02,2615.94,10367.08,2024-03-28
PAY000349,EMP00123,2024-01,11138.35,1234.53,9903.82,2024-01-28
PAY000350,EMP00123,2024-02,11138.35,1641.22,9497.13,2024-02-28
PAY000351,EMP00123,2024-03,11138.35,1467.31,9671.04,2024-03-28
PAY000352,EMP00124,2024-01,4415.63,636.87,3778.76,2024-01-28
PAY000353,EMP00124,2024-02,4415.63,838.45,3577.18,2024-02-28
PAY000354,EMP00124,2024-03,4415.63,580.48,3835.15,2024-03-28
PAY000355,EMP00125,2024-01,8405.9,1484.7,6921.2,2024-01-28
PAY000356,EMP00125,2024-02,8405.9,1215.3,7190.6,2024-02-28
PAY000357,EMP00125,2024-03,8405.9,1521.3,6884.6,2024-03-28
PAY000358,EMP00127,2024-01,9807.89,1709.96,8097.93,2024-01-28
PAY000359,EMP00127,2024-02,9807.89,2090.85,7717.04,2024-02-28
PAY000360,EMP00127,2024-03,9807.89,1366.83,8441.06,2024-03-28
PAY000361,EMP00128,2024-01,11956.27,2124.85,9831.42,2024-01-28
PAY000362,EMP00128,2024-02,11956.27,2107.27,9849.0,2024-02-28
PAY000363,EMP00128,2024-03,11956.27,1861.74,10094.53,2024-03-28
PAY000364,EMP00129,2024-01,13366.7,2378.05,10988.65,2024-01-28
PAY000365,EMP00129,2024-02,13366.7,1523.82,11842.88,2024-02-28
PAY000366,EMP00129,2024-03,13366.7,1409.41,11957.29,2024-03-28
PAY000367,EMP00130,2024-01,3076.79,675.39,2401.4,2024-01-28
PAY000368,EMP00130,2024-02,3076.79,350.55,2726.24,2024-02-28
PAY000369,EMP00130,2024-03,3076.79,394.37,2682.42,2024-03-28
PAY000370,EMP00131,2024-01,10831.97,1588.37,9243.6,2024-01-28
PAY000371,EMP00131,2024-02,10831.97,1565.45,9266.52,2024-02-28
PAY000372,EMP00131,2024-03,10831.97,2317.24,8514.73,2024-03-28
PAY000373,EMP00132,2024-01,13295.5,2191.41,11104.09,2024-01-28
PAY000374,EMP00132,2024-02,13295.5,2266.63,11028.87,2024-02-28
PAY000375,EMP00132,2024-03,13295.5,2488.81,10806.69,2024-03-28
PAY000376,EMP00133,2024-01,16223.91,2897.44,13326.47,2024-01-28
PAY000377,EMP00133,2024-02,16223.91,3245.48,12978.43,2024-02-28
PAY000378,EMP00133,2024-03,16223.91,2820.99,13402.92,2024-03-28
PAY000379,EMP00134,2024-01,17055.32,2278.06,14777.26,2024-01-28
PAY000380,EMP00134,2024-02,17055.32,3118.29,13937.03,2024-02-28
PAY000381,EMP00134,2024-03,17055.32,2150.2,14905.12,2024-03-28
PAY000382,EMP00135,2024-01,9392.79,1205.41,8187.38,2024-01-28
PAY000383,EMP00135,2024-02,9392.79,1348.08,8044.71,2024-02-28
PAY000384,EMP00135,2024-03,9392.79,2044.92,7347.87,2024-03-28
PAY000385,EMP00136,2024-01,8193.69,1705.96,6487.73,2024-01-28
PAY000386,EMP00136,2024-02,8193.69,1453.39,6740.3,2024-02-28
PAY000387,EMP00136,2024-03,8193.69,878.9,7314.79,2024-03-28
PAY000388,EMP00137,2024-01,6776.16,1464.9,5311.26,2024-01-28
PAY000389,EMP00137,2024-02,6776.16,1449.29,5326.87,2024-02-28
PAY000390,EMP00137,2024-03,6776.16,1347.8,5428.36,2024-03-28
PAY000391,EMP00138,2024-01,3920.94,491.89,3429.05,2024-01-28
PAY000392,EMP00138,2024-02,3920.94,692.98,3227.96,2024-02-28
PAY000393,EMP00138,2024-03,3920.94,849.01,3071.93,2024-03-28
PAY000394,EMP00139,2024-01,3283.97,459.83,2824.14,2024-01-28
PAY000395,EMP00139,2024-02,3283.97,718.07,2565.9,2024-02-28
PAY000396,EMP00139,2024-03,3283.97,638.53,2645.44,2024-03-28
PAY000397,EMP00140,2024-01,5680.69,1133.74,4546.95,2024-01-28
PAY000398,EMP00140,2024-02,5680.69,945.86,4734.83,2024-02-28
PAY000399,EMP00140,2024-03,5680.69,967.8,4712.89,2024-03-28
PAY000400,EMP00141,2024-01,15102.32,1932.49,13169.83,2024-01-28
PAY000401,EMP00141,2024-02,15102.32,2913.6,12188.72,2024-02-28
PAY000402,EMP00141,2024-03,15102.32,2939.47,12162.85,2024-03-28
PAY000403,EMP00142,2024-01,11737.72,1564.32,10173.4,2024-01-28
PAY000404,EMP00142,2024-02,11737.72,2559.8,9177.92,2024-02-28
PAY000405,EMP00142,2024-03,11737.72,2564.73,9172.99,2024-03-28
PAY000406,EMP00143,2024-01,10873.34,2129.24,8744.1,2024-01-28
PAY000407,EMP00143,2024-02,10873.34,1230.77,9642.57,2024-02-28
PAY000408,EMP00143,2024-03,10873.34,2217.88,8655.46,2024-03-28
PAY000409,EMP00144,2024-01,4542.95,649.59,3893.36,2024-01-28
PAY000410,EMP00144,2024-02,4542.95,884.11,3658.84,2024-02-28
PAY000411,EMP00144,2024-03,4542.95,775.31,3767.64,2024-03-28
PAY000412,EMP00145,2024-01,2744.61,361.86,2382.75,2024-01-28
PAY000413,EMP00145,2024-02,2744.61,316.21,2428.4,2024-02-28
PAY000414,EMP00145,2024-03,2744.61,413.11,2331.5,2024-03-28
PAY000415,EMP00146,2024-01,4261.56,458.66,3802.9,2024-01-28
PAY000416,EMP00146,2024-02,4261.56,655.4,3606.16,2024-02-28
PAY000417,EMP00146,2024-03,4261.56,611.3,3650.26,2024-03-28
PAY000418,EMP00147,2024-01,11701.82,1804.9,9896.92,2024-01-28
PAY000419,EMP00147,2024-02,11701.82,1481.29,10220.53,2024-02-28
PAY000420,EMP00147,2024-03,11701.82,2033.93,9667.89,2024-03-28
PAY000421,EMP00148,2024-01,13772.27,2879.1,10893.17,2024-01-28
PAY000422,EMP00148,2024-02,13772.27,2466.18,11306.09,2024-02-28
PAY000423,EMP00148,2024-03,13772.27,1875.72,11896.55,2024-03-28
PAY000424,EMP00149,2024-01,12471.78,1293.8,11177.98,2024-01-28
PAY000425,EMP00149,2024-02,12471.78,2741.68,9730.1,2024-02-28
PAY000426,EMP00149,2024-03,12471.78,2515.26,9956.52,2024-03-28
PAY000427,EMP00150,2024-01,9107.24,1028.71,8078.53,2024-01-28
PAY000428,EMP00150,2024-02,9107.24,1689.29,7417.95,2024-02-28
PAY000429,EMP00150,2024-03,9107.24,1395.48,7711.76,2024-03-28
PAY000430,EMP00151,2024-01,16438.63,2279.27,14159.36,2024-01-28
PAY000431,EMP00151,2024-02,16438.63,1936.47,14502.16,2024-02-28
PAY000432,EMP00151,2024-03,16438.63,1892.79,14545.84,2024-03-28
PAY000433,EMP00152,2024-01,12176.92,2073.04,10103.88,2024-01-28
PAY000434,EMP00152,2024-02,12176.92,2258.31,9918.61,2024-02-28
PAY000435,EMP00152,2024-03,12176.92,1774.28,10402.64,2024-03-28
PAY000436,EMP00153,2024-01,11759.57,1592.1,10167.47,2024-01-28
PAY000437,EMP00153,2024-02,11759.57,1889.36,9870.21,2024-02-28
PAY000438,EMP00153,2024-03,11759.57,1783.03,9976.54,2024-03-28
PAY000439,EMP00154,2024-01,14792.99,1682.4,13110.59,2024-01-28
PAY000440,EMP00154,2024-02,14792.99,2641.52,12151.47,2024-02-28
PAY000441,EMP00154,2024-03,14792.99,3037.37,11755.62,2024-03-28
PAY000442,EMP00155,2024-01,11045.7,2251.77,8793.93,2024-01-28
PAY000443,EMP00155,2024-02,11045.7,1674.62,9371.08,2024-02-28
PAY000444,EMP00155,2024-03,11045.7,2281.72,8763.98,2024-03-28
PAY000445,EMP00156,2024-01,8914.11,1776.5,7137.61,2024-01-28
PAY000446,EMP00156,2024-02,8914.11,1317.93,7596.18,2024-02-28
PAY000447,EMP00156,2024-03,8914.11,1671.87,7242.24,2024-03-28
PAY000448,EMP00157,2024-01,7344.5,1009.89,6334.61,2024-01-28
PAY000449,EMP00157,2024-02,7344.5,959.09,6385.41,2024-02-28
PAY000450,EMP00157,2024-03,7344.5,1574.89,5769.61,2024-03-28
PAY000451,EMP00158,2024-01,13145.73,2062.72,11083.01,2024-01-28
PAY000452,EMP00158,2024-02,13145.73,1458.48,11687.25,2024-02-28
PAY000453,EMP00158,2024-03,13145.73,1449.23,11696.5,2024-03-28
PAY000454,EMP00159,2024-01,9194.09,1740.91,7453.18,2024-01-28
PAY000455,EMP00159,2024-02,9194.09,1330.55,7863.54,2024-02-28
PAY000456,EMP00159,2024-03,9194.09,1062.96,8131.13,2024-03-28
PAY000457,EMP00161,2024-01,3429.71,736.68,2693.03,2024-01-28
PAY000458,EMP00161,2024-02,3429.71,574.14,2855.57,2024-02-28
PAY000459,EMP00161,2024-03,3429.71,618.73,2810.98,2024-03-28
PAY000460,EMP00162,2024-01,8867.53,1816.36,7051.17,2024-01-28
PAY000461,EMP00162,2024-02,8867.53,1888.21,6979.32,2024-02-28
PAY000462,EMP00162,2024-03,8867.53,1336.8,7530.73,2024-03-28
PAY000463,EMP00163,2024-01,16695.58,1772.63,14922.95,2024-01-28
PAY000464,EMP00163,2024-02,16695.58,2245.81,14449.77,2024-02-28
PAY000465,EMP00163,2024-03,16695.58,2295.54,14400.04,2024-03-28
PAY000466,EMP00164,2024-01,4105.81,660.58,3445.23,2024-01-28
PAY000467,EMP00164,2024-02,4105.81,486.82,3618.99,2024-02-28
PAY000468,EMP00164,2024-03,4105.81,648.15,3457.66,2024-03-28
PAY000469,EMP00165,2024-01,15632.76,2220.07,13412.69,2024-01-28
PAY000470,EMP00165,2024-02,15632.76,2606.79,13025.97,2024-02-28
PAY000471,EMP00165,2024-03,15632.76,1778.79,13853.97,2024-03-28
PAY000472,EMP00166,2024-01,6817.81,866.81,5951.0,2024-01-28
PAY000473,EMP00166,2024-02,6817.81,1032.85,5784.96,2024-02-28
PAY000474,EMP00166,2024-03,6817.81,1140.73,5677.08,2024-03-28
PAY000475,EMP00167,2024-01,14395.2,2513.5,11881.7,2024-01-28
PAY000476,EMP00167,2024-02,14395.2,2605.49,11789.71,2024-02-28
PAY000477,EMP00167,2024-03,14395.2,2401.25,11993.95,2024-03-28
PAY000478,EMP00168,2024-01,11939.42,2136.44,9802.98,2024-01-28
PAY000479,EMP00168,2024-02,11939.42,2187.5,9751.92,2024-02-28
PAY000480,EMP00168,2024-03,11939.42,1235.42,10704.0,2024-03-28
PAY000481,EMP00169,2024-01,6735.69,1289.81,5445.88,2024-01-28
PAY000482,EMP00169,2024-02,6735.69,1418.43,5317.26,2024-02-28
PAY000483,EMP00169,2024-03,6735.69,957.3,5778.39,2024-03-28
PAY000484,EMP00170,2024-01,5311.79,622.49,4689.3,2024-01-28
PAY000485,EMP00170,2024-02,5311.79,950.18,4361.61,2024-02-28
PAY000486,EMP00170,2024-03,5311.79,575.53,4736.26,2024-03-28
PAY000487,EMP00171,2024-01,13985.02,3029.4,10955.62,2024-01-28
PAY000488,EMP00171,2024-02,13985.02,1552.49,12432.53,2024-02-28
PAY000489,EMP00171,2024-03,13985.02,2288.76,11696.26,2024-03-28
PAY000490,EMP00172,2024-01,8331.01,1286.62,7044.39,2024-01-28
PAY000491,EMP00172,2024-02,8331.01,990.47,7340.54,2024-02-28
PAY000492,EMP00172,2024-03,8331.01,1144.65,7186.36,2024-03-28
PAY000493,EMP00173,2024-01,7527.93,1603.21,5924.72,2024-01-28
PAY000494,EMP00173,2024-02,7527.93,1291.39,6236.54,2024-02-28
PAY000495,EMP00173,2024-03,7527.93,1550.76,5977.17,2024-03-28
PAY000496,EMP00174,2024-01,4911.49,935.8,3975.69,2024-01-28
PAY000497,EMP00174,2024-02,4911.49,520.48,4391.01,2024-02-28
PAY000498,EMP00174,2024-03,4911.49,539.23,4372.26,2024-03-28
PAY000499,EMP00175,2024-01,9368.25,1413.5,7954.75,2024-01-28
PAY000500,EMP00175,2024-02,9368.25,1619.29,7748.96,2024-02-28
PAY000501,EMP00175,2024-03,9368.25,1402.45,7965.8,2024-03-28
PAY000502,EMP00176,2024-01,5841.32,943.27,4898.05,2024-01-28
PAY000503,EMP00176,2024-02,5841.32,826.08,5015.24,2024-02-28
PAY000504,EMP00176,2024-03,5841.32,661.86,5179.46,2024-03-28
PAY000505,EMP00177,2024-01,13012.38,2227.41,10784.97,2024-01-28
PAY000506,EMP00177,2024-02,13012.38,2124.04,10888.34,2024-02-28
PAY000507,EMP00177,2024-03,13012.38,1782.83,11229.55,2024-03-28
PAY000508,EMP00178,2024-01,5918.04,1290.92,4627.12,2024-01-28
PAY000509,EMP00178,2024-02,5918.04,630.71,5287.33,2024-02-28
PAY000510,EMP00178,2024-03,5918.04,736.98,5181.06,2024-03-28
PAY000511,EMP00179,2024-01,17152.52,3294.69,13857.83,2024-01-28
PAY000512,EMP00179,2024-02,17152.52,3288.13,13864.39,2024-02-28
PAY000513,EMP00179,2024-03,17152.52,2311.02,14841.5,2024-03-28
PAY000514,EMP00180,2024-01,4359.76,696.19,3663.57,2024-01-28
PAY000515,EMP00180,2024-02,4359.76,661.28,3698.48,2024-02-28
PAY000516,EMP00180,2024-03,4359.76,503.56,3856.2,2024-03-28
PAY000517,EMP00181,2024-01,10755.03,1372.48,9382.55,2024-01-28
PAY000518,EMP00181,2024-02,10755.03,1796.59,8958.44,2024-02-28
PAY000519,EMP00181,2024-03,10755.03,1937.69,8817.34,2024-03-28
PAY000520,EMP00182,2024-01,7989.59,1179.65,6809.94,2024-01-28
PAY000521,EMP00182,2024-02,7989.59,1510.39,6479.2,2024-02-28
PAY000522,EMP00182,2024-03,7989.59,1217.18,6772.41,2024-03-28
PAY000523,EMP00183,2024-01,9626.19,1052.56,8573.63,2024-01-28
PAY000524,EMP00183,2024-02,9626.19,1324.25,8301.94,2024-02-28
PAY000525,EMP00183,2024-03,9626.19,1458.5,8167.69,2024-03-28
PAY000526,EMP00184,2024-01,8768.55,1550.43,7218.12,2024-01-28
PAY000527,EMP00184,2024-02,8768.55,1181.49,7587.06,2024-02-28
PAY000528,EMP00184,2024-03,8768.55,1303.04,7465.51,2024-03-28
PAY000529,EMP00185,2024-01,17476.1,2108.05,15368.05,2024-01-28
PAY000530,EMP00185,2024-02,17476.1,3734.88,13741.22,2024-02-28
PAY000531,EMP00185,2024-03,17476.1,2712.49,14763.61,2024-03-28
PAY000532,EMP00186,2024-01,13188.96,1891.59,11297.37,2024-01-28
PAY000533,EMP00186,2024-02,13188.96,2010.07,11178.89,2024-02-28
PAY000534,EMP00186,2024-03,13188.96,1486.44,11702.52,2024-03-28
PAY000535,EMP00187,2024-01,9252.99,1369.94,7883.05,2024-01-28
PAY000536,EMP00187,2024-02,9252.99,1012.63,8240.36,2024-02-28
PAY000537,EMP00187,2024-03,9252.99,1891.89,7361.1,2024-03-28
PAY000538,EMP00188,2024-01,14059.97,1779.83,12280.14,2024-01-28
PAY000539,EMP00188,2024-02,14059.97,2720.52,11339.45,2024-02-28
PAY000540,EMP00188,2024-03,14059.97,1534.86,12525.11,2024-03-28
PAY000541,EMP00189,2024-01,12314.98,2015.62,10299.36,2024-01-28
PAY000542,EMP00189,2024-02,12314.98,1518.05,10796.93,2024-02-28
PAY000543,EMP00189,2024-03,12314.98,2378.61,9936.37,2024-03-28
PAY000544,EMP00190,2024-01,7942.05,1707.44,6234.61,2024-01-28
PAY000545,EMP00190,2024-02,7942.05,1409.34,6532.71,2024-02-28
PAY000546,EMP00190,2024-03,7942.05,934.96,7007.09,2024-03-28
PAY000547,EMP00191,2024-01,4093.47,535.08,3558.39,2024-01-28
PAY000548,EMP00191,2024-02,4093.47,494.57,3598.9,2024-02-28
PAY000549,EMP00191,2024-03,4093.47,484.44,3609.03,2024-03-28
PAY000550,EMP00192,2024-01,14266.86,1555.69,12711.17,2024-01-28
PAY000551,EMP00192,2024-02,14266.86,3055.32,11211.54,2024-02-28
PAY000552,EMP00192,2024-03,14266.86,2501.75,11765.11,2024-03-28
PAY000553,EMP00193,2024-01,9691.27,1624.72,8066.55,2024-01-28
PAY000554,EMP00193,2024-02,9691.27,1643.02,8048.25,2024-02-28
PAY000555,EMP00193,2024-03,9691.27,1761.25,7930.02,2024-03-28
PAY000556,EMP00194,2024-01,16171.75,2864.97,13306.78,2024-01-28
PAY000557,EMP00194,2024-02,16171.75,3531.65,12640.1,2024-02-28
PAY000558,EMP00194,2024-03,16171.75,2244.4,13927.35,2024-03-28
PAY000559,EMP00195,2024-01,17550.08,2420.8,15129.28,2024-01-28
PAY000560,EMP00195,2024-02,17550.08,2681.15,14868.93,2024-02-28
PAY000561,EMP00195,2024-03,17550.08,2742.56,14807.52,2024-03-28
PAY000562,EMP00196,2024-01,12286.47,2402.74,9883.73,2024-01-28
PAY000563,EMP00196,2024-02,12286.47,2100.62,10185.85,2024-02-28
PAY000564,EMP00196,2024-03,12286.47,1747.54,10538.93,2024-03-28
PAY000565,EMP00197,2024-01,3649.96,567.24,3082.72,2024-01-28
PAY000566,EMP00197,2024-02,3649.96,381.47,3268.49,2024-02-28
PAY000567,EMP00197,2024-03,3649.96,526.5,3123.46,2024-03-28
PAY000568,EMP00198,2024-01,6949.69,1232.6,5717.09,2024-01-28
PAY000569,EMP00198,2024-02,6949.69,1510.06,5439.63,2024-02-28
PAY000570,EMP00198,2024-03,6949.69,770.27,6179.42,2024-03-28
PAY000571,EMP00199,2024-01,11708.24,1711.02,9997.22,2024-01-28
PAY000572,EMP00199,2024-02,11708.24,1986.18,9722.06,2024-02-28
PAY000573,EMP00199,2024-03,11708.24,2511.51,9196.73,2024-03-28
PAY000574,EMP00200,2024-01,13953.28,1464.02,12489.26,2024-01-28
PAY000575,EMP00200,2024-02,13953.28,2917.44,11035.84,2024-02-28
PAY000576,EMP00200,2024-03,13953.28,2352.51,11600.77,2024-03-28
PAY000577,EMP00201,2024-01,5417.71,935.1,4482.61,2024-01-28
PAY000578,EMP00201,2024-02,5417.71,867.72,4549.99,2024-02-28
PAY000579,EMP00201,2024-03,5417.71,1164.41,4253.3,2024-03-28
PAY000580,EMP00202,2024-01,9483.11,1871.17,7611.94,2024-01-28
PAY000581,EMP00202,2024-02,9483.11,1901.22,7581.89,2024-02-28
PAY000582,EMP00202,2024-03,9483.11,2066.24,7416.87,2024-03-28
PAY000583,EMP00203,2024-01,3807.1,675.89,3131.21,2024-01-28
PAY000584,EMP00203,2024-02,3807.1,398.59,3408.51,2024-02-28
PAY000585,EMP00203,2024-03,3807.1,703.99,3103.11,2024-03-28
PAY000586,EMP00204,2024-01,17860.28,2909.23,14951.05,2024-01-28
PAY000587,EMP00204,2024-02,17860.28,3092.98,14767.3,2024-02-28
PAY000588,EMP00204,2024-03,17860.28,2565.95,15294.33,2024-03-28
PAY000589,EMP00205,2024-01,16728.02,2450.49,14277.53,2024-01-28
PAY000590,EMP00205,2024-02,16728.02,3227.43,13500.59,2024-02-28
PAY000591,EMP00205,2024-03,16728.02,3035.6,13692.42,2024-03-28
PAY000592,EMP00206,2024-01,3311.67,581.88,2729.79,2024-01-28
PAY000593,EMP00206,2024-02,3311.67,464.16,2847.51,2024-02-28
PAY000594,EMP00206,2024-03,3311.67,462.19,2849.48,2024-03-28
PAY000595,EMP00207,2024-01,11148.43,1631.99,9516.44,2024-01-28
PAY000596,EMP00207,2024-02,11148.43,1451.97,9696.46,2024-02-28
PAY000597,EMP00207,2024-03,11148.43,2254.08,8894.35,2024-03-28
PAY000598,EMP00208,2024-01,17448.36,3006.77,14441.59,2024-01-28
PAY000599,EMP00208,2024-02,17448.36,2059.69,15388.67,2024-02-28
PAY000600,EMP00208,2024-03,17448.36,1915.49,15532.87,2024-03-28
PAY000601,EMP00209,2024-01,12785.99,2685.18,10100.81,2024-01-28
PAY000602,EMP00209,2024-02,12785.99,1754.59,11031.4,2024-02-28
PAY000603,EMP00209,2024-03,12785.99,2285.2,10500.79,2024-03-28
PAY000604,EMP00210,2024-01,12763.09,1473.81,11289.28,2024-01-28
PAY000605,EMP00210,2024-02,12763.09,2361.94,10401.15,2024-02-28
PAY000606,EMP00210,2024-03,12763.09,1406.06,11357.03,2024-03-28
PAY000607,EMP00212,2024-01,11163.29,1978.35,9184.94,2024-01-28
PAY000608,EMP00212,2024-02,11163.29,1556.35,9606.94,2024-02-28
PAY000609,EMP00212,2024-03,11163.29,1287.52,9875.77,2024-03-28
PAY000610,EMP00213,2024-01,13393.88,2861.64,10532.24,2024-01-28
PAY000611,EMP00213,2024-02,13393.88,2942.1,10451.78,2024-02-28
PAY000612,EMP00213,2024-03,13393.88,2805.93,10587.95,2024-03-28
PAY000613,EMP00214,2024-01,3948.52,712.53,3235.99,2024-01-28
PAY000614,EMP00214,2024-02,3948.52,635.79,3312.73,2024-02-28
PAY000615,EMP00214,2024-03,3948.52,403.49,3545.03,2024-03-28
PAY000616,EMP00215,2024-01,7287.42,1560.53,5726.89,2024-01-28
PAY000617,EMP00215,2024-02,7287.42,1027.58,6259.84,2024-02-28
PAY000618,EMP00215,2024-03,7287.42,1398.74,5888.68,2024-03-28
PAY000619,EMP00216,2024-01,5476.08,1204.72,4271.36,2024-01-28
PAY000620,EMP00216,2024-02,5476.08,649.43,4826.65,2024-02-28
PAY000621,EMP00216,2024-03,5476.08,741.98,4734.1,2024-03-28
PAY000622,EMP00217,2024-01,14715.86,2368.12,12347.74,2024-01-28
PAY000623,EMP00217,2024-02,14715.86,2424.77,12291.09,2024-02-28
PAY000624,EMP00217,2024-03,14715.86,2775.96,11939.9,2024-03-28
PAY000625,EMP00218,2024-01,10661.24,1912.96,8748.28,2024-01-28
PAY000626,EMP00218,2024-02,10661.24,2187.34,8473.9,2024-02-28
PAY000627,EMP00218,2024-03,10661.24,1856.8,8804.44,2024-03-28
PAY000628,EMP00219,2024-01,11757.32,1393.36,10363.96,2024-01-28
PAY000629,EMP00219,2024-02,11757.32,1430.88,10326.44,2024-02-28
PAY000630,EMP00219,2024-03,11757.32,2153.25,9604.07,2024-03-28
PAY000631,EMP00220,2024-01,12183.48,2538.05,9645.43,2024-01-28
PAY000632,EMP00220,2024-02,12183.48,2272.73,9910.75,2024-02-28
PAY000633,EMP00220,2024-03,12183.48,1282.23,10901.25,2024-03-28
PAY000634,EMP00221,2024-01,8146.64,1518.13,6628.51,2024-01-28
PAY000635,EMP00221,2024-02,8146.64,1762.53,6384.11,2024-02-28
PAY000636,EMP00221,2024-03,8146.64,1411.58,6735.06,2024-03-28
PAY000637,EMP00222,2024-01,14162.06,2748.23,11413.83,2024-01-28
PAY000638,EMP00222,2024-02,14162.06,1813.88,12348.18,2024-02-28
PAY000639,EMP00222,2024-03,14162.06,1822.66,12339.4,2024-03-28
PAY000640,EMP00223,2024-01,17466.75,3390.72,14076.03,2024-01-28
PAY000641,EMP00223,2024-02,17466.75,3641.41,13825.34,2024-02-28
PAY000642,EMP00223,2024-03,17466.75,2153.33,15313.42,2024-03-28
PAY000643,EMP00224,2024-01,13013.76,2192.17,10821.59,2024-01-28
PAY000644,EMP00224,2024-02,13013.76,1989.44,11024.32,2024-02-28
PAY000645,EMP00224,2024-03,13013.76,2502.97,10510.79,2024-03-28
PAY000646,EMP00225,2024-01,14560.92,2334.83,12226.09,2024-01-28
PAY000647,EMP00225,2024-02,14560.92,2187.62,12373.3,2024-02-28
PAY000648,EMP00225,2024-03,14560.92,1739.26,12821.66,2024-03-28
PAY000649,EMP00226,2024-01,5595.31,965.52,4629.79,2024-01-28
PAY000650,EMP00226,2024-02,5595.31,1145.7,4449.61,2024-02-28
PAY000651,EMP00226,2024-03,5595.31,594.57,5000.74,2024-03-28
PAY000652,EMP00227,2024-01,9949.16,1438.11,8511.05,2024-01-28
PAY000653,EMP00227,2024-02,9949.16,2110.37,7838.79,2024-02-28
PAY000654,EMP00227,2024-03,9949.16,1844.26,8104.9,2024-03-28
PAY000655,EMP00228,2024-01,10496.6,1206.7,9289.9,2024-01-28
PAY000656,EMP00228,2024-02,10496.6,1155.31,9341.29,2024-02-28
PAY000657,EMP00228,2024-03,10496.6,1251.59,9245.01,2024-03-28
PAY000658,EMP00229,2024-01,9464.45,1529.48,7934.97,2024-01-28
PAY000659,EMP00229,2024-02,9464.45,1890.29,7574.16,2024-02-28
PAY000660,EMP00229,2024-03,9464.45,1050.61,8413.84,2024-03-28
PAY000661,EMP00230,2024-01,16612.83,3289.41,13323.42,2024-01-28
PAY000662,EMP00230,2024-02,16612.83,3424.83,13188.0,2024-02-28
PAY000663,EMP00230,2024-03,16612.83,3516.22,13096.61,2024-03-28
PAY000664,EMP00231,2024-01,8930.9,1317.97,7612.93,2024-01-28
PAY000665,EMP00231,2024-02,8930.9,1293.87,7637.03,2024-02-28
PAY000666,EMP00231,2024-03,8930.9,1306.95,7623.95,2024-03-28
PAY000667,EMP00232,2024-01,3764.88,477.93,3286.95,2024-01-28
PAY000668,EMP00232,2024-02,3764.88,520.47,3244.41,2024-02-28
PAY000669,EMP00232,2024-03,3764.88,421.25,3343.63,2024-03-28
PAY000670,EMP00233,2024-01,13577.92,1904.1,11673.82,2024-01-28
PAY000671,EMP00233,2024-02,13577.92,1595.76,11982.16,2024-02-28
PAY000672,EMP00233,2024-03,13577.92,1420.2,12157.72,2024-03-28
PAY000673,EMP00234,2024-01,16719.64,2619.88,14099.76,2024-01-28
PAY000674,EMP00234,2024-02,16719.64,3339.47,13380.17,2024-02-28
PAY000675,EMP00234,2024-03,16719.64,3194.47,13525.17,2024-03-28
PAY000676,EMP00235,2024-01,9771.21,1698.64,8072.57,2024-01-28
PAY000677,EMP00235,2024-02,9771.21,2039.28,7731.93,2024-02-28
PAY000678,EMP00235,2024-03,9771.21,999.4,8771.81,2024-03-28
PAY000679,EMP00236,2024-01,5842.65,689.1,5153.55,2024-01-28
PAY000680,EMP00236,2024-02,5842.65,1243.47,4599.18,2024-02-28
PAY000681,EMP00236,2024-03,5842.65,1011.16,4831.49,2024-03-28
PAY000682,EMP00237,2024-01,9060.45,1749.94,7310.51,2024-01-28
PAY000683,EMP00237,2024-02,9060.45,1164.42,7896.03,2024-02-28
PAY000684,EMP00237,2024-03,9060.45,1038.53,8021.92,2024-03-28
PAY000685,EMP00238,2024-01,6195.81,1094.64,5101.17,2024-01-28
PAY000686,EMP00238,2024-02,6195.81,1082.64,5113.17,2024-02-28
PAY000687,EMP00238,2024-03,6195.81,666.28,5529.53,2024-03-28
PAY000688,EMP00239,2024-01,15468.66,2474.67,12993.99,2024-01-28
PAY000689,EMP00239,2024-02,15468.66,2541.91,12926.75,2024-02-28
PAY000690,EMP00239,2024-03,15468.66,2719.93,12748.73,2024-03-28
PAY000691,EMP00240,2024-01,11413.24,2125.43,9287.81,2024-01-28
PAY000692,EMP00240,2024-02,11413.24,1540.25,9872.99,2024-02-28
PAY000693,EMP00240,2024-03,11413.24,1143.47,10269.77,2024-03-28
PAY000694,EMP00241,2024-01,7968.65,1342.56,6626.09,2024-01-28
PAY000695,EMP00241,2024-02,7968.65,975.98,6992.67,2024-02-28
PAY000696,EMP00241,2024-03,7968.65,1435.84,6532.81,2024-03-28
PAY000697,EMP00242,2024-01,10614.01,1520.7,9093.31,2024-01-28
PAY000698,EMP00242,2024-02,10614.01,2275.73,8338.28,2024-02-28
PAY000699,EMP00242,2024-03,10614.01,1754.39,8859.62,2024-03-28
PAY000700,EMP00243,2024-01,14689.39,2363.74,12325.65,2024-01-28
PAY000701,EMP00243,2024-02,14689.39,1504.78,13184.61,2024-02-28
PAY000702,EMP00243,2024-03,14689.39,3008.38,11681.01,2024-03-28
PAY000703,EMP00244,2024-01,3174.78,464.87,2709.91,2024-01-28
PAY000704,EMP00244,2024-02,3174.78,459.7,2715.08,2024-02-28
PAY000705,EMP00244,2024-03,3174.78,602.19,2572.59,2024-03-28
PAY000706,EMP00245,2024-01,8034.96,868.64,7166.32,2024-01-28
PAY000707,EMP00245,2024-02,8034.96,1035.99,6998.97,2024-02-28
PAY000708,EMP00245,2024-03,8034.96,1437.07,6597.89,2024-03-28
PAY000709,EMP00246,2024-01,4106.79,697.45,3409.34,2024-01-28
PAY000710,EMP00246,2024-02,4106.79,783.58,3323.21,2024-02-28
PAY000711,EMP00246,2024-03,4106.79,476.43,3630.36,2024-03-28
PAY000712,EMP00247,2024-01,7960.64,1119.47,6841.17,2024-01-28
PAY000713,EMP00247,2024-02,7960.64,1410.11,6550.53,2024-02-28
PAY000714,EMP00247,2024-03,7960.64,1589.31,6371.33,2024-03-28
PAY000715,EMP00248,2024-01,13112.58,2854.59,10257.99,2024-01-28
PAY000716,EMP00248,2024-02,13112.58,2064.23,11048.35,2024-02-28
PAY000717,EMP00248,2024-03,13112.58,1598.07,11514.51,2024-03-28
PAY000718,EMP00249,2024-01,4590.22,853.44,3736.78,2024-01-28
PAY000719,EMP00249,2024-02,4590.22,978.78,3611.44,2024-02-28
PAY000720,EMP00249,2024-03,4590.22,479.39,4110.83,2024-03-28
PAY000721,EMP00250,2024-01,5624.66,1096.43,4528.23,2024-01-28
PAY000722,EMP00250,2024-02,5624.66,1160.34,4464.32,2024-02-28
PAY000723,EMP00250,2024-03,5624.66,775.48,4849.18,2024-03-28
