employee_id,employee_name,department_id,position_id,hire_date,employment_status,location
EMP00001,Allison Hill,DEPT009,POS0024,2019-05-27,Terminated,East Jill
EMP00002,Stephanie Miller,DEPT005,POS0014,2022-03-31,Active,Johnsonland
EMP00003,Jonathan Johnson,DEPT012,POS0032,2021-04-15,Active,Lake Debra
EMP00004,Connie Lawrence,DEPT002,POS0006,2024-12-08,Active,Port Lindachester
EMP00005,Christopher Bernard,DEPT003,POS0008,2022-01-21,Active,Curtisfurt
EMP00006,Ryan Munoz,DEPT002,POS0005,2018-10-12,Active,Lake Stephenville
EMP00007,Jamie Arnold,DEPT010,POS0027,2020-07-22,Active,Barbaraland
EMP00008,Darren Roberts,DEPT002,POS0006,2018-11-23,Active,Port Jesseville
EMP00009,Jesse Flowers,DEPT009,POS0026,2019-02-18,Active,West Michael
EMP00010,Mia Sutton,DEPT002,POS0005,2023-02-01,Active,New Cynthiaside
EMP00011,Carla Gray,DEPT011,POS0030,2022-02-03,Active,Lake Mark
EMP00012,Amy Underwood,DEPT003,POS0010,2021-12-26,Active,Richardland
EMP00013,Tommy Walter,DEPT010,POS0028,2020-12-29,Active,Jasonfort
EMP00014,Thomas Ellis,DEPT011,POS0030,2018-10-20,Active,Donaldside
EMP00015,Nicole Patterson,DEPT007,POS0019,2019-12-02,Active,Coxberg
EMP00016,Ann Williams,DEPT001,POS0003,2020-09-29,Active,East Courtneychester
EMP00017,Janice Carlson,DEPT012,POS0033,2022-04-04,Active,Riceside
EMP00018,Alexandra Le,DEPT005,POS0014,2024-03-31,Active,Kaylamouth
EMP00019,Jeffrey Chavez,DEPT008,POS0023,2021-08-21,Active,Teresaburgh
EMP00020,Ashley Garrett,DEPT005,POS0014,2018-08-18,Active,East Nathaniel
EMP00021,Troy Nielsen,DEPT007,POS0021,2018-05-12,Active,New Mariotown
EMP00022,Jack Galloway,DEPT002,POS0005,2022-07-02,Active,Johnbury
EMP00023,Theresa Miller,DEPT004,POS0011,2020-05-14,On Leave,Cabreraside
EMP00024,Betty Alvarez,DEPT007,POS0021,2024-05-12,Active,West Allison
EMP00025,Tracey Hickman,DEPT012,POS0032,2021-07-12,Active,Lake Larry
EMP00026,Marie Kim DDS,DEPT006,POS0015,2023-08-07,Active,East Jeffreymouth
EMP00027,Julian Chapman,DEPT008,POS0023,2023-02-23,Active,North Jeanton
EMP00028,Taylor Heath,DEPT008,POS0023,2019-07-26,Active,New Johnfort
EMP00029,Carlos Walls,DEPT011,POS0029,2024-04-18,Active,Sanchezfort
EMP00030,Cheryl Davis,DEPT005,POS0013,2024-07-22,Active,Gomezchester
EMP00031,Nicholas Nunez,DEPT009,POS0026,2024-07-18,Active,North Richardmouth
EMP00032,Ashley Lee,DEPT008,POS0022,2020-06-17,Terminated,Taylorburgh
EMP00033,David Leblanc,DEPT006,POS0017,2019-07-21,Active,Mortonside
EMP00034,Matthew Fernandez,DEPT006,POS0017,2019-01-08,Active,North Sarabury
EMP00035,John Lewis,DEPT010,POS0027,2019-03-26,Active,Barreraburgh
EMP00036,William Baker,DEPT008,POS0022,2019-10-18,Active,Mitchellside
EMP00037,Katelyn Lee,DEPT012,POS0031,2022-09-26,Active,North Beth
EMP00038,Nicole Brown,DEPT010,POS0027,2022-04-26,Active,Shawhaven
EMP00039,Tyler Miller,DEPT011,POS0030,2023-04-02,Active,North Brooke
EMP00040,Cynthia Wilson,DEPT007,POS0019,2024-03-16,Active,New Brooke
EMP00041,Jennifer Silva,DEPT006,POS0016,2018-02-17,Active,Sarahborough
EMP00042,Emily Baker,DEPT012,POS0031,2019-04-15,Active,Lake Debbie
EMP00043,Timothy Walls,DEPT004,POS0011,2024-01-09,Active,South Christineshire
EMP00044,Angel Lewis MD,DEPT002,POS0005,2021-10-25,Active,Nicolebury
EMP00045,Christopher Bass,DEPT002,POS0005,2022-11-16,Active,Cherylhaven
EMP00046,Robert Evans,DEPT004,POS0011,2018-01-14,Terminated,East Josephville
EMP00047,Brittney Campbell,DEPT008,POS0022,2020-12-14,Terminated,Lake Matthew
EMP00048,Sarah Wagner,DEPT005,POS0013,2020-01-02,Active,Rebeccaton
EMP00049,Jeff Hill,DEPT009,POS0025,2019-03-12,Active,West Kellieview
EMP00050,Jeremy Thornton,DEPT004,POS0011,2021-05-07,Active,North Charlesberg
EMP00051,Sandra Aguilar,DEPT006,POS0016,2023-09-11,Active,South David
EMP00052,Steven Flynn,DEPT007,POS0020,2019-09-19,Active,West Jasonbury
EMP00053,Heather Castro,DEPT012,POS0033,2019-10-24,Active,Dicksonberg
EMP00054,Cynthia Martin,DEPT009,POS0024,2023-12-13,On Leave,South Angel
EMP00055,Evelyn Galvan,DEPT011,POS0029,2024-09-19,Active,West Erik
EMP00056,Janet Williams,DEPT002,POS0005,2018-03-21,Active,Walkermouth
EMP00057,Robert Savage,DEPT011,POS0030,2022-01-26,Active,North Donna
EMP00058,Donald Jones,DEPT004,POS0012,2021-06-13,Active,Michaelhaven
EMP00059,William Herrera,DEPT004,POS0011,2020-09-13,Active,North Natalieview
EMP00060,Victor Baker,DEPT004,POS0012,2018-11-19,Active,New Ryanmouth
EMP00061,William Wilson,DEPT006,POS0015,2023-06-14,Active,West Bradley
EMP00062,Joseph Drake,DEPT005,POS0013,2023-12-22,Active,West Ryan
EMP00063,Tammie Hanson,DEPT003,POS0007,2019-06-10,Active,Lake Rachelhaven
EMP00064,Jason Powell,DEPT001,POS0003,2024-03-01,Active,Angelaborough
EMP00065,Todd Byrd,DEPT009,POS0026,2023-12-02,Active,New Ashley
EMP00066,Roy Torres,DEPT012,POS0032,2022-09-30,Terminated,South Kristi
EMP00067,Erica Ramos,DEPT002,POS0006,2024-01-18,Active,New Thomas
EMP00068,Rebecca Jackson,DEPT009,POS0026,2020-04-03,Active,West Zacharymouth
EMP00069,Trevor Young,DEPT004,POS0012,2022-06-23,Terminated,Jeffreyborough
EMP00070,Angel Riggs,DEPT007,POS0020,2022-03-10,Active,South Robertshire
EMP00071,Michael Snyder,DEPT001,POS0002,2023-10-21,Active,East Diana
EMP00072,Paul Carrillo,DEPT012,POS0032,2020-10-12,Active,Port Ronaldburgh
EMP00073,Melissa Marshall,DEPT008,POS0023,2021-10-16,Active,Port David
EMP00074,John Schmidt,DEPT010,POS0027,2024-03-18,Active,Stephaniemouth
EMP00075,Michelle Wagner,DEPT011,POS0029,2020-06-21,Active,Merrittfort
EMP00076,Paul Larsen,DEPT001,POS0002,2018-08-30,Active,Katiehaven
EMP00077,Mr. Jeremiah Reeves,DEPT001,POS0001,2018-05-09,Active,West Matthew
EMP00078,Angela Hernandez,DEPT005,POS0014,2018-10-18,Active,Bensonborough
EMP00079,Jason Daniels,DEPT007,POS0020,2021-02-14,Active,Brownchester
EMP00080,Randy Shah,DEPT008,POS0022,2020-05-27,Active,Port Nicoleshire
EMP00081,Aaron Bell,DEPT011,POS0030,2024-05-27,Active,Castanedachester
EMP00082,Morgan Marsh,DEPT004,POS0011,2020-09-22,Active,South Jeffrey
EMP00083,Allen Rogers,DEPT007,POS0021,2022-07-26,Active,Ramseymouth
EMP00084,Veronica Ferguson,DEPT001,POS0004,2019-02-02,Active,Vargastown
EMP00085,Jeffrey Camacho,DEPT005,POS0014,2021-12-22,Active,North Jorge
EMP00086,Jesse Rogers,DEPT006,POS0015,2023-03-28,Active,Ramirezchester
EMP00087,Bradley Smith,DEPT010,POS0028,2018-08-10,Active,West Jeffreyland
EMP00088,Marissa Webster,DEPT007,POS0021,2019-02-08,Active,East Mary
EMP00089,Cynthia Wells,DEPT002,POS0005,2021-10-21,Active,New Staciemouth
EMP00090,Pamela Jackson,DEPT012,POS0031,2019-03-24,Active,Port Loriport
EMP00091,Alexander Collins,DEPT005,POS0013,2020-02-19,Active,Sandersborough
EMP00092,Michael Burton,DEPT007,POS0021,2019-07-29,Active,Lake Kendraville
EMP00093,Kylie Williams,DEPT004,POS0012,2021-02-14,Active,Stanleyland
EMP00094,Gloria Atkinson,DEPT009,POS0024,2018-11-05,Active,Garciastad
EMP00095,Sandra Zimmerman,DEPT007,POS0019,2024-03-04,Active,Thompsonhaven
EMP00096,Debra Morton,DEPT004,POS0012,2024-01-24,Active,Marshallshire
EMP00097,Samuel Rivas,DEPT002,POS0006,2019-01-18,On Leave,West Nicolebury
EMP00098,Laura Barnett,DEPT003,POS0007,2020-08-26,Active,Anthonymouth
EMP00099,Daniel Salinas,DEPT009,POS0026,2023-06-13,Active,Joshuaview
EMP00100,Kellie Lee,DEPT011,POS0030,2022-07-01,On Leave,Lake Richard
EMP00101,Cynthia Alvarez,DEPT008,POS0022,2019-11-06,Active,Westtown
EMP00102,Daniel Holt,DEPT009,POS0025,2022-05-19,Active,Elizabethstad
EMP00103,Joseph Coleman,DEPT010,POS0027,2023-02-07,Active,Michaelmouth
EMP00104,David Martinez,DEPT009,POS0025,2024-03-26,Active,West David
EMP00105,Pamela Lopez,DEPT008,POS0022,2023-06-17,Active,Lake Todd
EMP00106,Vanessa Warren,DEPT009,POS0026,2021-04-30,Active,Tinaborough
EMP00107,Isaac Turner,DEPT011,POS0030,2018-08-28,Active,West Brandon
EMP00108,Edgar Raymond,DEPT005,POS0014,2024-01-30,Active,Garciatown
EMP00109,Julie Alexander,DEPT011,POS0029,2021-07-08,Active,North Johnny
EMP00110,Ashley Jones,DEPT008,POS0022,2024-07-20,Active,Joneston
EMP00111,Robert Avery,DEPT007,POS0021,2023-12-16,Active,East Davidchester
EMP00112,Rachel Perez,DEPT008,POS0023,2023-09-12,Active,Hayesmouth
EMP00113,Kevin Patterson,DEPT012,POS0033,2020-02-01,Active,New Susanville
EMP00114,Christine Clark,DEPT002,POS0005,2018-10-06,Active,East Johnside
EMP00115,Aaron Hayes,DEPT007,POS0020,2020-08-21,Active,Carterbury
EMP00116,Douglas Heath,DEPT004,POS0011,2024-05-22,Active,Lake Jesusview
EMP00117,Lori Guerrero,DEPT006,POS0015,2024-09-01,Active,South Danny
EMP00118,Chase Baker,DEPT011,POS0030,2018-12-02,Active,North Brian
EMP00119,Linda Holloway,DEPT003,POS0010,2024-07-18,Active,Scottmouth
EMP00120,Melissa Bender,DEPT001,POS0001,2021-07-19,On Leave,Kimton
EMP00121,Morgan Munoz,DEPT008,POS0023,2020-04-16,Active,North Jeremyshire
EMP00122,Alicia Hubbard,DEPT003,POS0009,2021-07-10,Active,Barbaraburgh
EMP00123,Matthew Moon,DEPT012,POS0034,2022-06-10,Active,New Ryan
EMP00124,Tracy Harrison,DEPT003,POS0007,2021-05-13,Active,Cookville
EMP00125,Erin Steele,DEPT010,POS0028,2018-10-25,Active,Elainefurt
EMP00126,Krista Gibson,DEPT006,POS0016,2024-12-19,Terminated,Johnnyville
EMP00127,Jennifer Robertson,DEPT004,POS0011,2019-02-14,Active,Lake Mollymouth
EMP00128,Cody Cox,DEPT009,POS0026,2020-05-23,Active,Garrettton
EMP00129,Joshua Pennington,DEPT006,POS0016,2019-06-27,On Leave,Gilmorefort
EMP00130,William Lynch,DEPT009,POS0026,2018-10-09,Active,Lake Eric
EMP00131,Kristen Davis,DEPT011,POS0029,2022-02-22,Active,South Staceyberg
EMP00132,Dr. Jordan Hill PhD,DEPT007,POS0021,2022-11-30,Active,Sanchezside
EMP00133,Connor Greene,DEPT007,POS0021,2021-05-24,Active,Port Chad
EMP00134,Sarah Morgan,DEPT004,POS0011,2023-12-07,Active,Loriport
EMP00135,Sara Carpenter,DEPT005,POS0014,2024-03-21,Active,Grimesmouth
EMP00136,Haley Arnold,DEPT002,POS0006,2019-03-01,On Leave,Gibsonmouth
EMP00137,Veronica Allen,DEPT004,POS0011,2019-07-05,Active,Hallchester
EMP00138,Patrick Thornton,DEPT009,POS0024,2019-03-15,Active,Hughesberg
EMP00139,Andrew Shaw MD,DEPT011,POS0029,2019-09-29,Active,Port Meganville
EMP00140,Joyce Bowen,DEPT011,POS0029,2024-10-13,Active,Pittsberg
EMP00141,Richard Baker,DEPT009,POS0025,2021-11-05,Active,Santosmouth
EMP00142,Shannon James,DEPT006,POS0016,2020-12-17,Active,Courtneyfort
EMP00143,Amanda Jones,DEPT011,POS0030,2020-10-25,On Leave,Wendyland
EMP00144,Brett Schultz,DEPT009,POS0024,2018-07-28,Active,South Garrettport
EMP00145,Amber Flynn,DEPT002,POS0005,2022-10-01,Active,Michaelchester
EMP00146,Joseph Knight,DEPT011,POS0029,2018-06-30,Active,East Gregory
EMP00147,Janet Vega,DEPT007,POS0021,2019-06-20,Active,Durhamberg
EMP00148,Mark Stevens,DEPT009,POS0026,2020-12-08,Active,Port Stevenport
EMP00149,Brooke Alexander,DEPT007,POS0019,2022-12-15,Active,Vanessaport
EMP00150,Jessica Wright,DEPT007,POS0020,2022-10-18,Active,Jamesfurt
EMP00151,Ashley James,DEPT011,POS0030,2019-04-04,Active,Baileyport
EMP00152,Ronald Foster,DEPT007,POS0019,2019-09-03,Active,New Michelleton
EMP00153,Natasha Wall,DEPT012,POS0031,2022-02-21,Active,Kimberlybury
EMP00154,Heather Fields,DEPT008,POS0022,2019-08-30,Active,Ericaberg
EMP00155,Stephanie Lucas,DEPT003,POS0008,2018-06-21,Active,Kristinaton
EMP00156,Morgan Davis,DEPT011,POS0029,2018-06-13,Active,Markchester
EMP00157,Carlos Ryan,DEPT001,POS0001,2020-05-10,Active,Alyssaview
EMP00158,Dawn Summers,DEPT012,POS0032,2019-02-26,Active,Coffeyport
EMP00159,Gina Wilson,DEPT011,POS0029,2024-04-12,Active,East Karenbury
EMP00160,Misty Whitney,DEPT006,POS0017,2022-07-23,Terminated,Christopherfurt
EMP00161,Joshua Gibson,DEPT010,POS0028,2019-09-26,On Leave,Brendastad
EMP00162,David Johnson,DEPT009,POS0026,2020-08-27,Active,Rosebury
EMP00163,Madison Marshall,DEPT001,POS0004,2019-12-27,Active,Debraville
EMP00164,Tracy Torres,DEPT005,POS0014,2018-04-12,Active,Wilsonbury
EMP00165,Brandy Chavez,DEPT012,POS0033,2021-09-22,Active,Matthewsberg
EMP00166,Mary Bass,DEPT006,POS0016,2022-08-14,Active,Crosbyview
EMP00167,Jacob Ramos,DEPT010,POS0027,2020-10-13,Active,Port Michael
EMP00168,Mrs. Stephanie Newman,DEPT011,POS0030,2019-03-19,Active,South Joshuaville
EMP00169,Samantha Davis,DEPT012,POS0031,2018-06-08,Active,Lake Danielle
EMP00170,Amber Cook,DEPT001,POS0004,2020-06-30,Active,Port Anne
EMP00171,Phillip Clark,DEPT012,POS0034,2023-03-01,Active,Port Molly
EMP00172,Charles Lester,DEPT010,POS0028,2020-07-21,Active,West Micheleberg
EMP00173,Ms. Rebecca Rodriguez,DEPT002,POS0006,2020-03-02,Active,East Alexisbury
EMP00174,Alexis Baker,DEPT003,POS0008,2021-02-15,Active,Lake Robert
EMP00175,Arthur West,DEPT001,POS0003,2021-02-17,Active,Williamville
EMP00176,Daniel Gilbert,DEPT002,POS0005,2023-09-18,Active,Stephentown
EMP00177,John Morales,DEPT002,POS0005,2024-01-06,Active,South Jennifermouth
EMP00178,Bobby Franklin,DEPT004,POS0012,2018-04-24,Active,East Joshuashire
EMP00179,Erika Vang,DEPT003,POS0008,2020-12-05,Active,Shawnchester
EMP00180,Michael Farrell,DEPT010,POS0028,2020-12-23,Active,South Shannon
EMP00181,Gerald Chavez,DEPT006,POS0015,2024-09-09,Active,Blairmouth
EMP00182,Maurice Brooks,DEPT006,POS0017,2021-07-08,Active,Lake Sandra
EMP00183,Ronald Davis,DEPT004,POS0011,2023-09-26,Active,Lake Joanneberg
EMP00184,Laurie Hoffman,DEPT008,POS0023,2024-06-19,Active,Elizabethchester
EMP00185,Maurice Christensen,DEPT012,POS0033,2018-07-01,Active,West Carolinestad
EMP00186,Jordan Moore,DEPT009,POS0024,2018-01-07,Active,Walkerville
EMP00187,Justin Wilson,DEPT006,POS0017,2024-01-15,Active,Audreychester
EMP00188,Vanessa Cardenas,DEPT010,POS0028,2020-03-18,Active,New Sarahview
EMP00189,Donald Farmer,DEPT008,POS0023,2018-10-14,On Leave,Michaelburgh
EMP00190,Kylie Morales,DEPT011,POS0029,2021-09-14,Active,Lake Cynthia
EMP00191,Paul Lewis,DEPT002,POS0005,2019-05-26,Active,Chavezburgh
EMP00192,Nathan Frank,DEPT012,POS0034,2021-05-15,Active,North Ericton
EMP00193,Denise Stanley,DEPT009,POS0024,2022-07-31,Active,Lawsonchester
EMP00194,Paul Wilson,DEPT012,POS0032,2021-04-26,Active,Rodriguezshire
EMP00195,Mr. Andrew Foster,DEPT005,POS0014,2020-02-25,Active,North Jamesborough
EMP00196,Pamela Roberts,DEPT011,POS0029,2022-04-02,Active,North Tylerchester
EMP00197,James Padilla,DEPT003,POS0010,2019-12-14,Active,Charleston
EMP00198,Joe Miller,DEPT008,POS0022,2021-05-17,Active,Barbarashire
EMP00199,Mark Roberts,DEPT001,POS0004,2018-01-02,Active,Smithmouth
EMP00200,Travis Stevens,DEPT012,POS0031,2020-05-10,Active,Christopherville
EMP00201,Kevin Warren,DEPT001,POS0003,2024-07-03,Active,Harrellmouth
EMP00202,Richard Jones,DEPT002,POS0006,2021-08-12,Active,New Williamstad
EMP00203,Tyler Brewer,DEPT007,POS0021,2022-12-17,Active,East Curtis
EMP00204,Christopher Hernandez,DEPT007,POS0020,2023-09-25,Active,East Stephaniefort
EMP00205,Justin Riley,DEPT004,POS0012,2019-11-27,Active,Michellemouth
EMP00206,Barry Ramos,DEPT008,POS0023,2021-03-08,Active,Laurashire
EMP00207,Jordan Collins,DEPT003,POS0009,2024-12-11,Active,Johnsonstad
EMP00208,Angela Lin,DEPT008,POS0022,2020-08-20,Active,New Brookefurt
EMP00209,Julian Conner,DEPT001,POS0002,2020-07-09,Active,South Reginashire
EMP00210,Erica Alvarez,DEPT007,POS0021,2019-08-27,Active,North Shannon
EMP00211,Sara Haas,DEPT001,POS0002,2020-09-29,Terminated,New Debbieton
EMP00212,Jeffrey Gonzales,DEPT003,POS0008,2024-11-08,Active,West Nathan
EMP00213,Jason Morgan,DEPT011,POS0029,2018-10-26,Active,Port Crystalmouth
EMP00214,Brandon Gregory,DEPT012,POS0032,2024-06-15,Active,Johnathanberg
EMP00215,Kevin Thomas,DEPT006,POS0017,2022-04-22,Active,Kylefurt
EMP00216,Michael Miller,DEPT002,POS0005,2020-09-26,Active,Schneidermouth
EMP00217,Meagan Calderon,DEPT011,POS0029,2018-01-23,Active,Lake Ellenhaven
EMP00218,Jack White,DEPT005,POS0013,2019-03-13,Active,West Stacey
EMP00219,Mr. Chad Jones,DEPT004,POS0011,2020-06-15,Active,New Kellihaven
EMP00220,George Miranda,DEPT011,POS0029,2023-10-23,Active,New Nicholas
EMP00221,Ronald Wise,DEPT001,POS0002,2024-04-02,Active,Lake Samuel
EMP00222,Michael Young,DEPT003,POS0007,2019-05-13,Active,Bishopmouth
EMP00223,David Sheppard,DEPT008,POS0022,2023-03-19,Active,Mckeeborough
EMP00224,Travis Joyce,DEPT010,POS0027,2024-04-08,Active,Hammondfurt
EMP00225,Jennifer Martin,DEPT002,POS0005,2022-12-18,Active,Port Cassandra
EMP00226,Amy Castillo,DEPT007,POS0019,2023-08-30,Active,Angelaville
EMP00227,Kelli Martinez,DEPT012,POS0033,2024-02-23,Active,Port Ethanmouth
EMP00228,Brittany Kim,DEPT008,POS0022,2019-10-14,Active,Port Shannon
EMP00229,Alexander Brown,DEPT009,POS0024,2023-04-29,Active,Joeland
EMP00230,Alfred Galvan,DEPT001,POS0002,2020-10-09,Active,Laceyberg
EMP00231,Thomas Kennedy,DEPT009,POS0026,2021-02-09,Active,Port Janice
EMP00232,Aaron Miller,DEPT007,POS0019,2023-11-06,Active,Jasonberg
EMP00233,Monica Rose,DEPT010,POS0027,2020-09-06,Active,Port Keithport
EMP00234,David Fowler,DEPT008,POS0023,2018-11-14,Active,Brownfort
EMP00235,Alexis Robertson,DEPT008,POS0022,2020-08-18,Active,Lake Douglas
EMP00236,Lucas Allen,DEPT010,POS0028,2021-08-02,Active,Lopezland
EMP00237,Heather Ashley,DEPT004,POS0012,2018-11-27,Active,South Morganton
EMP00238,Veronica King,DEPT011,POS0029,2020-08-05,Active,West Kristinastad
EMP00239,Matthew Garcia,DEPT009,POS0024,2019-09-18,Active,Dennisstad
EMP00240,Robin Thompson,DEPT011,POS0029,2018-09-21,Active,Pollardfort
EMP00241,Robin Brown,DEPT004,POS0012,2021-09-17,Active,Johnsonborough
EMP00242,Curtis Williams,DEPT007,POS0020,2022-08-31,Active,Zacharyside
EMP00243,Andrew Lucas,DEPT003,POS0009,2022-09-17,Active,Michaelton
EMP00244,Evelyn Martinez,DEPT008,POS0022,2024-07-20,On Leave,Samuelfurt
EMP00245,Stephanie Hughes,DEPT006,POS0016,2018-03-22,Active,South Heather
EMP00246,Robert Adams,DEPT005,POS0013,2024-06-16,Active,Lake Rogerchester
EMP00247,Samantha Gardner,DEPT008,POS0022,2018-01-25,On Leave,Curtismouth
EMP00248,Elizabeth Morrison,DEPT001,POS0002,2021-05-08,Active,Jacksonmouth
EMP00249,Andrew Berg,DEPT001,POS0003,2022-09-13,Active,Christinachester
EMP00250,William Gould,DEPT005,POS0013,2024-02-15,Active,Lake Danastad
